ISO-10303-21;
HEADER;
FILE_DESCRIPTION(('Open CASCADE Model'),'2;1');
FILE_NAME('Open CASCADE Shape Model','2026-08-07T13:54:52',('Author'),(
    'Open CASCADE'),'Open CASCADE STEP processor 7.9','Open CASCADE 7.9'
  ,'Unknown');
FILE_SCHEMA(('AUTOMOTIVE_DESIGN { 1 0 10303 214 1 1 1 1 }'));
ENDSEC;
DATA;
#1 = APPLICATION_PROTOCOL_DEFINITION('international standard',
  'automotive_design',2000,#2);
#2 = APPLICATION_CONTEXT(
  'core data for automotive mechanical design processes');
#3 = SHAPE_DEFINITION_REPRESENTATION(#4,#10);
#4 = PRODUCT_DEFINITION_SHAPE('','',#5);
#5 = PRODUCT_DEFINITION('design','',#6,#9);
#6 = PRODUCT_DEFINITION_FORMATION('','',#7);
#7 = PRODUCT('Open CASCADE STEP translator 7.9 5',
  'Open CASCADE STEP translator 7.9 5','',(#8));
#8 = PRODUCT_CONTEXT('',#2,'mechanical');
#9 = PRODUCT_DEFINITION_CONTEXT('part definition',#2,'design');
#10 = ADVANCED_BREP_SHAPE_REPRESENTATION('',(#11,#15),#6812);
#11 = AXIS2_PLACEMENT_3D('',#12,#13,#14);
#12 = CARTESIAN_POINT('',(0.,0.,0.));
#13 = DIRECTION('',(0.,0.,1.));
#14 = DIRECTION('',(1.,0.,-0.));
#15 = MANIFOLD_SOLID_BREP('',#16);
#16 = CLOSED_SHELL('',(#17,#109,#191,#273,#355,#584,#2667,#2722,#2793,
    #2842,#2891,#2918,#2994,#3043,#3097,#3146,#3196,#3245,#3299,#3348,
    #3402,#3451,#3501,#3550,#3604,#3653,#3707,#3756,#3806,#3855,#3910,
    #3960,#4014,#4063,#4113,#4140,#4211,#4260,#4309,#4336,#4407,#4456,
    #4505,#4532,#4603,#4652,#4701,#4728,#4799,#4848,#4897,#4924,#4995,
    #5044,#5093,#5120,#5462,#5534,#5873,#5945,#5972,#6087,#6093,#6208,
    #6214,#6327,#6333,#6339,#6524,#6661,#6798,#6805));
#17 = ADVANCED_FACE('',(#18),#32,.F.);
#18 = FACE_BOUND('',#19,.F.);
#19 = EDGE_LOOP('',(#20,#50,#77,#78));
#20 = ORIENTED_EDGE('',*,*,#21,.T.);
#21 = EDGE_CURVE('',#22,#24,#26,.T.);
#22 = VERTEX_POINT('',#23);
#23 = CARTESIAN_POINT('',(70.35000102818,-88.0000013113,10.));
#24 = VERTEX_POINT('',#25);
#25 = CARTESIAN_POINT('',(70.35000102818,-88.0000013113,7.));
#26 = SEAM_CURVE('',#27,(#31,#43),.PCURVE_S1.);
#27 = LINE('',#28,#29);
#28 = CARTESIAN_POINT('',(70.35000102818,-88.0000013113,10.));
#29 = VECTOR('',#30,1.);
#30 = DIRECTION('',(0.,0.,-1.));
#31 = PCURVE('',#32,#37);
#32 = CYLINDRICAL_SURFACE('',#33,1.35);
#33 = AXIS2_PLACEMENT_3D('',#34,#35,#36);
#34 = CARTESIAN_POINT('',(69.00000102818,-88.0000013113,10.));
#35 = DIRECTION('',(0.,0.,-1.));
#36 = DIRECTION('',(-1.,0.,0.));
#37 = DEFINITIONAL_REPRESENTATION('',(#38),#42);
#38 = LINE('',#39,#40);
#39 = CARTESIAN_POINT('',(9.424777960769,0.));
#40 = VECTOR('',#41,1.);
#41 = DIRECTION('',(0.,1.));
#42 = ( GEOMETRIC_REPRESENTATION_CONTEXT(2) 
PARAMETRIC_REPRESENTATION_CONTEXT() REPRESENTATION_CONTEXT('2D SPACE',''
  ) );
#43 = PCURVE('',#32,#44);
#44 = DEFINITIONAL_REPRESENTATION('',(#45),#49);
#45 = LINE('',#46,#47);
#46 = CARTESIAN_POINT('',(3.14159265359,0.));
#47 = VECTOR('',#48,1.);
#48 = DIRECTION('',(0.,1.));
#49 = ( GEOMETRIC_REPRESENTATION_CONTEXT(2) 
PARAMETRIC_REPRESENTATION_CONTEXT() REPRESENTATION_CONTEXT('2D SPACE',''
  ) );
#50 = ORIENTED_EDGE('',*,*,#51,.T.);
#51 = EDGE_CURVE('',#24,#24,#52,.T.);
#52 = SURFACE_CURVE('',#53,(#58,#65),.PCURVE_S1.);
#53 = CIRCLE('',#54,1.35);
#54 = AXIS2_PLACEMENT_3D('',#55,#56,#57);
#55 = CARTESIAN_POINT('',(69.00000102818,-88.0000013113,7.));
#56 = DIRECTION('',(0.,0.,1.));
#57 = DIRECTION('',(-1.,0.,0.));
#58 = PCURVE('',#32,#59);
#59 = DEFINITIONAL_REPRESENTATION('',(#60),#64);
#60 = LINE('',#61,#62);
#61 = CARTESIAN_POINT('',(12.566370614359,3.));
#62 = VECTOR('',#63,1.);
#63 = DIRECTION('',(-1.,0.));
#64 = ( GEOMETRIC_REPRESENTATION_CONTEXT(2) 
PARAMETRIC_REPRESENTATION_CONTEXT() REPRESENTATION_CONTEXT('2D SPACE',''
  ) );
#65 = PCURVE('',#66,#71);
#66 = PLANE('',#67);
#67 = AXIS2_PLACEMENT_3D('',#68,#69,#70);
#68 = CARTESIAN_POINT('',(2.482116556735E-07,-36.99999976903,7.));
#69 = DIRECTION('',(0.,0.,1.));
#70 = DIRECTION('',(1.,0.,-0.));
#71 = DEFINITIONAL_REPRESENTATION('',(#72),#76);
#72 = CIRCLE('',#73,1.35);
#73 = AXIS2_PLACEMENT_2D('',#74,#75);
#74 = CARTESIAN_POINT('',(69.000000779968,-51.00000154227));
#75 = DIRECTION('',(-1.,0.));
#76 = ( GEOMETRIC_REPRESENTATION_CONTEXT(2) 
PARAMETRIC_REPRESENTATION_CONTEXT() REPRESENTATION_CONTEXT('2D SPACE',''
  ) );
#77 = ORIENTED_EDGE('',*,*,#21,.F.);
#78 = ORIENTED_EDGE('',*,*,#79,.T.);
#79 = EDGE_CURVE('',#22,#22,#80,.T.);
#80 = SURFACE_CURVE('',#81,(#86,#93),.PCURVE_S1.);
#81 = CIRCLE('',#82,1.35);
#82 = AXIS2_PLACEMENT_3D('',#83,#84,#85);
#83 = CARTESIAN_POINT('',(69.00000102818,-88.0000013113,10.));
#84 = DIRECTION('',(0.,0.,-1.));
#85 = DIRECTION('',(-1.,0.,0.));
#86 = PCURVE('',#32,#87);
#87 = DEFINITIONAL_REPRESENTATION('',(#88),#92);
#88 = LINE('',#89,#90);
#89 = CARTESIAN_POINT('',(0.,0.));
#90 = VECTOR('',#91,1.);
#91 = DIRECTION('',(1.,0.));
#92 = ( GEOMETRIC_REPRESENTATION_CONTEXT(2) 
PARAMETRIC_REPRESENTATION_CONTEXT() REPRESENTATION_CONTEXT('2D SPACE',''
  ) );
#93 = PCURVE('',#94,#99);
#94 = PLANE('',#95);
#95 = AXIS2_PLACEMENT_3D('',#96,#97,#98);
#96 = CARTESIAN_POINT('',(2.482116556735E-07,-36.99999976903,10.));
#97 = DIRECTION('',(0.,0.,1.));
#98 = DIRECTION('',(1.,0.,-0.));
#99 = DEFINITIONAL_REPRESENTATION('',(#100),#108);
#100 = ( BOUNDED_CURVE() B_SPLINE_CURVE(2,(#101,#102,#103,#104,#105,#106
,#107),.UNSPECIFIED.,.T.,.F.) B_SPLINE_CURVE_WITH_KNOTS((1,2,2,2,2,1),(
    -2.094395102393,0.,2.094395102393,4.188790204786,6.28318530718,
8.377580409573),.UNSPECIFIED.) CURVE() GEOMETRIC_REPRESENTATION_ITEM() 
RATIONAL_B_SPLINE_CURVE((1.,0.5,1.,0.5,1.,0.5,1.)) REPRESENTATION_ITEM(
  '') );
#101 = CARTESIAN_POINT('',(67.650000779968,-51.00000154227));
#102 = CARTESIAN_POINT('',(67.650000779968,-48.66173295205));
#103 = CARTESIAN_POINT('',(69.675000779968,-49.83086724716));
#104 = CARTESIAN_POINT('',(71.700000779968,-51.00000154227));
#105 = CARTESIAN_POINT('',(69.675000779968,-52.16913583737));
#106 = CARTESIAN_POINT('',(67.650000779968,-53.33827013248));
#107 = CARTESIAN_POINT('',(67.650000779968,-51.00000154227));
#108 = ( GEOMETRIC_REPRESENTATION_CONTEXT(2) 
PARAMETRIC_REPRESENTATION_CONTEXT() REPRESENTATION_CONTEXT('2D SPACE',''
  ) );
#109 = ADVANCED_FACE('',(#110),#124,.F.);
#110 = FACE_BOUND('',#111,.F.);
#111 = EDGE_LOOP('',(#112,#142,#164,#165));
#112 = ORIENTED_EDGE('',*,*,#113,.T.);
#113 = EDGE_CURVE('',#114,#116,#118,.T.);
#114 = VERTEX_POINT('',#115);
#115 = CARTESIAN_POINT('',(76.35,15.,10.));
#116 = VERTEX_POINT('',#117);
#117 = CARTESIAN_POINT('',(76.35,15.,7.));
#118 = SEAM_CURVE('',#119,(#123,#135),.PCURVE_S1.);
#119 = LINE('',#120,#121);
#120 = CARTESIAN_POINT('',(76.35,15.,10.));
#121 = VECTOR('',#122,1.);
#122 = DIRECTION('',(0.,0.,-1.));
#123 = PCURVE('',#124,#129);
#124 = CYLINDRICAL_SURFACE('',#125,1.35);
#125 = AXIS2_PLACEMENT_3D('',#126,#127,#128);
#126 = CARTESIAN_POINT('',(75.,15.,10.));
#127 = DIRECTION('',(0.,0.,-1.));
#128 = DIRECTION('',(-1.,0.,0.));
#129 = DEFINITIONAL_REPRESENTATION('',(#130),#134);
#130 = LINE('',#131,#132);
#131 = CARTESIAN_POINT('',(9.424777960769,0.));
#132 = VECTOR('',#133,1.);
#133 = DIRECTION('',(0.,1.));
#134 = ( GEOMETRIC_REPRESENTATION_CONTEXT(2) 
PARAMETRIC_REPRESENTATION_CONTEXT() REPRESENTATION_CONTEXT('2D SPACE',''
  ) );
#135 = PCURVE('',#124,#136);
#136 = DEFINITIONAL_REPRESENTATION('',(#137),#141);
#137 = LINE('',#138,#139);
#138 = CARTESIAN_POINT('',(3.14159265359,0.));
#139 = VECTOR('',#140,1.);
#140 = DIRECTION('',(0.,1.));
#141 = ( GEOMETRIC_REPRESENTATION_CONTEXT(2) 
PARAMETRIC_REPRESENTATION_CONTEXT() REPRESENTATION_CONTEXT('2D SPACE',''
  ) );
#142 = ORIENTED_EDGE('',*,*,#143,.T.);
#143 = EDGE_CURVE('',#116,#116,#144,.T.);
#144 = SURFACE_CURVE('',#145,(#150,#157),.PCURVE_S1.);
#145 = CIRCLE('',#146,1.35);
#146 = AXIS2_PLACEMENT_3D('',#147,#148,#149);
#147 = CARTESIAN_POINT('',(75.,15.,7.));
#148 = DIRECTION('',(0.,0.,1.));
#149 = DIRECTION('',(-1.,0.,0.));
#150 = PCURVE('',#124,#151);
#151 = DEFINITIONAL_REPRESENTATION('',(#152),#156);
#152 = LINE('',#153,#154);
#153 = CARTESIAN_POINT('',(12.566370614359,3.));
#154 = VECTOR('',#155,1.);
#155 = DIRECTION('',(-1.,0.));
#156 = ( GEOMETRIC_REPRESENTATION_CONTEXT(2) 
PARAMETRIC_REPRESENTATION_CONTEXT() REPRESENTATION_CONTEXT('2D SPACE',''
  ) );
#157 = PCURVE('',#66,#158);
#158 = DEFINITIONAL_REPRESENTATION('',(#159),#163);
#159 = CIRCLE('',#160,1.35);
#160 = AXIS2_PLACEMENT_2D('',#161,#162);
#161 = CARTESIAN_POINT('',(74.999999751788,51.999999769032));
#162 = DIRECTION('',(-1.,0.));
#163 = ( GEOMETRIC_REPRESENTATION_CONTEXT(2) 
PARAMETRIC_REPRESENTATION_CONTEXT() REPRESENTATION_CONTEXT('2D SPACE',''
  ) );
#164 = ORIENTED_EDGE('',*,*,#113,.F.);
#165 = ORIENTED_EDGE('',*,*,#166,.T.);
#166 = EDGE_CURVE('',#114,#114,#167,.T.);
#167 = SURFACE_CURVE('',#168,(#173,#180),.PCURVE_S1.);
#168 = CIRCLE('',#169,1.35);
#169 = AXIS2_PLACEMENT_3D('',#170,#171,#172);
#170 = CARTESIAN_POINT('',(75.,15.,10.));
#171 = DIRECTION('',(0.,0.,-1.));
#172 = DIRECTION('',(-1.,0.,0.));
#173 = PCURVE('',#124,#174);
#174 = DEFINITIONAL_REPRESENTATION('',(#175),#179);
#175 = LINE('',#176,#177);
#176 = CARTESIAN_POINT('',(0.,0.));
#177 = VECTOR('',#178,1.);
#178 = DIRECTION('',(1.,0.));
#179 = ( GEOMETRIC_REPRESENTATION_CONTEXT(2) 
PARAMETRIC_REPRESENTATION_CONTEXT() REPRESENTATION_CONTEXT('2D SPACE',''
  ) );
#180 = PCURVE('',#94,#181);
#181 = DEFINITIONAL_REPRESENTATION('',(#182),#190);
#182 = ( BOUNDED_CURVE() B_SPLINE_CURVE(2,(#183,#184,#185,#186,#187,#188
,#189),.UNSPECIFIED.,.T.,.F.) B_SPLINE_CURVE_WITH_KNOTS((1,2,2,2,2,1),(
    -2.094395102393,0.,2.094395102393,4.188790204786,6.28318530718,
8.377580409573),.UNSPECIFIED.) CURVE() GEOMETRIC_REPRESENTATION_ITEM() 
RATIONAL_B_SPLINE_CURVE((1.,0.5,1.,0.5,1.,0.5,1.)) REPRESENTATION_ITEM(
  '') );
#183 = CARTESIAN_POINT('',(73.649999751788,51.999999769032));
#184 = CARTESIAN_POINT('',(73.649999751788,54.33826835925));
#185 = CARTESIAN_POINT('',(75.674999751788,53.169134064141));
#186 = CARTESIAN_POINT('',(77.699999751788,51.999999769032));
#187 = CARTESIAN_POINT('',(75.674999751788,50.830865473923));
#188 = CARTESIAN_POINT('',(73.649999751788,49.661731178814));
#189 = CARTESIAN_POINT('',(73.649999751788,51.999999769032));
#190 = ( GEOMETRIC_REPRESENTATION_CONTEXT(2) 
PARAMETRIC_REPRESENTATION_CONTEXT() REPRESENTATION_CONTEXT('2D SPACE',''
  ) );
#191 = ADVANCED_FACE('',(#192),#206,.F.);
#192 = FACE_BOUND('',#193,.F.);
#193 = EDGE_LOOP('',(#194,#224,#246,#247));
#194 = ORIENTED_EDGE('',*,*,#195,.T.);
#195 = EDGE_CURVE('',#196,#198,#200,.T.);
#196 = VERTEX_POINT('',#197);
#197 = CARTESIAN_POINT('',(-63.65000096857,-94.0000014007,10.));
#198 = VERTEX_POINT('',#199);
#199 = CARTESIAN_POINT('',(-63.65000096857,-94.0000014007,7.));
#200 = SEAM_CURVE('',#201,(#205,#217),.PCURVE_S1.);
#201 = LINE('',#202,#203);
#202 = CARTESIAN_POINT('',(-63.65000096857,-94.0000014007,10.));
#203 = VECTOR('',#204,1.);
#204 = DIRECTION('',(0.,0.,-1.));
#205 = PCURVE('',#206,#211);
#206 = CYLINDRICAL_SURFACE('',#207,1.35);
#207 = AXIS2_PLACEMENT_3D('',#208,#209,#210);
#208 = CARTESIAN_POINT('',(-65.00000096857,-94.0000014007,10.));
#209 = DIRECTION('',(0.,0.,-1.));
#210 = DIRECTION('',(-1.,0.,0.));
#211 = DEFINITIONAL_REPRESENTATION('',(#212),#216);
#212 = LINE('',#213,#214);
#213 = CARTESIAN_POINT('',(9.424777960769,0.));
#214 = VECTOR('',#215,1.);
#215 = DIRECTION('',(0.,1.));
#216 = ( GEOMETRIC_REPRESENTATION_CONTEXT(2) 
PARAMETRIC_REPRESENTATION_CONTEXT() REPRESENTATION_CONTEXT('2D SPACE',''
  ) );
#217 = PCURVE('',#206,#218);
#218 = DEFINITIONAL_REPRESENTATION('',(#219),#223);
#219 = LINE('',#220,#221);
#220 = CARTESIAN_POINT('',(3.14159265359,0.));
#221 = VECTOR('',#222,1.);
#222 = DIRECTION('',(0.,1.));
#223 = ( GEOMETRIC_REPRESENTATION_CONTEXT(2) 
PARAMETRIC_REPRESENTATION_CONTEXT() REPRESENTATION_CONTEXT('2D SPACE',''
  ) );
#224 = ORIENTED_EDGE('',*,*,#225,.T.);
#225 = EDGE_CURVE('',#198,#198,#226,.T.);
#226 = SURFACE_CURVE('',#227,(#232,#239),.PCURVE_S1.);
#227 = CIRCLE('',#228,1.35);
#228 = AXIS2_PLACEMENT_3D('',#229,#230,#231);
#229 = CARTESIAN_POINT('',(-65.00000096857,-94.0000014007,7.));
#230 = DIRECTION('',(0.,0.,1.));
#231 = DIRECTION('',(-1.,0.,0.));
#232 = PCURVE('',#206,#233);
#233 = DEFINITIONAL_REPRESENTATION('',(#234),#238);
#234 = LINE('',#235,#236);
#235 = CARTESIAN_POINT('',(12.566370614359,3.));
#236 = VECTOR('',#237,1.);
#237 = DIRECTION('',(-1.,0.));
#238 = ( GEOMETRIC_REPRESENTATION_CONTEXT(2) 
PARAMETRIC_REPRESENTATION_CONTEXT() REPRESENTATION_CONTEXT('2D SPACE',''
  ) );
#239 = PCURVE('',#66,#240);
#240 = DEFINITIONAL_REPRESENTATION('',(#241),#245);
#241 = CIRCLE('',#242,1.35);
#242 = AXIS2_PLACEMENT_2D('',#243,#244);
#243 = CARTESIAN_POINT('',(-65.00000121678,-57.00000163167));
#244 = DIRECTION('',(-1.,0.));
#245 = ( GEOMETRIC_REPRESENTATION_CONTEXT(2) 
PARAMETRIC_REPRESENTATION_CONTEXT() REPRESENTATION_CONTEXT('2D SPACE',''
  ) );
#246 = ORIENTED_EDGE('',*,*,#195,.F.);
#247 = ORIENTED_EDGE('',*,*,#248,.T.);
#248 = EDGE_CURVE('',#196,#196,#249,.T.);
#249 = SURFACE_CURVE('',#250,(#255,#262),.PCURVE_S1.);
#250 = CIRCLE('',#251,1.35);
#251 = AXIS2_PLACEMENT_3D('',#252,#253,#254);
#252 = CARTESIAN_POINT('',(-65.00000096857,-94.0000014007,10.));
#253 = DIRECTION('',(0.,0.,-1.));
#254 = DIRECTION('',(-1.,0.,0.));
#255 = PCURVE('',#206,#256);
#256 = DEFINITIONAL_REPRESENTATION('',(#257),#261);
#257 = LINE('',#258,#259);
#258 = CARTESIAN_POINT('',(0.,0.));
#259 = VECTOR('',#260,1.);
#260 = DIRECTION('',(1.,0.));
#261 = ( GEOMETRIC_REPRESENTATION_CONTEXT(2) 
PARAMETRIC_REPRESENTATION_CONTEXT() REPRESENTATION_CONTEXT('2D SPACE',''
  ) );
#262 = PCURVE('',#94,#263);
#263 = DEFINITIONAL_REPRESENTATION('',(#264),#272);
#264 = ( BOUNDED_CURVE() B_SPLINE_CURVE(2,(#265,#266,#267,#268,#269,#270
,#271),.UNSPECIFIED.,.T.,.F.) B_SPLINE_CURVE_WITH_KNOTS((1,2,2,2,2,1),(
    -2.094395102393,0.,2.094395102393,4.188790204786,6.28318530718,
8.377580409573),.UNSPECIFIED.) CURVE() GEOMETRIC_REPRESENTATION_ITEM() 
RATIONAL_B_SPLINE_CURVE((1.,0.5,1.,0.5,1.,0.5,1.)) REPRESENTATION_ITEM(
  '') );
#265 = CARTESIAN_POINT('',(-66.35000121678,-57.00000163167));
#266 = CARTESIAN_POINT('',(-66.35000121678,-54.66173304145));
#267 = CARTESIAN_POINT('',(-64.32500121678,-55.83086733656));
#268 = CARTESIAN_POINT('',(-62.30000121678,-57.00000163167));
#269 = CARTESIAN_POINT('',(-64.32500121678,-58.16913592678));
#270 = CARTESIAN_POINT('',(-66.35000121678,-59.33827022189));
#271 = CARTESIAN_POINT('',(-66.35000121678,-57.00000163167));
#272 = ( GEOMETRIC_REPRESENTATION_CONTEXT(2) 
PARAMETRIC_REPRESENTATION_CONTEXT() REPRESENTATION_CONTEXT('2D SPACE',''
  ) );
#273 = ADVANCED_FACE('',(#274),#288,.F.);
#274 = FACE_BOUND('',#275,.F.);
#275 = EDGE_LOOP('',(#276,#306,#328,#329));
#276 = ORIENTED_EDGE('',*,*,#277,.T.);
#277 = EDGE_CURVE('',#278,#280,#282,.T.);
#278 = VERTEX_POINT('',#279);
#279 = CARTESIAN_POINT('',(-73.65,15.,10.));
#280 = VERTEX_POINT('',#281);
#281 = CARTESIAN_POINT('',(-73.65,15.,7.));
#282 = SEAM_CURVE('',#283,(#287,#299),.PCURVE_S1.);
#283 = LINE('',#284,#285);
#284 = CARTESIAN_POINT('',(-73.65,15.,10.));
#285 = VECTOR('',#286,1.);
#286 = DIRECTION('',(0.,0.,-1.));
#287 = PCURVE('',#288,#293);
#288 = CYLINDRICAL_SURFACE('',#289,1.35);
#289 = AXIS2_PLACEMENT_3D('',#290,#291,#292);
#290 = CARTESIAN_POINT('',(-75.,15.,10.));
#291 = DIRECTION('',(0.,0.,-1.));
#292 = DIRECTION('',(-1.,0.,0.));
#293 = DEFINITIONAL_REPRESENTATION('',(#294),#298);
#294 = LINE('',#295,#296);
#295 = CARTESIAN_POINT('',(9.424777960769,0.));
#296 = VECTOR('',#297,1.);
#297 = DIRECTION('',(0.,1.));
#298 = ( GEOMETRIC_REPRESENTATION_CONTEXT(2) 
PARAMETRIC_REPRESENTATION_CONTEXT() REPRESENTATION_CONTEXT('2D SPACE',''
  ) );
#299 = PCURVE('',#288,#300);
#300 = DEFINITIONAL_REPRESENTATION('',(#301),#305);
#301 = LINE('',#302,#303);
#302 = CARTESIAN_POINT('',(3.14159265359,0.));
#303 = VECTOR('',#304,1.);
#304 = DIRECTION('',(0.,1.));
#305 = ( GEOMETRIC_REPRESENTATION_CONTEXT(2) 
PARAMETRIC_REPRESENTATION_CONTEXT() REPRESENTATION_CONTEXT('2D SPACE',''
  ) );
#306 = ORIENTED_EDGE('',*,*,#307,.T.);
#307 = EDGE_CURVE('',#280,#280,#308,.T.);
#308 = SURFACE_CURVE('',#309,(#314,#321),.PCURVE_S1.);
#309 = CIRCLE('',#310,1.35);
#310 = AXIS2_PLACEMENT_3D('',#311,#312,#313);
#311 = CARTESIAN_POINT('',(-75.,15.,7.));
#312 = DIRECTION('',(0.,0.,1.));
#313 = DIRECTION('',(-1.,0.,0.));
#314 = PCURVE('',#288,#315);
#315 = DEFINITIONAL_REPRESENTATION('',(#316),#320);
#316 = LINE('',#317,#318);
#317 = CARTESIAN_POINT('',(12.566370614359,3.));
#318 = VECTOR('',#319,1.);
#319 = DIRECTION('',(-1.,0.));
#320 = ( GEOMETRIC_REPRESENTATION_CONTEXT(2) 
PARAMETRIC_REPRESENTATION_CONTEXT() REPRESENTATION_CONTEXT('2D SPACE',''
  ) );
#321 = PCURVE('',#66,#322);
#322 = DEFINITIONAL_REPRESENTATION('',(#323),#327);
#323 = CIRCLE('',#324,1.35);
#324 = AXIS2_PLACEMENT_2D('',#325,#326);
#325 = CARTESIAN_POINT('',(-75.00000024821,51.999999769032));
#326 = DIRECTION('',(-1.,0.));
#327 = ( GEOMETRIC_REPRESENTATION_CONTEXT(2) 
PARAMETRIC_REPRESENTATION_CONTEXT() REPRESENTATION_CONTEXT('2D SPACE',''
  ) );
#328 = ORIENTED_EDGE('',*,*,#277,.F.);
#329 = ORIENTED_EDGE('',*,*,#330,.T.);
#330 = EDGE_CURVE('',#278,#278,#331,.T.);
#331 = SURFACE_CURVE('',#332,(#337,#344),.PCURVE_S1.);
#332 = CIRCLE('',#333,1.35);
#333 = AXIS2_PLACEMENT_3D('',#334,#335,#336);
#334 = CARTESIAN_POINT('',(-75.,15.,10.));
#335 = DIRECTION('',(0.,0.,-1.));
#336 = DIRECTION('',(-1.,0.,0.));
#337 = PCURVE('',#288,#338);
#338 = DEFINITIONAL_REPRESENTATION('',(#339),#343);
#339 = LINE('',#340,#341);
#340 = CARTESIAN_POINT('',(0.,0.));
#341 = VECTOR('',#342,1.);
#342 = DIRECTION('',(1.,0.));
#343 = ( GEOMETRIC_REPRESENTATION_CONTEXT(2) 
PARAMETRIC_REPRESENTATION_CONTEXT() REPRESENTATION_CONTEXT('2D SPACE',''
  ) );
#344 = PCURVE('',#94,#345);
#345 = DEFINITIONAL_REPRESENTATION('',(#346),#354);
#346 = ( BOUNDED_CURVE() B_SPLINE_CURVE(2,(#347,#348,#349,#350,#351,#352
,#353),.UNSPECIFIED.,.T.,.F.) B_SPLINE_CURVE_WITH_KNOTS((1,2,2,2,2,1),(
    -2.094395102393,0.,2.094395102393,4.188790204786,6.28318530718,
8.377580409573),.UNSPECIFIED.) CURVE() GEOMETRIC_REPRESENTATION_ITEM() 
RATIONAL_B_SPLINE_CURVE((1.,0.5,1.,0.5,1.,0.5,1.)) REPRESENTATION_ITEM(
  '') );
#347 = CARTESIAN_POINT('',(-76.35000024821,51.999999769032));
#348 = CARTESIAN_POINT('',(-76.35000024821,54.33826835925));
#349 = CARTESIAN_POINT('',(-74.32500024821,53.169134064141));
#350 = CARTESIAN_POINT('',(-72.30000024821,51.999999769032));
#351 = CARTESIAN_POINT('',(-74.32500024821,50.830865473923));
#352 = CARTESIAN_POINT('',(-76.35000024821,49.661731178814));
#353 = CARTESIAN_POINT('',(-76.35000024821,51.999999769032));
#354 = ( GEOMETRIC_REPRESENTATION_CONTEXT(2) 
PARAMETRIC_REPRESENTATION_CONTEXT() REPRESENTATION_CONTEXT('2D SPACE',''
  ) );
#355 = ADVANCED_FACE('',(#356),#369,.T.);
#356 = FACE_BOUND('',#357,.T.);
#357 = EDGE_LOOP('',(#358,#391,#415,#443,#497,#557,#583));
#358 = ORIENTED_EDGE('',*,*,#359,.F.);
#359 = EDGE_CURVE('',#360,#360,#362,.T.);
#360 = VERTEX_POINT('',#361);
#361 = CARTESIAN_POINT('',(41.347434191811,3.060224316378,10.));
#362 = SURFACE_CURVE('',#363,(#368,#380),.PCURVE_S1.);
#363 = CIRCLE('',#364,13.473556168286);
#364 = AXIS2_PLACEMENT_3D('',#365,#366,#367);
#365 = CARTESIAN_POINT('',(52.5,-4.5,10.));
#366 = DIRECTION('',(0.,0.,-1.));
#367 = DIRECTION('',(-1.,0.,0.));
#368 = PCURVE('',#369,#374);
#369 = TOROIDAL_SURFACE('',#370,18.056131863242,5.);
#370 = AXIS2_PLACEMENT_3D('',#371,#372,#373);
#371 = CARTESIAN_POINT('',(52.5,-4.5,12.));
#372 = DIRECTION('',(0.,0.,-1.));
#373 = DIRECTION('',(0.827737359676,-0.56111573084,0.));
#374 = DEFINITIONAL_REPRESENTATION('',(#375),#379);
#375 = LINE('',#376,#377);
#376 = CARTESIAN_POINT('',(2.545859539878,2.730075807522));
#377 = VECTOR('',#378,1.);
#378 = DIRECTION('',(1.,1.413579858428E-16));
#379 = ( GEOMETRIC_REPRESENTATION_CONTEXT(2) 
PARAMETRIC_REPRESENTATION_CONTEXT() REPRESENTATION_CONTEXT('2D SPACE',''
  ) );
#380 = PCURVE('',#94,#381);
#381 = DEFINITIONAL_REPRESENTATION('',(#382),#390);
#382 = ( BOUNDED_CURVE() B_SPLINE_CURVE(2,(#383,#384,#385,#386,#387,#388
,#389),.UNSPECIFIED.,.T.,.F.) B_SPLINE_CURVE_WITH_KNOTS((1,2,2,2,2,1),(
    -2.094395102393,0.,2.094395102393,4.188790204786,6.28318530718,
8.377580409573),.UNSPECIFIED.) CURVE() GEOMETRIC_REPRESENTATION_ITEM() 
RATIONAL_B_SPLINE_CURVE((1.,0.5,1.,0.5,1.,0.5,1.)) REPRESENTATION_ITEM(
  '') );
#383 = CARTESIAN_POINT('',(39.026443583503,32.499999769032));
#384 = CARTESIAN_POINT('',(39.026443583503,55.836883611136));
#385 = CARTESIAN_POINT('',(59.236777835931,44.168441690084));
#386 = CARTESIAN_POINT('',(79.44711208836,32.499999769032));
#387 = CARTESIAN_POINT('',(59.236777835931,20.83155784798));
#388 = CARTESIAN_POINT('',(39.026443583503,9.163115926928));
#389 = CARTESIAN_POINT('',(39.026443583503,32.499999769032));
#390 = ( GEOMETRIC_REPRESENTATION_CONTEXT(2) 
PARAMETRIC_REPRESENTATION_CONTEXT() REPRESENTATION_CONTEXT('2D SPACE',''
  ) );
#391 = ORIENTED_EDGE('',*,*,#392,.T.);
#392 = EDGE_CURVE('',#360,#393,#395,.T.);
#393 = VERTEX_POINT('',#394);
#394 = CARTESIAN_POINT('',(37.554265085551,5.631579626582,7.));
#395 = SEAM_CURVE('',#396,(#401,#408),.PCURVE_S1.);
#396 = CIRCLE('',#397,5.);
#397 = AXIS2_PLACEMENT_3D('',#398,#399,#400);
#398 = CARTESIAN_POINT('',(37.554265085551,5.631579626582,12.));
#399 = DIRECTION('',(0.56111573084,0.827737359676,0.));
#400 = DIRECTION('',(-0.827737359676,0.56111573084,0.));
#401 = PCURVE('',#369,#402);
#402 = DEFINITIONAL_REPRESENTATION('',(#403),#407);
#403 = LINE('',#404,#405);
#404 = CARTESIAN_POINT('',(3.14159265359,6.28318530718));
#405 = VECTOR('',#406,1.);
#406 = DIRECTION('',(1.532293867813E-15,-1.));
#407 = ( GEOMETRIC_REPRESENTATION_CONTEXT(2) 
PARAMETRIC_REPRESENTATION_CONTEXT() REPRESENTATION_CONTEXT('2D SPACE',''
  ) );
#408 = PCURVE('',#369,#409);
#409 = DEFINITIONAL_REPRESENTATION('',(#410),#414);
#410 = LINE('',#411,#412);
#411 = CARTESIAN_POINT('',(9.424777960769,6.28318530718));
#412 = VECTOR('',#413,1.);
#413 = DIRECTION('',(1.532293867813E-15,-1.));
#414 = ( GEOMETRIC_REPRESENTATION_CONTEXT(2) 
PARAMETRIC_REPRESENTATION_CONTEXT() REPRESENTATION_CONTEXT('2D SPACE',''
  ) );
#415 = ORIENTED_EDGE('',*,*,#416,.T.);
#416 = EDGE_CURVE('',#393,#417,#419,.T.);
#417 = VERTEX_POINT('',#418);
#418 = CARTESIAN_POINT('',(34.702401976726,-7.544569339774,7.));
#419 = SURFACE_CURVE('',#420,(#425,#432),.PCURVE_S1.);
#420 = CIRCLE('',#421,18.056131863242);
#421 = AXIS2_PLACEMENT_3D('',#422,#423,#424);
#422 = CARTESIAN_POINT('',(52.5,-4.5,7.));
#423 = DIRECTION('',(0.,0.,-1.));
#424 = DIRECTION('',(0.827737359676,-0.56111573084,0.));
#425 = PCURVE('',#369,#426);
#426 = DEFINITIONAL_REPRESENTATION('',(#427),#431);
#427 = LINE('',#428,#429);
#428 = CARTESIAN_POINT('',(0.,1.570796326795));
#429 = VECTOR('',#430,1.);
#430 = DIRECTION('',(1.,-3.621587671783E-16));
#431 = ( GEOMETRIC_REPRESENTATION_CONTEXT(2) 
PARAMETRIC_REPRESENTATION_CONTEXT() REPRESENTATION_CONTEXT('2D SPACE',''
  ) );
#432 = PCURVE('',#66,#433);
#433 = DEFINITIONAL_REPRESENTATION('',(#434),#442);
#434 = ( BOUNDED_CURVE() B_SPLINE_CURVE(2,(#435,#436,#437,#438,#439,#440
,#441),.UNSPECIFIED.,.T.,.F.) B_SPLINE_CURVE_WITH_KNOTS((1,2,2,2,2,1),(
    -2.094395102393,0.,2.094395102393,4.188790204786,6.28318530718,
8.377580409573),.UNSPECIFIED.) CURVE() GEOMETRIC_REPRESENTATION_ITEM() 
RATIONAL_B_SPLINE_CURVE((1.,0.5,1.,0.5,1.,0.5,1.)) REPRESENTATION_ITEM(
  '') );
#435 = CARTESIAN_POINT('',(67.445734666238,22.36842014245));
#436 = CARTESIAN_POINT('',(49.897323992069,-3.518352085833));
#437 = CARTESIAN_POINT('',(36.252926957479,24.622403468181));
#438 = CARTESIAN_POINT('',(22.608529922889,52.763159022195));
#439 = CARTESIAN_POINT('',(53.801337631648,50.509175696464));
#440 = CARTESIAN_POINT('',(84.994145340408,48.255192370733));
#441 = CARTESIAN_POINT('',(67.445734666238,22.36842014245));
#442 = ( GEOMETRIC_REPRESENTATION_CONTEXT(2) 
PARAMETRIC_REPRESENTATION_CONTEXT() REPRESENTATION_CONTEXT('2D SPACE',''
  ) );
#443 = ORIENTED_EDGE('',*,*,#444,.T.);
#444 = EDGE_CURVE('',#417,#445,#447,.T.);
#445 = VERTEX_POINT('',#446);
#446 = CARTESIAN_POINT('',(35.448750857269,-5.986250094342,
    7.089199224626));
#447 = SURFACE_CURVE('',#448,(#457,#486),.PCURVE_S1.);
#448 = B_SPLINE_CURVE_WITH_KNOTS('',3,(#449,#450,#451,#452,#453,#454,
    #455,#456),.UNSPECIFIED.,.F.,.F.,(4,2,2,4),(0.,7.90021501029E-02,
    0.139864861446,0.17940571743),.UNSPECIFIED.);
#449 = CARTESIAN_POINT('',(34.702401976726,-7.544569339774,7.));
#450 = CARTESIAN_POINT('',(34.907586261619,-7.379500783248,7.));
#451 = CARTESIAN_POINT('',(35.077798763633,-7.175833511577,
    7.016096668972));
#452 = CARTESIAN_POINT('',(35.30069261744,-6.768047819437,7.048981608087
    ));
#453 = CARTESIAN_POINT('',(35.370316204079,-6.576707133111,7.06436594924
    ));
#454 = CARTESIAN_POINT('',(35.435790033841,-6.248933760888,
    7.082049571074));
#455 = CARTESIAN_POINT('',(35.448750857269,-6.117753774,7.087012910031)
  );
#456 = CARTESIAN_POINT('',(35.448750857269,-5.986250094342,
    7.089199224626));
#457 = PCURVE('',#369,#458);
#458 = DEFINITIONAL_REPRESENTATION('',(#459),#485);
#459 = B_SPLINE_CURVE_WITH_KNOTS('',3,(#460,#461,#462,#463,#464,#465,
    #466,#467,#468,#469,#470,#471,#472,#473,#474,#475,#476,#477,#478,
    #479,#480,#481,#482,#483,#484),.UNSPECIFIED.,.F.,.F.,(4,1,1,1,1,1,1,
    1,1,1,1,1,1,1,1,1,1,1,1,1,1,1,4),(0.,8.154805337721E-03,
    1.630961067544E-02,2.446441601316E-02,3.261922135088E-02,
    4.077402668861E-02,4.892883202633E-02,5.708363736405E-02,
    6.523844270177E-02,7.339324803949E-02,8.154805337721E-02,
    8.970285871493E-02,9.785766405265E-02,0.10601246939,0.114167274728,
    0.122322080066,0.130476885404,0.138631690741,0.146786496079,
    0.154941301417,0.163096106754,0.171250912092,0.17940571743),
  .QUASI_UNIFORM_KNOTS.);
#460 = CARTESIAN_POINT('',(8.659618518035,1.570796326795));
#461 = CARTESIAN_POINT('',(8.660350861482,1.575546153516));
#462 = CARTESIAN_POINT('',(8.661873251487,1.584921042006));
#463 = CARTESIAN_POINT('',(8.664327286764,1.5985922364));
#464 = CARTESIAN_POINT('',(8.666949192512,1.611855706443));
#465 = CARTESIAN_POINT('',(8.669736111507,1.624693964955));
#466 = CARTESIAN_POINT('',(8.672684987896,1.637088997088));
#467 = CARTESIAN_POINT('',(8.675792553915,1.649022280144));
#468 = CARTESIAN_POINT('',(8.679055252403,1.660474673344));
#469 = CARTESIAN_POINT('',(8.682469511715,1.671427167366));
#470 = CARTESIAN_POINT('',(8.68603067936,1.681858309894));
#471 = CARTESIAN_POINT('',(8.689736972995,1.691754052023));
#472 = CARTESIAN_POINT('',(8.693571482158,1.701062749252));
#473 = CARTESIAN_POINT('',(8.697527137399,1.709766729725));
#474 = CARTESIAN_POINT('',(8.701597964455,1.717850779951));
#475 = CARTESIAN_POINT('',(8.70577736032,1.725298955504));
#476 = CARTESIAN_POINT('',(8.710058700506,1.732095638995));
#477 = CARTESIAN_POINT('',(8.714434666957,1.738224690627));
#478 = CARTESIAN_POINT('',(8.718899370522,1.74367199325));
#479 = CARTESIAN_POINT('',(8.723440583057,1.748416345304));
#480 = CARTESIAN_POINT('',(8.728037202182,1.752435508076));
#481 = CARTESIAN_POINT('',(8.732684555575,1.755726247783));
#482 = CARTESIAN_POINT('',(8.737373685521,1.758280927412));
#483 = CARTESIAN_POINT('',(8.740522309852,1.759489425993));
#484 = CARTESIAN_POINT('',(8.742100881075,1.759968957313));
#485 = ( GEOMETRIC_REPRESENTATION_CONTEXT(2) 
PARAMETRIC_REPRESENTATION_CONTEXT() REPRESENTATION_CONTEXT('2D SPACE',''
  ) );
#486 = PCURVE('',#487,#492);
#487 = CYLINDRICAL_SURFACE('',#488,2.);
#488 = AXIS2_PLACEMENT_3D('',#489,#490,#491);
#489 = CARTESIAN_POINT('',(33.448750857269,-5.986250094342,10.));
#490 = DIRECTION('',(0.,0.,-1.));
#491 = DIRECTION('',(2.22044604925E-15,-1.,0.));
#492 = DEFINITIONAL_REPRESENTATION('',(#493),#496);
#493 = B_SPLINE_CURVE_WITH_KNOTS('',1,(#494,#495),.UNSPECIFIED.,.F.,.F.,
  (2,2),(0.,0.17940571743),.PIECEWISE_BEZIER_KNOTS.);
#494 = CARTESIAN_POINT('',(5.605712990572,3.));
#495 = CARTESIAN_POINT('',(4.712388980385,2.910800775374));
#496 = ( GEOMETRIC_REPRESENTATION_CONTEXT(2) 
PARAMETRIC_REPRESENTATION_CONTEXT() REPRESENTATION_CONTEXT('2D SPACE',''
  ) );
#497 = ORIENTED_EDGE('',*,*,#498,.T.);
#498 = EDGE_CURVE('',#445,#499,#501,.T.);
#499 = VERTEX_POINT('',#500);
#500 = CARTESIAN_POINT('',(35.448750857269,1.439595990914,7.));
#501 = SURFACE_CURVE('',#502,(#511,#540),.PCURVE_S1.);
#502 = B_SPLINE_CURVE_WITH_KNOTS('',3,(#503,#504,#505,#506,#507,#508,
    #509,#510),.UNSPECIFIED.,.F.,.F.,(4,2,2,4),(3.224210634138,
    3.365123138318,3.755114797769,3.922082390037),.UNSPECIFIED.);
#503 = CARTESIAN_POINT('',(35.448750857269,-5.986250094342,
    7.089199224626));
#504 = CARTESIAN_POINT('',(35.448750857269,-5.473302865654,
    7.097727229436));
#505 = CARTESIAN_POINT('',(35.448750857269,-4.969708347266,
    7.102019730744));
#506 = CARTESIAN_POINT('',(35.448750857269,-3.20002780183,7.102019730744
    ));
#507 = CARTESIAN_POINT('',(35.448750857269,-1.640715703729,
    7.056834647167));
#508 = CARTESIAN_POINT('',(35.448750857269,0.215278146669,7.012185081909
    ));
#509 = CARTESIAN_POINT('',(35.448750857269,0.883037350021,7.));
#510 = CARTESIAN_POINT('',(35.448750857269,1.439595990914,7.));
#511 = PCURVE('',#369,#512);
#512 = DEFINITIONAL_REPRESENTATION('',(#513),#539);
#513 = B_SPLINE_CURVE_WITH_KNOTS('',3,(#514,#515,#516,#517,#518,#519,
    #520,#521,#522,#523,#524,#525,#526,#527,#528,#529,#530,#531,#532,
    #533,#534,#535,#536,#537,#538),.UNSPECIFIED.,.F.,.F.,(4,1,1,1,1,1,1,
    1,1,1,1,1,1,1,1,1,1,1,1,1,1,1,4),(3.224210634138,3.255932077588,
    3.287653521038,3.319374964488,3.351096407938,3.382817851388,
    3.414539294838,3.446260738288,3.477982181738,3.509703625188,
    3.541425068638,3.573146512087,3.604867955537,3.636589398987,
    3.668310842437,3.700032285887,3.731753729337,3.763475172787,
    3.795196616237,3.826918059687,3.858639503137,3.890360946587,
    3.922082390037),.QUASI_UNIFORM_KNOTS.);
#514 = CARTESIAN_POINT('',(8.742100881075,1.759968957313));
#515 = CARTESIAN_POINT('',(8.74882187608,1.762013056185));
#516 = CARTESIAN_POINT('',(8.762232082937,1.765604679143));
#517 = CARTESIAN_POINT('',(8.782138242117,1.769543710694));
#518 = CARTESIAN_POINT('',(8.801713553917,1.772067557889));
#519 = CARTESIAN_POINT('',(8.820863953256,1.773237799528));
#520 = CARTESIAN_POINT('',(8.839397607062,1.773168943558));
#521 = CARTESIAN_POINT('',(8.858623158468,1.771828390212));
#522 = CARTESIAN_POINT('',(8.878236455938,1.769119143093));
#523 = CARTESIAN_POINT('',(8.898173548098,1.764990934625));
#524 = CARTESIAN_POINT('',(8.918304974697,1.759413770101));
#525 = CARTESIAN_POINT('',(8.938518806521,1.752385923835));
#526 = CARTESIAN_POINT('',(8.958699284754,1.743932597697));
#527 = CARTESIAN_POINT('',(8.978734500361,1.73410573539));
#528 = CARTESIAN_POINT('',(8.99851225251,1.722986752288));
#529 = CARTESIAN_POINT('',(9.017933846481,1.710674462224));
#530 = CARTESIAN_POINT('',(9.036867427045,1.69732703844));
#531 = CARTESIAN_POINT('',(9.055324511788,1.68300006815));
#532 = CARTESIAN_POINT('',(9.072803320474,1.6682433557));
#533 = CARTESIAN_POINT('',(9.0911293899,1.6515243228));
#534 = CARTESIAN_POINT('',(9.110005653472,1.632885064879));
#535 = CARTESIAN_POINT('',(9.128845053522,1.612818885139));
#536 = CARTESIAN_POINT('',(9.147162508178,1.591855897782));
#537 = CARTESIAN_POINT('',(9.158710010467,1.577762044742));
#538 = CARTESIAN_POINT('',(9.164238169911,1.570796326795));
#539 = ( GEOMETRIC_REPRESENTATION_CONTEXT(2) 
PARAMETRIC_REPRESENTATION_CONTEXT() REPRESENTATION_CONTEXT('2D SPACE',''
  ) );
#540 = PCURVE('',#541,#546);
#541 = PLANE('',#542);
#542 = AXIS2_PLACEMENT_3D('',#543,#544,#545);
#543 = CARTESIAN_POINT('',(35.448750857269,2.013749905658,10.));
#544 = DIRECTION('',(1.,5.551115123126E-16,0.));
#545 = DIRECTION('',(5.551115123126E-16,-1.,0.));
#546 = DEFINITIONAL_REPRESENTATION('',(#547),#556);
#547 = B_SPLINE_CURVE_WITH_KNOTS('',3,(#548,#549,#550,#551,#552,#553,
    #554,#555),.UNSPECIFIED.,.F.,.F.,(4,2,2,4),(3.224210634138,
    3.365123138318,3.755114797769,3.922082390037),.UNSPECIFIED.);
#548 = CARTESIAN_POINT('',(8.,2.910800775374));
#549 = CARTESIAN_POINT('',(7.487052771312,2.902272770564));
#550 = CARTESIAN_POINT('',(6.983458252925,2.897980269256));
#551 = CARTESIAN_POINT('',(5.213777707488,2.897980269256));
#552 = CARTESIAN_POINT('',(3.654465609387,2.943165352833));
#553 = CARTESIAN_POINT('',(1.798471758989,2.987814918091));
#554 = CARTESIAN_POINT('',(1.130712555637,3.));
#555 = CARTESIAN_POINT('',(0.574153914745,3.));
#556 = ( GEOMETRIC_REPRESENTATION_CONTEXT(2) 
PARAMETRIC_REPRESENTATION_CONTEXT() REPRESENTATION_CONTEXT('2D SPACE',''
  ) );
#557 = ORIENTED_EDGE('',*,*,#558,.T.);
#558 = EDGE_CURVE('',#499,#393,#559,.T.);
#559 = SURFACE_CURVE('',#560,(#565,#572),.PCURVE_S1.);
#560 = CIRCLE('',#561,18.056131863242);
#561 = AXIS2_PLACEMENT_3D('',#562,#563,#564);
#562 = CARTESIAN_POINT('',(52.5,-4.5,7.));
#563 = DIRECTION('',(0.,0.,-1.));
#564 = DIRECTION('',(0.827737359676,-0.56111573084,0.));
#565 = PCURVE('',#369,#566);
#566 = DEFINITIONAL_REPRESENTATION('',(#567),#571);
#567 = LINE('',#568,#569);
#568 = CARTESIAN_POINT('',(6.28318530718,1.570796326795));
#569 = VECTOR('',#570,1.);
#570 = DIRECTION('',(1.,3.408993370161E-15));
#571 = ( GEOMETRIC_REPRESENTATION_CONTEXT(2) 
PARAMETRIC_REPRESENTATION_CONTEXT() REPRESENTATION_CONTEXT('2D SPACE',''
  ) );
#572 = PCURVE('',#66,#573);
#573 = DEFINITIONAL_REPRESENTATION('',(#574),#582);
#574 = ( BOUNDED_CURVE() B_SPLINE_CURVE(2,(#575,#576,#577,#578,#579,#580
,#581),.UNSPECIFIED.,.T.,.F.) B_SPLINE_CURVE_WITH_KNOTS((1,2,2,2,2,1),(
    -2.094395102393,0.,2.094395102393,4.188790204786,6.28318530718,
8.377580409573),.UNSPECIFIED.) CURVE() GEOMETRIC_REPRESENTATION_ITEM() 
RATIONAL_B_SPLINE_CURVE((1.,0.5,1.,0.5,1.,0.5,1.)) REPRESENTATION_ITEM(
  '') );
#575 = CARTESIAN_POINT('',(67.445734666238,22.36842014245));
#576 = CARTESIAN_POINT('',(49.897323992069,-3.518352085833));
#577 = CARTESIAN_POINT('',(36.252926957479,24.622403468181));
#578 = CARTESIAN_POINT('',(22.608529922889,52.763159022195));
#579 = CARTESIAN_POINT('',(53.801337631648,50.509175696464));
#580 = CARTESIAN_POINT('',(84.994145340408,48.255192370733));
#581 = CARTESIAN_POINT('',(67.445734666238,22.36842014245));
#582 = ( GEOMETRIC_REPRESENTATION_CONTEXT(2) 
PARAMETRIC_REPRESENTATION_CONTEXT() REPRESENTATION_CONTEXT('2D SPACE',''
  ) );
#583 = ORIENTED_EDGE('',*,*,#392,.F.);
#584 = ADVANCED_FACE('',(#585,#1130,#1244,#1358,#1472,#1586,#1700,#1814,
    #2506,#2620,#2655,#2658,#2661,#2664),#66,.F.);
#585 = FACE_BOUND('',#586,.T.);
#586 = EDGE_LOOP('',(#587,#617,#645,#673,#724,#752,#858,#886,#997,#1025,
    #1076,#1104));
#587 = ORIENTED_EDGE('',*,*,#588,.F.);
#588 = EDGE_CURVE('',#589,#591,#593,.T.);
#589 = VERTEX_POINT('',#590);
#590 = CARTESIAN_POINT('',(75.741133648509,31.000000461936,7.));
#591 = VERTEX_POINT('',#592);
#592 = CARTESIAN_POINT('',(-75.74079364654,31.000000461936,7.));
#593 = SURFACE_CURVE('',#594,(#598,#605),.PCURVE_S1.);
#594 = LINE('',#595,#596);
#595 = CARTESIAN_POINT('',(75.741133648509,31.000000461936,7.));
#596 = VECTOR('',#597,1.);
#597 = DIRECTION('',(-1.,0.,0.));
#598 = PCURVE('',#66,#599);
#599 = DEFINITIONAL_REPRESENTATION('',(#600),#604);
#600 = LINE('',#601,#602);
#601 = CARTESIAN_POINT('',(75.741133400297,68.000000230968));
#602 = VECTOR('',#603,1.);
#603 = DIRECTION('',(-1.,0.));
#604 = ( GEOMETRIC_REPRESENTATION_CONTEXT(2) 
PARAMETRIC_REPRESENTATION_CONTEXT() REPRESENTATION_CONTEXT('2D SPACE',''
  ) );
#605 = PCURVE('',#606,#611);
#606 = CYLINDRICAL_SURFACE('',#607,3.);
#607 = AXIS2_PLACEMENT_3D('',#608,#609,#610);
#608 = CARTESIAN_POINT('',(37.87056694836,28.000000461936,7.));
#609 = DIRECTION('',(1.,0.,0.));
#610 = DIRECTION('',(-0.,0.707106781187,0.707106781187));
#611 = DEFINITIONAL_REPRESENTATION('',(#612),#616);
#612 = LINE('',#613,#614);
#613 = CARTESIAN_POINT('',(5.497787143782,37.870566700149));
#614 = VECTOR('',#615,1.);
#615 = DIRECTION('',(0.,-1.));
#616 = ( GEOMETRIC_REPRESENTATION_CONTEXT(2) 
PARAMETRIC_REPRESENTATION_CONTEXT() REPRESENTATION_CONTEXT('2D SPACE',''
  ) );
#617 = ORIENTED_EDGE('',*,*,#618,.F.);
#618 = EDGE_CURVE('',#619,#589,#621,.T.);
#619 = VERTEX_POINT('',#620);
#620 = CARTESIAN_POINT('',(76.891120015109,30.770836320776,7.));
#621 = SURFACE_CURVE('',#622,(#627,#634),.PCURVE_S1.);
#622 = CIRCLE('',#623,3.);
#623 = AXIS2_PLACEMENT_3D('',#624,#625,#626);
#624 = CARTESIAN_POINT('',(75.741133648509,28.000000461936,7.));
#625 = DIRECTION('',(0.,0.,1.));
#626 = DIRECTION('',(0.383328788867,0.923611952947,-0.));
#627 = PCURVE('',#66,#628);
#628 = DEFINITIONAL_REPRESENTATION('',(#629),#633);
#629 = CIRCLE('',#630,3.);
#630 = AXIS2_PLACEMENT_2D('',#631,#632);
#631 = CARTESIAN_POINT('',(75.741133400297,65.000000230968));
#632 = DIRECTION('',(0.383328788867,0.923611952947));
#633 = ( GEOMETRIC_REPRESENTATION_CONTEXT(2) 
PARAMETRIC_REPRESENTATION_CONTEXT() REPRESENTATION_CONTEXT('2D SPACE',''
  ) );
#634 = PCURVE('',#635,#640);
#635 = SPHERICAL_SURFACE('',#636,3.);
#636 = AXIS2_PLACEMENT_3D('',#637,#638,#639);
#637 = CARTESIAN_POINT('',(75.741133648509,28.000000461936,7.));
#638 = DIRECTION('',(-0.984726125915,0.154482881744,8.030875536379E-02)
  );
#639 = DIRECTION('',(0.174110473378,0.873717282529,0.454206619579));
#640 = DEFINITIONAL_REPRESENTATION('',(#641),#644);
#641 = B_SPLINE_CURVE_WITH_KNOTS('',1,(#642,#643),.UNSPECIFIED.,.F.,.F.,
  (2,2),(0.,0.393397711685),.PIECEWISE_BEZIER_KNOTS.);
#642 = CARTESIAN_POINT('',(6.736857376199,-0.237004207511));
#643 = CARTESIAN_POINT('',(6.768917639808,0.155104030454));
#644 = ( GEOMETRIC_REPRESENTATION_CONTEXT(2) 
PARAMETRIC_REPRESENTATION_CONTEXT() REPRESENTATION_CONTEXT('2D SPACE',''
  ) );
#645 = ORIENTED_EDGE('',*,*,#646,.F.);
#646 = EDGE_CURVE('',#647,#619,#649,.T.);
#647 = VERTEX_POINT('',#648);
#648 = CARTESIAN_POINT('',(89.000085297273,25.745224665112,7.));
#649 = SURFACE_CURVE('',#650,(#654,#661),.PCURVE_S1.);
#650 = LINE('',#651,#652);
#651 = CARTESIAN_POINT('',(89.000085297273,25.745224665112,7.));
#652 = VECTOR('',#653,1.);
#653 = DIRECTION('',(-0.923611952947,0.383328788867,0.));
#654 = PCURVE('',#66,#655);
#655 = DEFINITIONAL_REPRESENTATION('',(#656),#660);
#656 = LINE('',#657,#658);
#657 = CARTESIAN_POINT('',(89.000085049061,62.745224434144));
#658 = VECTOR('',#659,1.);
#659 = DIRECTION('',(-0.923611952947,0.383328788867));
#660 = ( GEOMETRIC_REPRESENTATION_CONTEXT(2) 
PARAMETRIC_REPRESENTATION_CONTEXT() REPRESENTATION_CONTEXT('2D SPACE',''
  ) );
#661 = PCURVE('',#662,#667);
#662 = CYLINDRICAL_SURFACE('',#663,3.);
#663 = AXIS2_PLACEMENT_3D('',#664,#665,#666);
#664 = CARTESIAN_POINT('',(60.996316238591,34.119575876449,7.));
#665 = DIRECTION('',(0.923611952947,-0.383328788867,0.));
#666 = DIRECTION('',(0.271054386032,0.653092275114,0.707106781187));
#667 = DEFINITIONAL_REPRESENTATION('',(#668),#672);
#668 = LINE('',#669,#670);
#669 = CARTESIAN_POINT('',(-0.785398163397,29.074745737543));
#670 = VECTOR('',#671,1.);
#671 = DIRECTION('',(-1.354917097653E-16,-1.));
#672 = ( GEOMETRIC_REPRESENTATION_CONTEXT(2) 
PARAMETRIC_REPRESENTATION_CONTEXT() REPRESENTATION_CONTEXT('2D SPACE',''
  ) );
#673 = ORIENTED_EDGE('',*,*,#674,.F.);
#674 = EDGE_CURVE('',#675,#647,#677,.T.);
#675 = VERTEX_POINT('',#676);
#676 = CARTESIAN_POINT('',(90.8490709056,22.895857961349,7.));
#677 = SURFACE_CURVE('',#678,(#683,#690),.PCURVE_S1.);
#678 = CIRCLE('',#679,3.);
#679 = AXIS2_PLACEMENT_3D('',#680,#681,#682);
#680 = CARTESIAN_POINT('',(87.850098930673,22.974388806272,7.));
#681 = DIRECTION('',(0.,0.,1.));
#682 = DIRECTION('',(0.999657324976,-2.617694830789E-02,0.));
#683 = PCURVE('',#66,#684);
#684 = DEFINITIONAL_REPRESENTATION('',(#685),#689);
#685 = CIRCLE('',#686,3.);
#686 = AXIS2_PLACEMENT_2D('',#687,#688);
#687 = CARTESIAN_POINT('',(87.850098682461,59.974388575304));
#688 = DIRECTION('',(0.999657324976,-2.617694830789E-02));
#689 = ( GEOMETRIC_REPRESENTATION_CONTEXT(2) 
PARAMETRIC_REPRESENTATION_CONTEXT() REPRESENTATION_CONTEXT('2D SPACE',''
  ) );
#690 = PCURVE('',#691,#696);
#691 = SPHERICAL_SURFACE('',#692,3.);
#692 = AXIS2_PLACEMENT_3D('',#693,#694,#695);
#693 = CARTESIAN_POINT('',(87.850098930673,22.974388806272,7.));
#694 = DIRECTION('',(0.435043660104,0.282304648771,-0.855009414618));
#695 = DIRECTION('',(0.717233853642,0.465420990369,0.518612476628));
#696 = DEFINITIONAL_REPRESENTATION('',(#697),#723);
#697 = B_SPLINE_CURVE_WITH_KNOTS('',3,(#698,#699,#700,#701,#702,#703,
    #704,#705,#706,#707,#708,#709,#710,#711,#712,#713,#714,#715,#716,
    #717,#718,#719,#720,#721,#722),.UNSPECIFIED.,.F.,.F.,(4,1,1,1,1,1,1,
    1,1,1,1,1,1,1,1,1,1,1,1,1,1,1,4),(0.,5.470811608592E-02,
    0.109416232172,0.164124348258,0.218832464344,0.27354058043,
    0.328248696516,0.382956812601,0.437664928687,0.492373044773,
    0.547081160859,0.601789276945,0.656497393031,0.711205509117,
    0.765913625203,0.820621741289,0.875329857375,0.930037973461,
    0.984746089547,1.039454205632,1.094162321718,1.148870437804,
    1.20357855389),.QUASI_UNIFORM_KNOTS.);
#698 = CARTESIAN_POINT('',(0.676705614835,0.441730730126));
#699 = CARTESIAN_POINT('',(0.657628042598,0.447653456765));
#700 = CARTESIAN_POINT('',(0.619147506935,0.459076094294));
#701 = CARTESIAN_POINT('',(0.560482484639,0.47486574438));
#702 = CARTESIAN_POINT('',(0.500899051462,0.489233971364));
#703 = CARTESIAN_POINT('',(0.440444529265,0.502108061136));
#704 = CARTESIAN_POINT('',(0.379180946162,0.513419636862));
#705 = CARTESIAN_POINT('',(0.317186869707,0.523106201617));
#706 = CARTESIAN_POINT('',(0.254556227472,0.53111226871));
#707 = CARTESIAN_POINT('',(0.191397169427,0.537390555744));
#708 = CARTESIAN_POINT('',(0.127830133427,0.541903043222));
#709 = CARTESIAN_POINT('',(6.39853762845E-02,0.544621878363));
#710 = CARTESIAN_POINT('',(8.881784197001E-16,0.545530061843));
#711 = CARTESIAN_POINT('',(-6.398537628449E-02,0.544621878363));
#712 = CARTESIAN_POINT('',(-0.127830133427,0.541903043222));
#713 = CARTESIAN_POINT('',(-0.191397169427,0.537390555744));
#714 = CARTESIAN_POINT('',(-0.254556227472,0.53111226871));
#715 = CARTESIAN_POINT('',(-0.317186869707,0.523106201617));
#716 = CARTESIAN_POINT('',(-0.379180946162,0.513419636862));
#717 = CARTESIAN_POINT('',(-0.440444529265,0.502108061136));
#718 = CARTESIAN_POINT('',(-0.500899051462,0.489233971364));
#719 = CARTESIAN_POINT('',(-0.560482484639,0.47486574438));
#720 = CARTESIAN_POINT('',(-0.619147506935,0.459076094294));
#721 = CARTESIAN_POINT('',(-0.657628042598,0.447653456765));
#722 = CARTESIAN_POINT('',(-0.676705614835,0.441730730126));
#723 = ( GEOMETRIC_REPRESENTATION_CONTEXT(2) 
PARAMETRIC_REPRESENTATION_CONTEXT() REPRESENTATION_CONTEXT('2D SPACE',''
  ) );
#724 = ORIENTED_EDGE('',*,*,#725,.F.);
#725 = EDGE_CURVE('',#726,#675,#728,.T.);
#726 = VERTEX_POINT('',#727);
#727 = CARTESIAN_POINT('',(88.727390670204,-58.1278413494,7.));
#728 = SURFACE_CURVE('',#729,(#733,#740),.PCURVE_S1.);
#729 = LINE('',#730,#731);
#730 = CARTESIAN_POINT('',(87.5,-105.,7.));
#731 = VECTOR('',#732,1.);
#732 = DIRECTION('',(2.617694830787E-02,0.999657324976,0.));
#733 = PCURVE('',#66,#734);
#734 = DEFINITIONAL_REPRESENTATION('',(#735),#739);
#735 = LINE('',#736,#737);
#736 = CARTESIAN_POINT('',(87.499999751788,-68.00000023096));
#737 = VECTOR('',#738,1.);
#738 = DIRECTION('',(2.617694830787E-02,0.999657324976));
#739 = ( GEOMETRIC_REPRESENTATION_CONTEXT(2) 
PARAMETRIC_REPRESENTATION_CONTEXT() REPRESENTATION_CONTEXT('2D SPACE',''
  ) );
#740 = PCURVE('',#741,#746);
#741 = CYLINDRICAL_SURFACE('',#742,3.);
#742 = AXIS2_PLACEMENT_3D('',#743,#744,#745);
#743 = CARTESIAN_POINT('',(85.974455692168,-48.65353666311,7.));
#744 = DIRECTION('',(-2.617694830787E-02,-0.999657324976,0.));
#745 = DIRECTION('',(0.706864473353,-1.850989765927E-02,0.707106781187)
  );
#746 = DEFINITIONAL_REPRESENTATION('',(#747),#751);
#747 = LINE('',#748,#749);
#748 = CARTESIAN_POINT('',(-0.785398163397,56.2872207167));
#749 = VECTOR('',#750,1.);
#750 = DIRECTION('',(-2.191640398282E-17,-1.));
#751 = ( GEOMETRIC_REPRESENTATION_CONTEXT(2) 
PARAMETRIC_REPRESENTATION_CONTEXT() REPRESENTATION_CONTEXT('2D SPACE',''
  ) );
#752 = ORIENTED_EDGE('',*,*,#753,.T.);
#753 = EDGE_CURVE('',#726,#754,#756,.T.);
#754 = VERTEX_POINT('',#755);
#755 = CARTESIAN_POINT('',(66.051380089541,-105.,7.));
#756 = SURFACE_CURVE('',#757,(#761,#768),.PCURVE_S1.);
#757 = ( BOUNDED_CURVE() B_SPLINE_CURVE(2,(#758,#759,#760),
.UNSPECIFIED.,.F.,.F.) B_SPLINE_CURVE_WITH_KNOTS((3,3),(0.479721684,
7.039224487135),.PIECEWISE_BEZIER_KNOTS.) CURVE() 
GEOMETRIC_REPRESENTATION_ITEM() RATIONAL_B_SPLINE_CURVE((1.154151445249,
2.130975171974,1.)) REPRESENTATION_ITEM('') );
#758 = CARTESIAN_POINT('',(88.727390670204,-58.1278413494,7.));
#759 = CARTESIAN_POINT('',(86.947372426145,-99.90904193657,7.));
#760 = CARTESIAN_POINT('',(66.051380089541,-105.,7.));
#761 = PCURVE('',#66,#762);
#762 = DEFINITIONAL_REPRESENTATION('',(#763),#767);
#763 = ( BOUNDED_CURVE() B_SPLINE_CURVE(2,(#764,#765,#766),
.UNSPECIFIED.,.F.,.F.) B_SPLINE_CURVE_WITH_KNOTS((3,3),(0.479721684,
7.039224487135),.PIECEWISE_BEZIER_KNOTS.) CURVE() 
GEOMETRIC_REPRESENTATION_ITEM() RATIONAL_B_SPLINE_CURVE((1.154151445249,
2.130975171974,1.)) REPRESENTATION_ITEM('') );
#764 = CARTESIAN_POINT('',(88.727390421992,-21.12784158037));
#765 = CARTESIAN_POINT('',(86.947372177933,-62.90904216753));
#766 = CARTESIAN_POINT('',(66.051379841329,-68.00000023096));
#767 = ( GEOMETRIC_REPRESENTATION_CONTEXT(2) 
PARAMETRIC_REPRESENTATION_CONTEXT() REPRESENTATION_CONTEXT('2D SPACE',''
  ) );
#768 = PCURVE('',#769,#830);
#769 = B_SPLINE_SURFACE_WITH_KNOTS('',3,3,(
    (#770,#771,#772,#773,#774,#775,#776,#777,#778,#779,#780,#781)
    ,(#782,#783,#784,#785,#786,#787,#788,#789,#790,#791,#792,#793)
    ,(#794,#795,#796,#797,#798,#799,#800,#801,#802,#803,#804,#805)
    ,(#806,#807,#808,#809,#810,#811,#812,#813,#814,#815,#816,#817)
    ,(#818,#819,#820,#821,#822,#823,#824,#825,#826,#827,#828,#829
  )),.UNSPECIFIED.,.F.,.F.,.F.,(4,1,4),(4,1,1,1,1,1,1,1,1,4),(0.,
    0.571428571429,1.),(-4.336002675278E-50,0.772406739315,
    2.317220217945,3.08962695726,3.475830326918,3.862033696575,
    4.055135381404,4.248237066233,4.63444043589,5.406847175205),
  .UNSPECIFIED.);
#770 = CARTESIAN_POINT('',(85.730109535111,-58.00014719442,10.));
#771 = CARTESIAN_POINT('',(85.620518617469,-60.57250291483,10.));
#772 = CARTESIAN_POINT('',(85.232922377899,-68.28528329237,10.));
#773 = CARTESIAN_POINT('',(84.498964387917,-78.54576409793,10.));
#774 = CARTESIAN_POINT('',(82.943823704513,-87.45155825734,10.));
#775 = CARTESIAN_POINT('',(81.256543633661,-92.32911418268,10.));
#776 = CARTESIAN_POINT('',(79.563455718141,-95.10486940132,10.));
#777 = CARTESIAN_POINT('',(77.722362417795,-96.92006578262,10.));
#778 = CARTESIAN_POINT('',(75.63825451211,-98.44168118457,10.));
#779 = CARTESIAN_POINT('',(71.571581789137,-100.4252165679,10.));
#780 = CARTESIAN_POINT('',(67.842770000666,-101.4758055802,10.));
#781 = CARTESIAN_POINT('',(65.341252194292,-102.0852584381,10.));
#782 = CARTESIAN_POINT('',(86.626893953658,-58.03835319625,10.));
#783 = CARTESIAN_POINT('',(86.517154092053,-60.6142049806,10.));
#784 = CARTESIAN_POINT('',(86.128545846027,-68.34164458589,10.));
#785 = CARTESIAN_POINT('',(85.393772085603,-78.63103133916,10.));
#786 = CARTESIAN_POINT('',(83.82253263728,-87.64859469892,10.));
#787 = CARTESIAN_POINT('',(82.084470178426,-92.69404075832,10.));
#788 = CARTESIAN_POINT('',(80.283288937756,-95.65747977191,10.));
#789 = CARTESIAN_POINT('',(78.303043220021,-97.60954350716,10.));
#790 = CARTESIAN_POINT('',(76.087181769221,-99.22477394321,10.));
#791 = CARTESIAN_POINT('',(71.858890778956,-101.2813015929,10.));
#792 = CARTESIAN_POINT('',(68.080972499171,-102.3416248684,10.));
#793 = CARTESIAN_POINT('',(65.553721963704,-102.9573470741,10.));
#794 = CARTESIAN_POINT('',(88.179393336019,-58.10449483855,
    9.246572101057));
#795 = CARTESIAN_POINT('',(88.069397403331,-60.68635721145,
    9.246572101057));
#796 = CARTESIAN_POINT('',(87.678891214603,-68.43950627584,
    9.246572101057));
#797 = CARTESIAN_POINT('',(86.942764151104,-78.77908458026,
    9.246572101057));
#798 = CARTESIAN_POINT('',(85.342483373677,-87.99165263193,
    9.246572101057));
#799 = CARTESIAN_POINT('',(83.51674250499,-93.32647732791,9.246572101057
    ));
#800 = CARTESIAN_POINT('',(81.528254214575,-96.61447570722,
    9.246572101057));
#801 = CARTESIAN_POINT('',(79.308305876446,-98.80235645293,
    9.246572101057));
#802 = CARTESIAN_POINT('',(76.865311836416,-100.5790925975,
    9.246572101057));
#803 = CARTESIAN_POINT('',(72.35863197028,-102.7615298041,9.246572101057
    ));
#804 = CARTESIAN_POINT('',(68.493037745391,-103.8405927506,
    9.246572101057));
#805 = CARTESIAN_POINT('',(65.92154635824,-104.4670934978,9.246572101057
    ));
#806 = CARTESIAN_POINT('',(88.727390670204,-58.1278413494,7.673198425769
    ));
#807 = CARTESIAN_POINT('',(88.617303590845,-60.71184314831,
    7.673198425769));
#808 = CARTESIAN_POINT('',(88.226189798146,-68.47392547458,
    7.673198425769));
#809 = CARTESIAN_POINT('',(87.489559880435,-78.83115621179,
    7.673198425769));
#810 = CARTESIAN_POINT('',(85.87952832708,-88.1119111223,7.673198425769)
  );
#811 = CARTESIAN_POINT('',(84.022738494698,-93.5494223011,7.673198425769
    ));
#812 = CARTESIAN_POINT('',(81.968210841575,-96.95213480519,
    7.673198425769));
#813 = CARTESIAN_POINT('',(79.66314225055,-99.2237342729,7.673198425769)
  );
#814 = CARTESIAN_POINT('',(77.139566850513,-101.0577170619,
    7.673198425769));
#815 = CARTESIAN_POINT('',(72.534023278017,-103.2847911554,
    7.673198425769));
#816 = CARTESIAN_POINT('',(68.638618691544,-104.369662708,7.673198425769
    ));
#817 = CARTESIAN_POINT('',(66.051380089541,-105.,7.673198425769));
#818 = CARTESIAN_POINT('',(88.727390670204,-58.1278413494,7.));
#819 = CARTESIAN_POINT('',(88.61730393631,-60.71183503943,7.));
#820 = CARTESIAN_POINT('',(88.226161787738,-68.4739817863,7.));
#821 = CARTESIAN_POINT('',(87.489543320591,-78.83124166546,7.));
#822 = CARTESIAN_POINT('',(85.879284218321,-88.11229020595,7.));
#823 = CARTESIAN_POINT('',(84.022540089906,-93.54955464652,7.));
#824 = CARTESIAN_POINT('',(81.967977947071,-96.9521980093,7.));
#825 = CARTESIAN_POINT('',(79.663141665702,-99.22357881505,7.));
#826 = CARTESIAN_POINT('',(77.139752190688,-101.0574529773,7.));
#827 = CARTESIAN_POINT('',(72.534480998323,-103.2844389703,7.));
#828 = CARTESIAN_POINT('',(68.638559006255,-104.3696772493,7.));
#829 = CARTESIAN_POINT('',(66.051380089541,-105.,7.));
#830 = DEFINITIONAL_REPRESENTATION('',(#831),#857);
#831 = B_SPLINE_CURVE_WITH_KNOTS('',3,(#832,#833,#834,#835,#836,#837,
    #838,#839,#840,#841,#842,#843,#844,#845,#846,#847,#848,#849,#850,
    #851,#852,#853,#854,#855,#856),.UNSPECIFIED.,.F.,.F.,(4,1,1,1,1,1,1,
    1,1,1,1,1,1,1,1,1,1,1,1,1,1,1,4),(0.479721684,0.777880902325,
    1.076040120649,1.374199338973,1.672358557298,1.970517775622,
    2.268676993946,2.56683621227,2.864995430595,3.163154648919,
    3.461313867243,3.759473085568,4.057632303892,4.355791522216,
    4.65395074054,4.952109958865,5.250269177189,5.548428395513,
    5.846587613838,6.144746832162,6.442906050486,6.74106526881,
    7.039224487135),.QUASI_UNIFORM_KNOTS.);
#832 = CARTESIAN_POINT('',(1.,-4.336002675278E-50));
#833 = CARTESIAN_POINT('',(0.999999988236,0.231697969115));
#834 = CARTESIAN_POINT('',(0.999999982122,0.647883693309));
#835 = CARTESIAN_POINT('',(0.999999998187,1.157533050658));
#836 = CARTESIAN_POINT('',(1.00000004241,1.583303704519));
#837 = CARTESIAN_POINT('',(1.000000012947,1.94282428734));
#838 = CARTESIAN_POINT('',(0.999999824128,2.250392453526));
#839 = CARTESIAN_POINT('',(0.999999923531,2.51659609211));
#840 = CARTESIAN_POINT('',(1.000000084929,2.748965197881));
#841 = CARTESIAN_POINT('',(0.99999990268,2.953322736314));
#842 = CARTESIAN_POINT('',(0.999999864279,3.134609005709));
#843 = CARTESIAN_POINT('',(1.00000011844,3.296975612432));
#844 = CARTESIAN_POINT('',(1.00000004,3.443632815636));
#845 = CARTESIAN_POINT('',(0.999999873561,3.577091162164));
#846 = CARTESIAN_POINT('',(0.999999875375,3.702231894847));
#847 = CARTESIAN_POINT('',(1.000000082133,3.823503923383));
#848 = CARTESIAN_POINT('',(1.000000029193,3.944155588236));
#849 = CARTESIAN_POINT('',(1.000000033078,4.06940634016));
#850 = CARTESIAN_POINT('',(0.999999980571,4.206520286084));
#851 = CARTESIAN_POINT('',(1.000000075866,4.362542166996));
#852 = CARTESIAN_POINT('',(0.999999881928,4.54548496302));
#853 = CARTESIAN_POINT('',(1.000000115175,4.766141731653));
#854 = CARTESIAN_POINT('',(1.000000155331,5.03956780102));
#855 = CARTESIAN_POINT('',(1.000000084134,5.273402151583));
#856 = CARTESIAN_POINT('',(1.,5.406847175205));
#857 = ( GEOMETRIC_REPRESENTATION_CONTEXT(2) 
PARAMETRIC_REPRESENTATION_CONTEXT() REPRESENTATION_CONTEXT('2D SPACE',''
  ) );
#858 = ORIENTED_EDGE('',*,*,#859,.F.);
#859 = EDGE_CURVE('',#860,#754,#862,.T.);
#860 = VERTEX_POINT('',#861);
#861 = CARTESIAN_POINT('',(-66.05138008954,-105.,7.));
#862 = SURFACE_CURVE('',#863,(#867,#874),.PCURVE_S1.);
#863 = LINE('',#864,#865);
#864 = CARTESIAN_POINT('',(-87.5,-105.,7.));
#865 = VECTOR('',#866,1.);
#866 = DIRECTION('',(1.,0.,0.));
#867 = PCURVE('',#66,#868);
#868 = DEFINITIONAL_REPRESENTATION('',(#869),#873);
#869 = LINE('',#870,#871);
#870 = CARTESIAN_POINT('',(-87.50000024821,-68.00000023096));
#871 = VECTOR('',#872,1.);
#872 = DIRECTION('',(1.,0.));
#873 = ( GEOMETRIC_REPRESENTATION_CONTEXT(2) 
PARAMETRIC_REPRESENTATION_CONTEXT() REPRESENTATION_CONTEXT('2D SPACE',''
  ) );
#874 = PCURVE('',#875,#880);
#875 = CYLINDRICAL_SURFACE('',#876,3.);
#876 = AXIS2_PLACEMENT_3D('',#877,#878,#879);
#877 = CARTESIAN_POINT('',(-33.02568992066,-102.,7.));
#878 = DIRECTION('',(-1.,0.,0.));
#879 = DIRECTION('',(0.,-0.707106781187,0.707106781187));
#880 = DEFINITIONAL_REPRESENTATION('',(#881),#885);
#881 = LINE('',#882,#883);
#882 = CARTESIAN_POINT('',(5.497787143782,54.474310079335));
#883 = VECTOR('',#884,1.);
#884 = DIRECTION('',(0.,-1.));
#885 = ( GEOMETRIC_REPRESENTATION_CONTEXT(2) 
PARAMETRIC_REPRESENTATION_CONTEXT() REPRESENTATION_CONTEXT('2D SPACE',''
  ) );
#886 = ORIENTED_EDGE('',*,*,#887,.F.);
#887 = EDGE_CURVE('',#888,#860,#890,.T.);
#888 = VERTEX_POINT('',#889);
#889 = CARTESIAN_POINT('',(-88.7273906702,-58.12784134942,7.));
#890 = SURFACE_CURVE('',#891,(#895,#902),.PCURVE_S1.);
#891 = ( BOUNDED_CURVE() B_SPLINE_CURVE(2,(#892,#893,#894),
.UNSPECIFIED.,.F.,.F.) B_SPLINE_CURVE_WITH_KNOTS((3,3),(0.479721684002,
7.039224487135),.PIECEWISE_BEZIER_KNOTS.) CURVE() 
GEOMETRIC_REPRESENTATION_ITEM() RATIONAL_B_SPLINE_CURVE((1.154151445249,
2.130975171974,1.)) REPRESENTATION_ITEM('') );
#892 = CARTESIAN_POINT('',(-88.7273906702,-58.12784134942,7.));
#893 = CARTESIAN_POINT('',(-86.94737242614,-99.90904193657,7.));
#894 = CARTESIAN_POINT('',(-66.05138008954,-105.,7.));
#895 = PCURVE('',#66,#896);
#896 = DEFINITIONAL_REPRESENTATION('',(#897),#901);
#897 = ( BOUNDED_CURVE() B_SPLINE_CURVE(2,(#898,#899,#900),
.UNSPECIFIED.,.F.,.F.) B_SPLINE_CURVE_WITH_KNOTS((3,3),(0.479721684002,
7.039224487135),.PIECEWISE_BEZIER_KNOTS.) CURVE() 
GEOMETRIC_REPRESENTATION_ITEM() RATIONAL_B_SPLINE_CURVE((1.154151445249,
2.130975171974,1.)) REPRESENTATION_ITEM('') );
#898 = CARTESIAN_POINT('',(-88.72739091841,-21.12784158039));
#899 = CARTESIAN_POINT('',(-86.94737267435,-62.90904216753));
#900 = CARTESIAN_POINT('',(-66.05138033775,-68.00000023096));
#901 = ( GEOMETRIC_REPRESENTATION_CONTEXT(2) 
PARAMETRIC_REPRESENTATION_CONTEXT() REPRESENTATION_CONTEXT('2D SPACE',''
  ) );
#902 = PCURVE('',#903,#969);
#903 = B_SPLINE_SURFACE_WITH_KNOTS('',3,3,(
    (#904,#905,#906,#907,#908,#909,#910,#911,#912,#913,#914,#915,#916)
    ,(#917,#918,#919,#920,#921,#922,#923,#924,#925,#926,#927,#928,#929)
    ,(#930,#931,#932,#933,#934,#935,#936,#937,#938,#939,#940,#941,#942)
    ,(#943,#944,#945,#946,#947,#948,#949,#950,#951,#952,#953,#954,#955)
    ,(#956,#957,#958,#959,#960,#961,#962,#963,#964,#965,#966,#967,#968
  )),.UNSPECIFIED.,.F.,.F.,.F.,(4,1,4),(4,1,1,1,1,1,1,1,1,1,4),(0.,
    0.571428571429,1.),(1.463158278389E-16,0.386195267125,0.772390534249
    ,1.158585801374,1.351683434936,1.544781068498,1.930976335623,
    2.317171602748,3.089562136997,3.861952671246,5.406733739744),
  .UNSPECIFIED.);
#904 = CARTESIAN_POINT('',(-65.34125219429,-102.0852584381,10.));
#905 = CARTESIAN_POINT('',(-66.5919848566,-101.7805384023,10.));
#906 = CARTESIAN_POINT('',(-69.08047656383,-101.1174506595,10.));
#907 = CARTESIAN_POINT('',(-72.7360318855,-99.86127408015,10.));
#908 = CARTESIAN_POINT('',(-75.63805735602,-98.44069882476,10.));
#909 = CARTESIAN_POINT('',(-77.72219639751,-96.9201275642,10.));
#910 = CARTESIAN_POINT('',(-79.56341271187,-95.10423392019,10.));
#911 = CARTESIAN_POINT('',(-81.25567787621,-92.32983465997,10.));
#912 = CARTESIAN_POINT('',(-82.93794436085,-87.45061037174,10.));
#913 = CARTESIAN_POINT('',(-84.06801701969,-81.09665392354,10.));
#914 = CARTESIAN_POINT('',(-85.11450492788,-70.85115776345,10.));
#915 = CARTESIAN_POINT('',(-85.51093229825,-63.1447506994,10.));
#916 = CARTESIAN_POINT('',(-85.73010953511,-58.00014719444,10.));
#917 = CARTESIAN_POINT('',(-65.5537219637,-102.9573470741,10.));
#918 = CARTESIAN_POINT('',(-66.81732072062,-102.6494924301,10.));
#919 = CARTESIAN_POINT('',(-69.33718118279,-101.9783845177,10.));
#920 = CARTESIAN_POINT('',(-73.06964862163,-100.6967731339,10.));
#921 = CARTESIAN_POINT('',(-76.08733811775,-99.22350690709,10.));
#922 = CARTESIAN_POINT('',(-78.3028721004,-97.60942002241,10.));
#923 = CARTESIAN_POINT('',(-80.28362661361,-95.65631435672,10.));
#924 = CARTESIAN_POINT('',(-82.08313216353,-92.69498810541,10.));
#925 = CARTESIAN_POINT('',(-83.8163934957,-87.64881284311,10.));
#926 = CARTESIAN_POINT('',(-84.95876329378,-81.21218268554,10.));
#927 = CARTESIAN_POINT('',(-86.01078116921,-70.90919426995,10.));
#928 = CARTESIAN_POINT('',(-86.40741883512,-63.18994868243,10.));
#929 = CARTESIAN_POINT('',(-86.62689395365,-58.03835319627,10.));
#930 = CARTESIAN_POINT('',(-65.92154635824,-104.4670934978,9.24657210106
    ));
#931 = CARTESIAN_POINT('',(-67.20726507691,-104.1538496962,9.24657210106
    ));
#932 = CARTESIAN_POINT('',(-69.78231189624,-103.4682082958,9.24657210106
    ));
#933 = CARTESIAN_POINT('',(-73.64780492562,-102.1424361038,9.24657210106
    ));
#934 = CARTESIAN_POINT('',(-76.8663122358,-100.5771210682,9.24657210106)
  );
#935 = CARTESIAN_POINT('',(-79.30797642478,-98.80209410769,9.24657210106
    ));
#936 = CARTESIAN_POINT('',(-81.52939330413,-96.61223360935,9.24657210106
    ));
#937 = CARTESIAN_POINT('',(-83.51409288886,-93.32857321737,9.24657210106
    ));
#938 = CARTESIAN_POINT('',(-85.33606080057,-87.99348110827,9.24657210106
    ));
#939 = CARTESIAN_POINT('',(-86.50060718152,-81.41261471241,9.24657210106
    ));
#940 = CARTESIAN_POINT('',(-87.56213373887,-71.01039525917,9.24657210106
    ));
#941 = CARTESIAN_POINT('',(-87.95940608606,-63.26811124961,9.24657210106
    ));
#942 = CARTESIAN_POINT('',(-88.17939333602,-58.10449483858,9.24657210106
    ));
#943 = CARTESIAN_POINT('',(-66.05138008954,-105.,7.673198425769));
#944 = CARTESIAN_POINT('',(-67.34497225045,-104.6848379662,
    7.673198425769));
#945 = CARTESIAN_POINT('',(-69.93912233692,-103.9943437203,
    7.673198425769));
#946 = CARTESIAN_POINT('',(-73.85162312969,-102.6530386092,
    7.673198425769));
#947 = CARTESIAN_POINT('',(-77.14076609253,-101.055587239,7.673198425769
    ));
#948 = CARTESIAN_POINT('',(-79.66282074617,-99.22334525873,
    7.673198425769));
#949 = CARTESIAN_POINT('',(-81.96957201791,-96.94958066687,
    7.673198425769));
#950 = CARTESIAN_POINT('',(-84.01983685537,-93.55160089521,
    7.673198425769));
#951 = CARTESIAN_POINT('',(-85.87293469127,-88.11448233637,
    7.673198425769));
#952 = CARTESIAN_POINT('',(-87.04492976569,-81.48317892962,
    7.673198425769));
#953 = CARTESIAN_POINT('',(-88.10984030439,-71.04580562836,
    7.673198425769));
#954 = CARTESIAN_POINT('',(-88.50722113073,-63.29573652272,
    7.673198425769));
#955 = CARTESIAN_POINT('',(-88.7273906702,-58.12784134942,7.673198425769
    ));
#956 = CARTESIAN_POINT('',(-66.05138008954,-105.,7.));
#957 = CARTESIAN_POINT('',(-67.34494240843,-104.6848452367,7.));
#958 = CARTESIAN_POINT('',(-69.93926368207,-103.9942249013,7.));
#959 = CARTESIAN_POINT('',(-73.85174048772,-102.6528948351,7.));
#960 = CARTESIAN_POINT('',(-77.1409965132,-101.0552820373,7.));
#961 = CARTESIAN_POINT('',(-79.66279111944,-99.22322512992,7.));
#962 = CARTESIAN_POINT('',(-81.9693667819,-96.94961293224,7.));
#963 = CARTESIAN_POINT('',(-84.01954248171,-93.55188005612,7.));
#964 = CARTESIAN_POINT('',(-85.87272289223,-88.11478210961,7.));
#965 = CARTESIAN_POINT('',(-87.0448904579,-81.48326253919,7.));
#966 = CARTESIAN_POINT('',(-88.10978842595,-71.045947256,7.));
#967 = CARTESIAN_POINT('',(-88.50722182164,-63.2957203053,7.));
#968 = CARTESIAN_POINT('',(-88.7273906702,-58.12784134942,7.));
#969 = DEFINITIONAL_REPRESENTATION('',(#970),#996);
#970 = B_SPLINE_CURVE_WITH_KNOTS('',3,(#971,#972,#973,#974,#975,#976,
    #977,#978,#979,#980,#981,#982,#983,#984,#985,#986,#987,#988,#989,
    #990,#991,#992,#993,#994,#995),.UNSPECIFIED.,.F.,.F.,(4,1,1,1,1,1,1,
    1,1,1,1,1,1,1,1,1,1,1,1,1,1,1,4),(0.479721684002,0.777880902326,
    1.07604012065,1.374199338974,1.672358557298,1.970517775623,
    2.268676993947,2.566836212271,2.864995430595,3.16315464892,
    3.461313867244,3.759473085568,4.057632303892,4.355791522217,
    4.653950740541,4.952109958865,5.250269177189,5.548428395514,
    5.846587613838,6.144746832162,6.442906050486,6.74106526881,
    7.039224487135),.QUASI_UNIFORM_KNOTS.);
#971 = CARTESIAN_POINT('',(1.,5.406733739744));
#972 = CARTESIAN_POINT('',(1.000000000324,5.174784671864));
#973 = CARTESIAN_POINT('',(1.000000010015,4.758389346339));
#974 = CARTESIAN_POINT('',(1.000000033829,4.248923615211));
#975 = CARTESIAN_POINT('',(0.999999988224,3.823661474161));
#976 = CARTESIAN_POINT('',(1.00000000749,3.464077983474));
#977 = CARTESIAN_POINT('',(0.999999972948,3.156403110717));
#978 = CARTESIAN_POINT('',(1.00000008327,2.890222131005));
#979 = CARTESIAN_POINT('',(1.000000134665,2.657960883377));
#980 = CARTESIAN_POINT('',(0.999999829625,2.453724089415));
#981 = CARTESIAN_POINT('',(0.999999675001,2.272514286727));
#982 = CARTESIAN_POINT('',(0.999999992521,2.110149215655));
#983 = CARTESIAN_POINT('',(0.999999953963,1.963414653343));
#984 = CARTESIAN_POINT('',(0.999999823654,1.829808920681));
#985 = CARTESIAN_POINT('',(0.99999985945,1.704527622948));
#986 = CARTESIAN_POINT('',(1.000000058265,1.583171592698));
#987 = CARTESIAN_POINT('',(1.000000005707,1.462564790277));
#988 = CARTESIAN_POINT('',(1.000000013259,1.3373891557));
#989 = CARTESIAN_POINT('',(0.999999951889,1.200198447714));
#990 = CARTESIAN_POINT('',(1.000000069643,1.044170433095));
#991 = CARTESIAN_POINT('',(0.999999999076,0.861304260282));
#992 = CARTESIAN_POINT('',(0.999999999519,0.640442990832));
#993 = CARTESIAN_POINT('',(0.999999997745,0.366898405804));
#994 = CARTESIAN_POINT('',(1.000000000323,0.133240279827));
#995 = CARTESIAN_POINT('',(1.,1.463158278389E-16));
#996 = ( GEOMETRIC_REPRESENTATION_CONTEXT(2) 
PARAMETRIC_REPRESENTATION_CONTEXT() REPRESENTATION_CONTEXT('2D SPACE',''
  ) );
#997 = ORIENTED_EDGE('',*,*,#998,.T.);
#998 = EDGE_CURVE('',#888,#999,#1001,.T.);
#999 = VERTEX_POINT('',#1000);
#1000 = CARTESIAN_POINT('',(-90.84907040917,22.895839003705,7.));
#1001 = SURFACE_CURVE('',#1002,(#1006,#1013),.PCURVE_S1.);
#1002 = LINE('',#1003,#1004);
#1003 = CARTESIAN_POINT('',(-87.5,-105.,7.));
#1004 = VECTOR('',#1005,1.);
#1005 = DIRECTION('',(-2.617694830787E-02,0.999657324976,0.));
#1006 = PCURVE('',#66,#1007);
#1007 = DEFINITIONAL_REPRESENTATION('',(#1008),#1012);
#1008 = LINE('',#1009,#1010);
#1009 = CARTESIAN_POINT('',(-87.50000024821,-68.00000023096));
#1010 = VECTOR('',#1011,1.);
#1011 = DIRECTION('',(-2.617694830787E-02,0.999657324976));
#1012 = ( GEOMETRIC_REPRESENTATION_CONTEXT(2) 
PARAMETRIC_REPRESENTATION_CONTEXT() REPRESENTATION_CONTEXT('2D SPACE',''
  ) );
#1013 = PCURVE('',#1014,#1019);
#1014 = CYLINDRICAL_SURFACE('',#1015,3.);
#1015 = AXIS2_PLACEMENT_3D('',#1016,#1017,#1018);
#1016 = CARTESIAN_POINT('',(-87.03529556148,-8.141696493053,7.));
#1017 = DIRECTION('',(-2.617694830787E-02,0.999657324976,0.));
#1018 = DIRECTION('',(-0.706864473353,-1.850989765927E-02,0.707106781187
    ));
#1019 = DEFINITIONAL_REPRESENTATION('',(#1020),#1024);
#1020 = LINE('',#1021,#1022);
#1021 = CARTESIAN_POINT('',(-0.785398163397,-96.81294804136));
#1022 = VECTOR('',#1023,1.);
#1023 = DIRECTION('',(4.383281822147E-17,1.));
#1024 = ( GEOMETRIC_REPRESENTATION_CONTEXT(2) 
PARAMETRIC_REPRESENTATION_CONTEXT() REPRESENTATION_CONTEXT('2D SPACE',''
  ) );
#1025 = ORIENTED_EDGE('',*,*,#1026,.F.);
#1026 = EDGE_CURVE('',#1027,#999,#1029,.T.);
#1027 = VERTEX_POINT('',#1028);
#1028 = CARTESIAN_POINT('',(-89.00006099695,25.745215586736,7.));
#1029 = SURFACE_CURVE('',#1030,(#1035,#1042),.PCURVE_S1.);
#1030 = CIRCLE('',#1031,3.);
#1031 = AXIS2_PLACEMENT_3D('',#1032,#1033,#1034);
#1032 = CARTESIAN_POINT('',(-87.85009843425,22.974369848629,7.));
#1033 = DIRECTION('',(0.,0.,1.));
#1034 = DIRECTION('',(-0.383320854233,0.923615246036,0.));
#1035 = PCURVE('',#66,#1036);
#1036 = DEFINITIONAL_REPRESENTATION('',(#1037),#1041);
#1037 = CIRCLE('',#1038,3.);
#1038 = AXIS2_PLACEMENT_2D('',#1039,#1040);
#1039 = CARTESIAN_POINT('',(-87.85009868246,59.974369617661));
#1040 = DIRECTION('',(-0.383320854233,0.923615246036));
#1041 = ( GEOMETRIC_REPRESENTATION_CONTEXT(2) 
PARAMETRIC_REPRESENTATION_CONTEXT() REPRESENTATION_CONTEXT('2D SPACE',''
  ) );
#1042 = PCURVE('',#1043,#1048);
#1043 = SPHERICAL_SURFACE('',#1044,3.);
#1044 = AXIS2_PLACEMENT_3D('',#1045,#1046,#1047);
#1045 = CARTESIAN_POINT('',(-87.85009843425,22.974369848629,7.));
#1046 = DIRECTION('',(-0.435043385672,0.282307126276,-0.855008736234));
#1047 = DIRECTION('',(-0.717231285385,0.465423701913,0.518613595042));
#1048 = DEFINITIONAL_REPRESENTATION('',(#1049),#1075);
#1049 = B_SPLINE_CURVE_WITH_KNOTS('',3,(#1050,#1051,#1052,#1053,#1054,
    #1055,#1056,#1057,#1058,#1059,#1060,#1061,#1062,#1063,#1064,#1065,
    #1066,#1067,#1068,#1069,#1070,#1071,#1072,#1073,#1074),
  .UNSPECIFIED.,.F.,.F.,(4,1,1,1,1,1,1,1,1,1,1,1,1,1,1,1,1,1,1,1,1,1,4),
  (0.,5.470850657946E-02,0.109417013159,0.164125519738,0.218834026318,
    0.273542532897,0.328251039477,0.382959546056,0.437668052636,
    0.492376559215,0.547085065795,0.601793572374,0.656502078953,
    0.711210585533,0.765919092112,0.820627598692,0.875336105271,
    0.930044611851,0.98475311843,1.03946162501,1.094170131589,
    1.148878638169,1.203587144748),.QUASI_UNIFORM_KNOTS.);
#1050 = CARTESIAN_POINT('',(6.959895803335,0.441730354919));
#1051 = CARTESIAN_POINT('',(6.940818116865,0.447653172596));
#1052 = CARTESIAN_POINT('',(6.902337346052,0.459075987407));
#1053 = CARTESIAN_POINT('',(6.843671950647,0.47486588687));
#1054 = CARTESIAN_POINT('',(6.784088123448,0.48923434451));
#1055 = CARTESIAN_POINT('',(6.723633186487,0.502108644058));
#1056 = CARTESIAN_POINT('',(6.662369168576,0.513420406592));
#1057 = CARTESIAN_POINT('',(6.600374638592,0.52310713322));
#1058 = CARTESIAN_POINT('',(6.537743526041,0.531113335457));
#1059 = CARTESIAN_POINT('',(6.474583983415,0.537391729343));
#1060 = CARTESIAN_POINT('',(6.411016451618,0.541904294101));
#1061 = CARTESIAN_POINT('',(6.347171190944,0.544623176001));
#1062 = CARTESIAN_POINT('',(6.28318530718,0.545531375133));
#1063 = CARTESIAN_POINT('',(6.219199423416,0.544623176001));
#1064 = CARTESIAN_POINT('',(6.155354162741,0.541904294101));
#1065 = CARTESIAN_POINT('',(6.091786630944,0.537391729343));
#1066 = CARTESIAN_POINT('',(6.028627088318,0.531113335457));
#1067 = CARTESIAN_POINT('',(5.965995975767,0.52310713322));
#1068 = CARTESIAN_POINT('',(5.904001445783,0.513420406592));
#1069 = CARTESIAN_POINT('',(5.842737427873,0.502108644058));
#1070 = CARTESIAN_POINT('',(5.782282490911,0.489234344511));
#1071 = CARTESIAN_POINT('',(5.722698663712,0.47486588687));
#1072 = CARTESIAN_POINT('',(5.664033268307,0.459075987407));
#1073 = CARTESIAN_POINT('',(5.625552497495,0.447653172596));
#1074 = CARTESIAN_POINT('',(5.606474811024,0.441730354919));
#1075 = ( GEOMETRIC_REPRESENTATION_CONTEXT(2) 
PARAMETRIC_REPRESENTATION_CONTEXT() REPRESENTATION_CONTEXT('2D SPACE',''
  ) );
#1076 = ORIENTED_EDGE('',*,*,#1077,.T.);
#1077 = EDGE_CURVE('',#1027,#1078,#1080,.T.);
#1078 = VERTEX_POINT('',#1079);
#1079 = CARTESIAN_POINT('',(-76.89075620924,30.770846200043,7.));
#1080 = SURFACE_CURVE('',#1081,(#1085,#1092),.PCURVE_S1.);
#1081 = LINE('',#1082,#1083);
#1082 = CARTESIAN_POINT('',(-89.00006099695,25.745215586736,7.));
#1083 = VECTOR('',#1084,1.);
#1084 = DIRECTION('',(0.923615246036,0.383320854233,0.));
#1085 = PCURVE('',#66,#1086);
#1086 = DEFINITIONAL_REPRESENTATION('',(#1087),#1091);
#1087 = LINE('',#1088,#1089);
#1088 = CARTESIAN_POINT('',(-89.00006124516,62.745215355768));
#1089 = VECTOR('',#1090,1.);
#1090 = DIRECTION('',(0.923615246036,0.383320854233));
#1091 = ( GEOMETRIC_REPRESENTATION_CONTEXT(2) 
PARAMETRIC_REPRESENTATION_CONTEXT() REPRESENTATION_CONTEXT('2D SPACE',''
  ) );
#1092 = PCURVE('',#1093,#1098);
#1093 = CYLINDRICAL_SURFACE('',#1094,3.);
#1094 = AXIS2_PLACEMENT_3D('',#1095,#1096,#1097);
#1095 = CARTESIAN_POINT('',(-54.94121088398,36.632289574165,7.));
#1096 = DIRECTION('',(0.923615246036,0.383320854233,0.));
#1097 = DIRECTION('',(-0.271048775399,0.653094603679,0.707106781187));
#1098 = DEFINITIONAL_REPRESENTATION('',(#1099),#1103);
#1099 = LINE('',#1100,#1101);
#1100 = CARTESIAN_POINT('',(5.497787143782,-35.63051572774));
#1101 = VECTOR('',#1102,1.);
#1102 = DIRECTION('',(0.,1.));
#1103 = ( GEOMETRIC_REPRESENTATION_CONTEXT(2) 
PARAMETRIC_REPRESENTATION_CONTEXT() REPRESENTATION_CONTEXT('2D SPACE',''
  ) );
#1104 = ORIENTED_EDGE('',*,*,#1105,.F.);
#1105 = EDGE_CURVE('',#591,#1078,#1106,.T.);
#1106 = SURFACE_CURVE('',#1107,(#1112,#1119),.PCURVE_S1.);
#1107 = CIRCLE('',#1108,3.);
#1108 = AXIS2_PLACEMENT_3D('',#1109,#1110,#1111);
#1109 = CARTESIAN_POINT('',(-75.74079364654,28.000000461936,7.));
#1110 = DIRECTION('',(0.,0.,1.));
#1111 = DIRECTION('',(-1.480297366167E-14,1.,0.));
#1112 = PCURVE('',#66,#1113);
#1113 = DEFINITIONAL_REPRESENTATION('',(#1114),#1118);
#1114 = CIRCLE('',#1115,3.);
#1115 = AXIS2_PLACEMENT_2D('',#1116,#1117);
#1116 = CARTESIAN_POINT('',(-75.74079389476,65.000000230968));
#1117 = DIRECTION('',(-1.480297366167E-14,1.));
#1118 = ( GEOMETRIC_REPRESENTATION_CONTEXT(2) 
PARAMETRIC_REPRESENTATION_CONTEXT() REPRESENTATION_CONTEXT('2D SPACE',''
  ) );
#1119 = PCURVE('',#1120,#1125);
#1120 = SPHERICAL_SURFACE('',#1121,3.);
#1121 = AXIS2_PLACEMENT_3D('',#1122,#1123,#1124);
#1122 = CARTESIAN_POINT('',(-75.74079364654,28.000000461936,7.));
#1123 = DIRECTION('',(-0.984726784042,-0.154479635373,
    -8.030693024043E-02));
#1124 = DIRECTION('',(-0.174106751132,0.873718184689,0.454206311002));
#1125 = DEFINITIONAL_REPRESENTATION('',(#1126),#1129);
#1126 = B_SPLINE_CURVE_WITH_KNOTS('',1,(#1127,#1128),.UNSPECIFIED.,.F.,
  .F.,(2,2),(0.,0.393389120827),.PIECEWISE_BEZIER_KNOTS.);
#1127 = CARTESIAN_POINT('',(6.768916657102,-0.155100744639));
#1128 = CARTESIAN_POINT('',(6.736857843082,0.236998990173));
#1129 = ( GEOMETRIC_REPRESENTATION_CONTEXT(2) 
PARAMETRIC_REPRESENTATION_CONTEXT() REPRESENTATION_CONTEXT('2D SPACE',''
  ) );
#1130 = FACE_BOUND('',#1131,.T.);
#1131 = EDGE_LOOP('',(#1132,#1162,#1190,#1218));
#1132 = ORIENTED_EDGE('',*,*,#1133,.T.);
#1133 = EDGE_CURVE('',#1134,#1136,#1138,.T.);
#1134 = VERTEX_POINT('',#1135);
#1135 = CARTESIAN_POINT('',(36.622425085067,-94.76909863505,7.));
#1136 = VERTEX_POINT('',#1137);
#1137 = CARTESIAN_POINT('',(36.622425085067,-45.16909863505,7.));
#1138 = SURFACE_CURVE('',#1139,(#1143,#1150),.PCURVE_S1.);
#1139 = LINE('',#1140,#1141);
#1140 = CARTESIAN_POINT('',(36.622425085067,-41.08454920204,7.));
#1141 = VECTOR('',#1142,1.);
#1142 = DIRECTION('',(-1.07440937867E-15,1.,0.));
#1143 = PCURVE('',#66,#1144);
#1144 = DEFINITIONAL_REPRESENTATION('',(#1145),#1149);
#1145 = LINE('',#1146,#1147);
#1146 = CARTESIAN_POINT('',(36.622424836855,-4.084549433011));
#1147 = VECTOR('',#1148,1.);
#1148 = DIRECTION('',(-1.07440937867E-15,1.));
#1149 = ( GEOMETRIC_REPRESENTATION_CONTEXT(2) 
PARAMETRIC_REPRESENTATION_CONTEXT() REPRESENTATION_CONTEXT('2D SPACE',''
  ) );
#1150 = PCURVE('',#1151,#1156);
#1151 = CYLINDRICAL_SURFACE('',#1152,3.);
#1152 = AXIS2_PLACEMENT_3D('',#1153,#1154,#1155);
#1153 = CARTESIAN_POINT('',(39.622425085067,-41.08454920204,7.));
#1154 = DIRECTION('',(1.07440937867E-15,-1.,0.));
#1155 = DIRECTION('',(-0.707106781187,-7.597221574276E-16,0.707106781187
    ));
#1156 = DEFINITIONAL_REPRESENTATION('',(#1157),#1161);
#1157 = LINE('',#1158,#1159);
#1158 = CARTESIAN_POINT('',(7.068583470577,0.));
#1159 = VECTOR('',#1160,1.);
#1160 = DIRECTION('',(0.,-1.));
#1161 = ( GEOMETRIC_REPRESENTATION_CONTEXT(2) 
PARAMETRIC_REPRESENTATION_CONTEXT() REPRESENTATION_CONTEXT('2D SPACE',''
  ) );
#1162 = ORIENTED_EDGE('',*,*,#1163,.T.);
#1163 = EDGE_CURVE('',#1136,#1164,#1166,.T.);
#1164 = VERTEX_POINT('',#1165);
#1165 = CARTESIAN_POINT('',(-32.17757491492,-45.16909863505,7.));
#1166 = SURFACE_CURVE('',#1167,(#1171,#1178),.PCURVE_S1.);
#1167 = LINE('',#1168,#1169);
#1168 = CARTESIAN_POINT('',(-16.08878733335,-45.16909863505,7.));
#1169 = VECTOR('',#1170,1.);
#1170 = DIRECTION('',(-1.,-1.290957005378E-15,0.));
#1171 = PCURVE('',#66,#1172);
#1172 = DEFINITIONAL_REPRESENTATION('',(#1173),#1177);
#1173 = LINE('',#1174,#1175);
#1174 = CARTESIAN_POINT('',(-16.08878758156,-8.169098866023));
#1175 = VECTOR('',#1176,1.);
#1176 = DIRECTION('',(-1.,-1.290957005378E-15));
#1177 = ( GEOMETRIC_REPRESENTATION_CONTEXT(2) 
PARAMETRIC_REPRESENTATION_CONTEXT() REPRESENTATION_CONTEXT('2D SPACE',''
  ) );
#1178 = PCURVE('',#1179,#1184);
#1179 = CYLINDRICAL_SURFACE('',#1180,3.);
#1180 = AXIS2_PLACEMENT_3D('',#1181,#1182,#1183);
#1181 = CARTESIAN_POINT('',(-16.08878733335,-42.16909863505,7.));
#1182 = DIRECTION('',(1.,1.290957005378E-15,0.));
#1183 = DIRECTION('',(9.128444527232E-16,-0.707106781187,0.707106781187)
  );
#1184 = DEFINITIONAL_REPRESENTATION('',(#1185),#1189);
#1185 = LINE('',#1186,#1187);
#1186 = CARTESIAN_POINT('',(7.068583470577,0.));
#1187 = VECTOR('',#1188,1.);
#1188 = DIRECTION('',(0.,-1.));
#1189 = ( GEOMETRIC_REPRESENTATION_CONTEXT(2) 
PARAMETRIC_REPRESENTATION_CONTEXT() REPRESENTATION_CONTEXT('2D SPACE',''
  ) );
#1190 = ORIENTED_EDGE('',*,*,#1191,.T.);
#1191 = EDGE_CURVE('',#1164,#1192,#1194,.T.);
#1192 = VERTEX_POINT('',#1193);
#1193 = CARTESIAN_POINT('',(-32.17757491492,-94.76909863505,7.));
#1194 = SURFACE_CURVE('',#1195,(#1199,#1206),.PCURVE_S1.);
#1195 = LINE('',#1196,#1197);
#1196 = CARTESIAN_POINT('',(-32.17757491492,-65.88454920204,7.));
#1197 = VECTOR('',#1198,1.);
#1198 = DIRECTION('',(1.07440937867E-15,-1.,0.));
#1199 = PCURVE('',#66,#1200);
#1200 = DEFINITIONAL_REPRESENTATION('',(#1201),#1205);
#1201 = LINE('',#1202,#1203);
#1202 = CARTESIAN_POINT('',(-32.17757516313,-28.88454943301));
#1203 = VECTOR('',#1204,1.);
#1204 = DIRECTION('',(1.07440937867E-15,-1.));
#1205 = ( GEOMETRIC_REPRESENTATION_CONTEXT(2) 
PARAMETRIC_REPRESENTATION_CONTEXT() REPRESENTATION_CONTEXT('2D SPACE',''
  ) );
#1206 = PCURVE('',#1207,#1212);
#1207 = CYLINDRICAL_SURFACE('',#1208,3.);
#1208 = AXIS2_PLACEMENT_3D('',#1209,#1210,#1211);
#1209 = CARTESIAN_POINT('',(-35.17757491492,-65.88454920204,7.));
#1210 = DIRECTION('',(-1.07440937867E-15,1.,0.));
#1211 = DIRECTION('',(0.707106781187,7.597221574276E-16,0.707106781187)
  );
#1212 = DEFINITIONAL_REPRESENTATION('',(#1213),#1217);
#1213 = LINE('',#1214,#1215);
#1214 = CARTESIAN_POINT('',(0.785398163397,-7.105427357601E-15));
#1215 = VECTOR('',#1216,1.);
#1216 = DIRECTION('',(0.,-1.));
#1217 = ( GEOMETRIC_REPRESENTATION_CONTEXT(2) 
PARAMETRIC_REPRESENTATION_CONTEXT() REPRESENTATION_CONTEXT('2D SPACE',''
  ) );
#1218 = ORIENTED_EDGE('',*,*,#1219,.T.);
#1219 = EDGE_CURVE('',#1192,#1134,#1220,.T.);
#1220 = SURFACE_CURVE('',#1221,(#1225,#1232),.PCURVE_S1.);
#1221 = LINE('',#1222,#1223);
#1222 = CARTESIAN_POINT('',(18.311212666639,-94.76909863505,7.));
#1223 = VECTOR('',#1224,1.);
#1224 = DIRECTION('',(1.,1.032765604303E-15,0.));
#1225 = PCURVE('',#66,#1226);
#1226 = DEFINITIONAL_REPRESENTATION('',(#1227),#1231);
#1227 = LINE('',#1228,#1229);
#1228 = CARTESIAN_POINT('',(18.311212418428,-57.76909886602));
#1229 = VECTOR('',#1230,1.);
#1230 = DIRECTION('',(1.,1.032765604303E-15));
#1231 = ( GEOMETRIC_REPRESENTATION_CONTEXT(2) 
PARAMETRIC_REPRESENTATION_CONTEXT() REPRESENTATION_CONTEXT('2D SPACE',''
  ) );
#1232 = PCURVE('',#1233,#1238);
#1233 = CYLINDRICAL_SURFACE('',#1234,3.);
#1234 = AXIS2_PLACEMENT_3D('',#1235,#1236,#1237);
#1235 = CARTESIAN_POINT('',(18.311212666639,-97.76909863505,7.));
#1236 = DIRECTION('',(-1.,-1.032765604303E-15,0.));
#1237 = DIRECTION('',(-7.302755621786E-16,0.707106781187,0.707106781187)
  );
#1238 = DEFINITIONAL_REPRESENTATION('',(#1239),#1243);
#1239 = LINE('',#1240,#1241);
#1240 = CARTESIAN_POINT('',(7.068583470577,0.));
#1241 = VECTOR('',#1242,1.);
#1242 = DIRECTION('',(0.,-1.));
#1243 = ( GEOMETRIC_REPRESENTATION_CONTEXT(2) 
PARAMETRIC_REPRESENTATION_CONTEXT() REPRESENTATION_CONTEXT('2D SPACE',''
  ) );
#1244 = FACE_BOUND('',#1245,.T.);
#1245 = EDGE_LOOP('',(#1246,#1276,#1304,#1332));
#1246 = ORIENTED_EDGE('',*,*,#1247,.T.);
#1247 = EDGE_CURVE('',#1248,#1250,#1252,.T.);
#1248 = VERTEX_POINT('',#1249);
#1249 = CARTESIAN_POINT('',(29.999804161036,-39.00352454037,7.));
#1250 = VERTEX_POINT('',#1251);
#1251 = CARTESIAN_POINT('',(41.999804161036,-39.00352454037,7.));
#1252 = SURFACE_CURVE('',#1253,(#1257,#1264),.PCURVE_S1.);
#1253 = LINE('',#1254,#1255);
#1254 = CARTESIAN_POINT('',(20.999902204624,-39.00352454037,7.));
#1255 = VECTOR('',#1256,1.);
#1256 = DIRECTION('',(1.,0.,0.));
#1257 = PCURVE('',#66,#1258);
#1258 = DEFINITIONAL_REPRESENTATION('',(#1259),#1263);
#1259 = LINE('',#1260,#1261);
#1260 = CARTESIAN_POINT('',(20.999901956412,-2.003524771345));
#1261 = VECTOR('',#1262,1.);
#1262 = DIRECTION('',(1.,0.));
#1263 = ( GEOMETRIC_REPRESENTATION_CONTEXT(2) 
PARAMETRIC_REPRESENTATION_CONTEXT() REPRESENTATION_CONTEXT('2D SPACE',''
  ) );
#1264 = PCURVE('',#1265,#1270);
#1265 = PLANE('',#1266);
#1266 = AXIS2_PLACEMENT_3D('',#1267,#1268,#1269);
#1267 = CARTESIAN_POINT('',(41.999804161036,-39.00352454037,10.));
#1268 = DIRECTION('',(0.,-1.,0.));
#1269 = DIRECTION('',(-1.,0.,0.));
#1270 = DEFINITIONAL_REPRESENTATION('',(#1271),#1275);
#1271 = LINE('',#1272,#1273);
#1272 = CARTESIAN_POINT('',(20.999901956412,3.));
#1273 = VECTOR('',#1274,1.);
#1274 = DIRECTION('',(-1.,-0.));
#1275 = ( GEOMETRIC_REPRESENTATION_CONTEXT(2) 
PARAMETRIC_REPRESENTATION_CONTEXT() REPRESENTATION_CONTEXT('2D SPACE',''
  ) );
#1276 = ORIENTED_EDGE('',*,*,#1277,.T.);
#1277 = EDGE_CURVE('',#1250,#1278,#1280,.T.);
#1278 = VERTEX_POINT('',#1279);
#1279 = CARTESIAN_POINT('',(41.999804161036,-27.00352454037,7.));
#1280 = SURFACE_CURVE('',#1281,(#1285,#1292),.PCURVE_S1.);
#1281 = LINE('',#1282,#1283);
#1282 = CARTESIAN_POINT('',(41.999804161036,-32.0017621547,7.));
#1283 = VECTOR('',#1284,1.);
#1284 = DIRECTION('',(0.,1.,0.));
#1285 = PCURVE('',#66,#1286);
#1286 = DEFINITIONAL_REPRESENTATION('',(#1287),#1291);
#1287 = LINE('',#1288,#1289);
#1288 = CARTESIAN_POINT('',(41.999803912824,4.998237614328));
#1289 = VECTOR('',#1290,1.);
#1290 = DIRECTION('',(0.,1.));
#1291 = ( GEOMETRIC_REPRESENTATION_CONTEXT(2) 
PARAMETRIC_REPRESENTATION_CONTEXT() REPRESENTATION_CONTEXT('2D SPACE',''
  ) );
#1292 = PCURVE('',#1293,#1298);
#1293 = PLANE('',#1294);
#1294 = AXIS2_PLACEMENT_3D('',#1295,#1296,#1297);
#1295 = CARTESIAN_POINT('',(41.999804161036,-27.00352454037,10.));
#1296 = DIRECTION('',(1.,0.,0.));
#1297 = DIRECTION('',(0.,-1.,0.));
#1298 = DEFINITIONAL_REPRESENTATION('',(#1299),#1303);
#1299 = LINE('',#1300,#1301);
#1300 = CARTESIAN_POINT('',(4.998237614328,3.));
#1301 = VECTOR('',#1302,1.);
#1302 = DIRECTION('',(-1.,0.));
#1303 = ( GEOMETRIC_REPRESENTATION_CONTEXT(2) 
PARAMETRIC_REPRESENTATION_CONTEXT() REPRESENTATION_CONTEXT('2D SPACE',''
  ) );
#1304 = ORIENTED_EDGE('',*,*,#1305,.T.);
#1305 = EDGE_CURVE('',#1278,#1306,#1308,.T.);
#1306 = VERTEX_POINT('',#1307);
#1307 = CARTESIAN_POINT('',(29.999804161036,-27.00352454037,7.));
#1308 = SURFACE_CURVE('',#1309,(#1313,#1320),.PCURVE_S1.);
#1309 = LINE('',#1310,#1311);
#1310 = CARTESIAN_POINT('',(14.999902204624,-27.00352454037,7.));
#1311 = VECTOR('',#1312,1.);
#1312 = DIRECTION('',(-1.,0.,0.));
#1313 = PCURVE('',#66,#1314);
#1314 = DEFINITIONAL_REPRESENTATION('',(#1315),#1319);
#1315 = LINE('',#1316,#1317);
#1316 = CARTESIAN_POINT('',(14.999901956412,9.996475228655));
#1317 = VECTOR('',#1318,1.);
#1318 = DIRECTION('',(-1.,0.));
#1319 = ( GEOMETRIC_REPRESENTATION_CONTEXT(2) 
PARAMETRIC_REPRESENTATION_CONTEXT() REPRESENTATION_CONTEXT('2D SPACE',''
  ) );
#1320 = PCURVE('',#1321,#1326);
#1321 = PLANE('',#1322);
#1322 = AXIS2_PLACEMENT_3D('',#1323,#1324,#1325);
#1323 = CARTESIAN_POINT('',(29.999804161036,-27.00352454037,10.));
#1324 = DIRECTION('',(0.,1.,0.));
#1325 = DIRECTION('',(1.,0.,0.));
#1326 = DEFINITIONAL_REPRESENTATION('',(#1327),#1331);
#1327 = LINE('',#1328,#1329);
#1328 = CARTESIAN_POINT('',(-14.99990195641,3.));
#1329 = VECTOR('',#1330,1.);
#1330 = DIRECTION('',(-1.,0.));
#1331 = ( GEOMETRIC_REPRESENTATION_CONTEXT(2) 
PARAMETRIC_REPRESENTATION_CONTEXT() REPRESENTATION_CONTEXT('2D SPACE',''
  ) );
#1332 = ORIENTED_EDGE('',*,*,#1333,.T.);
#1333 = EDGE_CURVE('',#1306,#1248,#1334,.T.);
#1334 = SURFACE_CURVE('',#1335,(#1339,#1346),.PCURVE_S1.);
#1335 = LINE('',#1336,#1337);
#1336 = CARTESIAN_POINT('',(29.999804161036,-38.0017621547,7.));
#1337 = VECTOR('',#1338,1.);
#1338 = DIRECTION('',(0.,-1.,0.));
#1339 = PCURVE('',#66,#1340);
#1340 = DEFINITIONAL_REPRESENTATION('',(#1341),#1345);
#1341 = LINE('',#1342,#1343);
#1342 = CARTESIAN_POINT('',(29.999803912824,-1.001762385672));
#1343 = VECTOR('',#1344,1.);
#1344 = DIRECTION('',(0.,-1.));
#1345 = ( GEOMETRIC_REPRESENTATION_CONTEXT(2) 
PARAMETRIC_REPRESENTATION_CONTEXT() REPRESENTATION_CONTEXT('2D SPACE',''
  ) );
#1346 = PCURVE('',#1347,#1352);
#1347 = PLANE('',#1348);
#1348 = AXIS2_PLACEMENT_3D('',#1349,#1350,#1351);
#1349 = CARTESIAN_POINT('',(29.999804161036,-39.00352454037,10.));
#1350 = DIRECTION('',(-1.,0.,0.));
#1351 = DIRECTION('',(0.,1.,0.));
#1352 = DEFINITIONAL_REPRESENTATION('',(#1353),#1357);
#1353 = LINE('',#1354,#1355);
#1354 = CARTESIAN_POINT('',(1.001762385672,3.));
#1355 = VECTOR('',#1356,1.);
#1356 = DIRECTION('',(-1.,0.));
#1357 = ( GEOMETRIC_REPRESENTATION_CONTEXT(2) 
PARAMETRIC_REPRESENTATION_CONTEXT() REPRESENTATION_CONTEXT('2D SPACE',''
  ) );
#1358 = FACE_BOUND('',#1359,.T.);
#1359 = EDGE_LOOP('',(#1360,#1390,#1418,#1446));
#1360 = ORIENTED_EDGE('',*,*,#1361,.T.);
#1361 = EDGE_CURVE('',#1362,#1364,#1366,.T.);
#1362 = VERTEX_POINT('',#1363);
#1363 = CARTESIAN_POINT('',(-30.9999994412,-17.19999974966,7.));
#1364 = VERTEX_POINT('',#1365);
#1365 = CARTESIAN_POINT('',(-18.9999994412,-17.19999974966,7.));
#1366 = SURFACE_CURVE('',#1367,(#1371,#1378),.PCURVE_S1.);
#1367 = LINE('',#1368,#1369);
#1368 = CARTESIAN_POINT('',(-9.499999596497,-17.19999974966,7.));
#1369 = VECTOR('',#1370,1.);
#1370 = DIRECTION('',(1.,0.,0.));
#1371 = PCURVE('',#66,#1372);
#1372 = DEFINITIONAL_REPRESENTATION('',(#1373),#1377);
#1373 = LINE('',#1374,#1375);
#1374 = CARTESIAN_POINT('',(-9.499999844709,19.800000019372));
#1375 = VECTOR('',#1376,1.);
#1376 = DIRECTION('',(1.,0.));
#1377 = ( GEOMETRIC_REPRESENTATION_CONTEXT(2) 
PARAMETRIC_REPRESENTATION_CONTEXT() REPRESENTATION_CONTEXT('2D SPACE',''
  ) );
#1378 = PCURVE('',#1379,#1384);
#1379 = PLANE('',#1380);
#1380 = AXIS2_PLACEMENT_3D('',#1381,#1382,#1383);
#1381 = CARTESIAN_POINT('',(-18.9999994412,-17.19999974966,10.));
#1382 = DIRECTION('',(0.,-1.,0.));
#1383 = DIRECTION('',(-1.,0.,0.));
#1384 = DEFINITIONAL_REPRESENTATION('',(#1385),#1389);
#1385 = LINE('',#1386,#1387);
#1386 = CARTESIAN_POINT('',(-9.499999844709,3.));
#1387 = VECTOR('',#1388,1.);
#1388 = DIRECTION('',(-1.,-0.));
#1389 = ( GEOMETRIC_REPRESENTATION_CONTEXT(2) 
PARAMETRIC_REPRESENTATION_CONTEXT() REPRESENTATION_CONTEXT('2D SPACE',''
  ) );
#1390 = ORIENTED_EDGE('',*,*,#1391,.T.);
#1391 = EDGE_CURVE('',#1364,#1392,#1394,.T.);
#1392 = VERTEX_POINT('',#1393);
#1393 = CARTESIAN_POINT('',(-18.9999994412,-5.19999974966,7.));
#1394 = SURFACE_CURVE('',#1395,(#1399,#1406),.PCURVE_S1.);
#1395 = LINE('',#1396,#1397);
#1396 = CARTESIAN_POINT('',(-18.9999994412,-21.09999975934,7.));
#1397 = VECTOR('',#1398,1.);
#1398 = DIRECTION('',(0.,1.,0.));
#1399 = PCURVE('',#66,#1400);
#1400 = DEFINITIONAL_REPRESENTATION('',(#1401),#1405);
#1401 = LINE('',#1402,#1403);
#1402 = CARTESIAN_POINT('',(-18.99999968941,15.900000009686));
#1403 = VECTOR('',#1404,1.);
#1404 = DIRECTION('',(0.,1.));
#1405 = ( GEOMETRIC_REPRESENTATION_CONTEXT(2) 
PARAMETRIC_REPRESENTATION_CONTEXT() REPRESENTATION_CONTEXT('2D SPACE',''
  ) );
#1406 = PCURVE('',#1407,#1412);
#1407 = PLANE('',#1408);
#1408 = AXIS2_PLACEMENT_3D('',#1409,#1410,#1411);
#1409 = CARTESIAN_POINT('',(-18.9999994412,-5.19999974966,10.));
#1410 = DIRECTION('',(1.,0.,0.));
#1411 = DIRECTION('',(0.,-1.,0.));
#1412 = DEFINITIONAL_REPRESENTATION('',(#1413),#1417);
#1413 = LINE('',#1414,#1415);
#1414 = CARTESIAN_POINT('',(15.900000009686,3.));
#1415 = VECTOR('',#1416,1.);
#1416 = DIRECTION('',(-1.,0.));
#1417 = ( GEOMETRIC_REPRESENTATION_CONTEXT(2) 
PARAMETRIC_REPRESENTATION_CONTEXT() REPRESENTATION_CONTEXT('2D SPACE',''
  ) );
#1418 = ORIENTED_EDGE('',*,*,#1419,.T.);
#1419 = EDGE_CURVE('',#1392,#1420,#1422,.T.);
#1420 = VERTEX_POINT('',#1421);
#1421 = CARTESIAN_POINT('',(-30.9999994412,-5.19999974966,7.));
#1422 = SURFACE_CURVE('',#1423,(#1427,#1434),.PCURVE_S1.);
#1423 = LINE('',#1424,#1425);
#1424 = CARTESIAN_POINT('',(-15.49999959649,-5.19999974966,7.));
#1425 = VECTOR('',#1426,1.);
#1426 = DIRECTION('',(-1.,0.,0.));
#1427 = PCURVE('',#66,#1428);
#1428 = DEFINITIONAL_REPRESENTATION('',(#1429),#1433);
#1429 = LINE('',#1430,#1431);
#1430 = CARTESIAN_POINT('',(-15.4999998447,31.800000019372));
#1431 = VECTOR('',#1432,1.);
#1432 = DIRECTION('',(-1.,0.));
#1433 = ( GEOMETRIC_REPRESENTATION_CONTEXT(2) 
PARAMETRIC_REPRESENTATION_CONTEXT() REPRESENTATION_CONTEXT('2D SPACE',''
  ) );
#1434 = PCURVE('',#1435,#1440);
#1435 = PLANE('',#1436);
#1436 = AXIS2_PLACEMENT_3D('',#1437,#1438,#1439);
#1437 = CARTESIAN_POINT('',(-30.9999994412,-5.19999974966,10.));
#1438 = DIRECTION('',(0.,1.,0.));
#1439 = DIRECTION('',(1.,0.,0.));
#1440 = DEFINITIONAL_REPRESENTATION('',(#1441),#1445);
#1441 = LINE('',#1442,#1443);
#1442 = CARTESIAN_POINT('',(15.499999844709,3.));
#1443 = VECTOR('',#1444,1.);
#1444 = DIRECTION('',(-1.,0.));
#1445 = ( GEOMETRIC_REPRESENTATION_CONTEXT(2) 
PARAMETRIC_REPRESENTATION_CONTEXT() REPRESENTATION_CONTEXT('2D SPACE',''
  ) );
#1446 = ORIENTED_EDGE('',*,*,#1447,.T.);
#1447 = EDGE_CURVE('',#1420,#1362,#1448,.T.);
#1448 = SURFACE_CURVE('',#1449,(#1453,#1460),.PCURVE_S1.);
#1449 = LINE('',#1450,#1451);
#1450 = CARTESIAN_POINT('',(-30.9999994412,-27.09999975934,7.));
#1451 = VECTOR('',#1452,1.);
#1452 = DIRECTION('',(0.,-1.,0.));
#1453 = PCURVE('',#66,#1454);
#1454 = DEFINITIONAL_REPRESENTATION('',(#1455),#1459);
#1455 = LINE('',#1456,#1457);
#1456 = CARTESIAN_POINT('',(-30.99999968941,9.900000009686));
#1457 = VECTOR('',#1458,1.);
#1458 = DIRECTION('',(0.,-1.));
#1459 = ( GEOMETRIC_REPRESENTATION_CONTEXT(2) 
PARAMETRIC_REPRESENTATION_CONTEXT() REPRESENTATION_CONTEXT('2D SPACE',''
  ) );
#1460 = PCURVE('',#1461,#1466);
#1461 = PLANE('',#1462);
#1462 = AXIS2_PLACEMENT_3D('',#1463,#1464,#1465);
#1463 = CARTESIAN_POINT('',(-30.9999994412,-17.19999974966,10.));
#1464 = DIRECTION('',(-1.,0.,0.));
#1465 = DIRECTION('',(0.,1.,0.));
#1466 = DEFINITIONAL_REPRESENTATION('',(#1467),#1471);
#1467 = LINE('',#1468,#1469);
#1468 = CARTESIAN_POINT('',(-9.900000009686,3.));
#1469 = VECTOR('',#1470,1.);
#1470 = DIRECTION('',(-1.,0.));
#1471 = ( GEOMETRIC_REPRESENTATION_CONTEXT(2) 
PARAMETRIC_REPRESENTATION_CONTEXT() REPRESENTATION_CONTEXT('2D SPACE',''
  ) );
#1472 = FACE_BOUND('',#1473,.T.);
#1473 = EDGE_LOOP('',(#1474,#1504,#1532,#1560));
#1474 = ORIENTED_EDGE('',*,*,#1475,.T.);
#1475 = EDGE_CURVE('',#1476,#1478,#1480,.T.);
#1476 = VERTEX_POINT('',#1477);
#1477 = CARTESIAN_POINT('',(-30.9999994412,0.799999848008,7.));
#1478 = VERTEX_POINT('',#1479);
#1479 = CARTESIAN_POINT('',(-18.9999994412,0.799999848008,7.));
#1480 = SURFACE_CURVE('',#1481,(#1485,#1492),.PCURVE_S1.);
#1481 = LINE('',#1482,#1483);
#1482 = CARTESIAN_POINT('',(-9.499999596497,0.799999848008,7.));
#1483 = VECTOR('',#1484,1.);
#1484 = DIRECTION('',(1.,0.,0.));
#1485 = PCURVE('',#66,#1486);
#1486 = DEFINITIONAL_REPRESENTATION('',(#1487),#1491);
#1487 = LINE('',#1488,#1489);
#1488 = CARTESIAN_POINT('',(-9.499999844709,37.79999961704));
#1489 = VECTOR('',#1490,1.);
#1490 = DIRECTION('',(1.,0.));
#1491 = ( GEOMETRIC_REPRESENTATION_CONTEXT(2) 
PARAMETRIC_REPRESENTATION_CONTEXT() REPRESENTATION_CONTEXT('2D SPACE',''
  ) );
#1492 = PCURVE('',#1493,#1498);
#1493 = PLANE('',#1494);
#1494 = AXIS2_PLACEMENT_3D('',#1495,#1496,#1497);
#1495 = CARTESIAN_POINT('',(-18.9999994412,0.799999848008,10.));
#1496 = DIRECTION('',(0.,-1.,0.));
#1497 = DIRECTION('',(-1.,0.,0.));
#1498 = DEFINITIONAL_REPRESENTATION('',(#1499),#1503);
#1499 = LINE('',#1500,#1501);
#1500 = CARTESIAN_POINT('',(-9.499999844709,3.));
#1501 = VECTOR('',#1502,1.);
#1502 = DIRECTION('',(-1.,-0.));
#1503 = ( GEOMETRIC_REPRESENTATION_CONTEXT(2) 
PARAMETRIC_REPRESENTATION_CONTEXT() REPRESENTATION_CONTEXT('2D SPACE',''
  ) );
#1504 = ORIENTED_EDGE('',*,*,#1505,.T.);
#1505 = EDGE_CURVE('',#1478,#1506,#1508,.T.);
#1506 = VERTEX_POINT('',#1507);
#1507 = CARTESIAN_POINT('',(-18.9999994412,12.799999848008,7.));
#1508 = SURFACE_CURVE('',#1509,(#1513,#1520),.PCURVE_S1.);
#1509 = LINE('',#1510,#1511);
#1510 = CARTESIAN_POINT('',(-18.9999994412,-12.09999996051,7.));
#1511 = VECTOR('',#1512,1.);
#1512 = DIRECTION('',(0.,1.,0.));
#1513 = PCURVE('',#66,#1514);
#1514 = DEFINITIONAL_REPRESENTATION('',(#1515),#1519);
#1515 = LINE('',#1516,#1517);
#1516 = CARTESIAN_POINT('',(-18.99999968941,24.89999980852));
#1517 = VECTOR('',#1518,1.);
#1518 = DIRECTION('',(0.,1.));
#1519 = ( GEOMETRIC_REPRESENTATION_CONTEXT(2) 
PARAMETRIC_REPRESENTATION_CONTEXT() REPRESENTATION_CONTEXT('2D SPACE',''
  ) );
#1520 = PCURVE('',#1521,#1526);
#1521 = PLANE('',#1522);
#1522 = AXIS2_PLACEMENT_3D('',#1523,#1524,#1525);
#1523 = CARTESIAN_POINT('',(-18.9999994412,12.799999848008,10.));
#1524 = DIRECTION('',(1.,0.,0.));
#1525 = DIRECTION('',(0.,-1.,0.));
#1526 = DEFINITIONAL_REPRESENTATION('',(#1527),#1531);
#1527 = LINE('',#1528,#1529);
#1528 = CARTESIAN_POINT('',(24.89999980852,3.));
#1529 = VECTOR('',#1530,1.);
#1530 = DIRECTION('',(-1.,0.));
#1531 = ( GEOMETRIC_REPRESENTATION_CONTEXT(2) 
PARAMETRIC_REPRESENTATION_CONTEXT() REPRESENTATION_CONTEXT('2D SPACE',''
  ) );
#1532 = ORIENTED_EDGE('',*,*,#1533,.T.);
#1533 = EDGE_CURVE('',#1506,#1534,#1536,.T.);
#1534 = VERTEX_POINT('',#1535);
#1535 = CARTESIAN_POINT('',(-30.9999994412,12.799999848008,7.));
#1536 = SURFACE_CURVE('',#1537,(#1541,#1548),.PCURVE_S1.);
#1537 = LINE('',#1538,#1539);
#1538 = CARTESIAN_POINT('',(-15.49999959649,12.799999848008,7.));
#1539 = VECTOR('',#1540,1.);
#1540 = DIRECTION('',(-1.,0.,0.));
#1541 = PCURVE('',#66,#1542);
#1542 = DEFINITIONAL_REPRESENTATION('',(#1543),#1547);
#1543 = LINE('',#1544,#1545);
#1544 = CARTESIAN_POINT('',(-15.4999998447,49.79999961704));
#1545 = VECTOR('',#1546,1.);
#1546 = DIRECTION('',(-1.,0.));
#1547 = ( GEOMETRIC_REPRESENTATION_CONTEXT(2) 
PARAMETRIC_REPRESENTATION_CONTEXT() REPRESENTATION_CONTEXT('2D SPACE',''
  ) );
#1548 = PCURVE('',#1549,#1554);
#1549 = PLANE('',#1550);
#1550 = AXIS2_PLACEMENT_3D('',#1551,#1552,#1553);
#1551 = CARTESIAN_POINT('',(-30.9999994412,12.799999848008,10.));
#1552 = DIRECTION('',(0.,1.,0.));
#1553 = DIRECTION('',(1.,0.,0.));
#1554 = DEFINITIONAL_REPRESENTATION('',(#1555),#1559);
#1555 = LINE('',#1556,#1557);
#1556 = CARTESIAN_POINT('',(15.499999844709,3.));
#1557 = VECTOR('',#1558,1.);
#1558 = DIRECTION('',(-1.,0.));
#1559 = ( GEOMETRIC_REPRESENTATION_CONTEXT(2) 
PARAMETRIC_REPRESENTATION_CONTEXT() REPRESENTATION_CONTEXT('2D SPACE',''
  ) );
#1560 = ORIENTED_EDGE('',*,*,#1561,.T.);
#1561 = EDGE_CURVE('',#1534,#1476,#1562,.T.);
#1562 = SURFACE_CURVE('',#1563,(#1567,#1574),.PCURVE_S1.);
#1563 = LINE('',#1564,#1565);
#1564 = CARTESIAN_POINT('',(-30.9999994412,-18.09999996051,7.));
#1565 = VECTOR('',#1566,1.);
#1566 = DIRECTION('',(0.,-1.,0.));
#1567 = PCURVE('',#66,#1568);
#1568 = DEFINITIONAL_REPRESENTATION('',(#1569),#1573);
#1569 = LINE('',#1570,#1571);
#1570 = CARTESIAN_POINT('',(-30.99999968941,18.89999980852));
#1571 = VECTOR('',#1572,1.);
#1572 = DIRECTION('',(0.,-1.));
#1573 = ( GEOMETRIC_REPRESENTATION_CONTEXT(2) 
PARAMETRIC_REPRESENTATION_CONTEXT() REPRESENTATION_CONTEXT('2D SPACE',''
  ) );
#1574 = PCURVE('',#1575,#1580);
#1575 = PLANE('',#1576);
#1576 = AXIS2_PLACEMENT_3D('',#1577,#1578,#1579);
#1577 = CARTESIAN_POINT('',(-30.9999994412,0.799999848008,10.));
#1578 = DIRECTION('',(-1.,0.,0.));
#1579 = DIRECTION('',(0.,1.,0.));
#1580 = DEFINITIONAL_REPRESENTATION('',(#1581),#1585);
#1581 = LINE('',#1582,#1583);
#1582 = CARTESIAN_POINT('',(-18.89999980852,3.));
#1583 = VECTOR('',#1584,1.);
#1584 = DIRECTION('',(-1.,0.));
#1585 = ( GEOMETRIC_REPRESENTATION_CONTEXT(2) 
PARAMETRIC_REPRESENTATION_CONTEXT() REPRESENTATION_CONTEXT('2D SPACE',''
  ) );
#1586 = FACE_BOUND('',#1587,.T.);
#1587 = EDGE_LOOP('',(#1588,#1618,#1646,#1674));
#1588 = ORIENTED_EDGE('',*,*,#1589,.T.);
#1589 = EDGE_CURVE('',#1590,#1592,#1594,.T.);
#1590 = VERTEX_POINT('',#1591);
#1591 = CARTESIAN_POINT('',(12.002690352761,-39.00391352409,7.));
#1592 = VERTEX_POINT('',#1593);
#1593 = CARTESIAN_POINT('',(24.002690352761,-39.00391352409,7.));
#1594 = SURFACE_CURVE('',#1595,(#1599,#1606),.PCURVE_S1.);
#1595 = LINE('',#1596,#1597);
#1596 = CARTESIAN_POINT('',(12.001345300487,-39.00391352409,7.));
#1597 = VECTOR('',#1598,1.);
#1598 = DIRECTION('',(1.,0.,0.));
#1599 = PCURVE('',#66,#1600);
#1600 = DEFINITIONAL_REPRESENTATION('',(#1601),#1605);
#1601 = LINE('',#1602,#1603);
#1602 = CARTESIAN_POINT('',(12.001345052275,-2.003913755059));
#1603 = VECTOR('',#1604,1.);
#1604 = DIRECTION('',(1.,0.));
#1605 = ( GEOMETRIC_REPRESENTATION_CONTEXT(2) 
PARAMETRIC_REPRESENTATION_CONTEXT() REPRESENTATION_CONTEXT('2D SPACE',''
  ) );
#1606 = PCURVE('',#1607,#1612);
#1607 = PLANE('',#1608);
#1608 = AXIS2_PLACEMENT_3D('',#1609,#1610,#1611);
#1609 = CARTESIAN_POINT('',(24.002690352761,-39.00391352409,10.));
#1610 = DIRECTION('',(0.,-1.,0.));
#1611 = DIRECTION('',(-1.,0.,0.));
#1612 = DEFINITIONAL_REPRESENTATION('',(#1613),#1617);
#1613 = LINE('',#1614,#1615);
#1614 = CARTESIAN_POINT('',(12.001345052275,3.));
#1615 = VECTOR('',#1616,1.);
#1616 = DIRECTION('',(-1.,-0.));
#1617 = ( GEOMETRIC_REPRESENTATION_CONTEXT(2) 
PARAMETRIC_REPRESENTATION_CONTEXT() REPRESENTATION_CONTEXT('2D SPACE',''
  ) );
#1618 = ORIENTED_EDGE('',*,*,#1619,.T.);
#1619 = EDGE_CURVE('',#1592,#1620,#1622,.T.);
#1620 = VERTEX_POINT('',#1621);
#1621 = CARTESIAN_POINT('',(24.002690352761,-27.00391352409,7.));
#1622 = SURFACE_CURVE('',#1623,(#1627,#1634),.PCURVE_S1.);
#1623 = LINE('',#1624,#1625);
#1624 = CARTESIAN_POINT('',(24.002690352761,-32.00195664656,7.));
#1625 = VECTOR('',#1626,1.);
#1626 = DIRECTION('',(0.,1.,0.));
#1627 = PCURVE('',#66,#1628);
#1628 = DEFINITIONAL_REPRESENTATION('',(#1629),#1633);
#1629 = LINE('',#1630,#1631);
#1630 = CARTESIAN_POINT('',(24.00269010455,4.99804312247));
#1631 = VECTOR('',#1632,1.);
#1632 = DIRECTION('',(0.,1.));
#1633 = ( GEOMETRIC_REPRESENTATION_CONTEXT(2) 
PARAMETRIC_REPRESENTATION_CONTEXT() REPRESENTATION_CONTEXT('2D SPACE',''
  ) );
#1634 = PCURVE('',#1635,#1640);
#1635 = PLANE('',#1636);
#1636 = AXIS2_PLACEMENT_3D('',#1637,#1638,#1639);
#1637 = CARTESIAN_POINT('',(24.002690352761,-27.00391352409,10.));
#1638 = DIRECTION('',(1.,0.,0.));
#1639 = DIRECTION('',(0.,-1.,0.));
#1640 = DEFINITIONAL_REPRESENTATION('',(#1641),#1645);
#1641 = LINE('',#1642,#1643);
#1642 = CARTESIAN_POINT('',(4.998043122471,3.));
#1643 = VECTOR('',#1644,1.);
#1644 = DIRECTION('',(-1.,0.));
#1645 = ( GEOMETRIC_REPRESENTATION_CONTEXT(2) 
PARAMETRIC_REPRESENTATION_CONTEXT() REPRESENTATION_CONTEXT('2D SPACE',''
  ) );
#1646 = ORIENTED_EDGE('',*,*,#1647,.T.);
#1647 = EDGE_CURVE('',#1620,#1648,#1650,.T.);
#1648 = VERTEX_POINT('',#1649);
#1649 = CARTESIAN_POINT('',(12.002690352761,-27.00391352409,7.));
#1650 = SURFACE_CURVE('',#1651,(#1655,#1662),.PCURVE_S1.);
#1651 = LINE('',#1652,#1653);
#1652 = CARTESIAN_POINT('',(6.001345300486,-27.00391352409,7.));
#1653 = VECTOR('',#1654,1.);
#1654 = DIRECTION('',(-1.,0.,0.));
#1655 = PCURVE('',#66,#1656);
#1656 = DEFINITIONAL_REPRESENTATION('',(#1657),#1661);
#1657 = LINE('',#1658,#1659);
#1658 = CARTESIAN_POINT('',(6.001345052275,9.996086244941));
#1659 = VECTOR('',#1660,1.);
#1660 = DIRECTION('',(-1.,0.));
#1661 = ( GEOMETRIC_REPRESENTATION_CONTEXT(2) 
PARAMETRIC_REPRESENTATION_CONTEXT() REPRESENTATION_CONTEXT('2D SPACE',''
  ) );
#1662 = PCURVE('',#1663,#1668);
#1663 = PLANE('',#1664);
#1664 = AXIS2_PLACEMENT_3D('',#1665,#1666,#1667);
#1665 = CARTESIAN_POINT('',(12.002690352761,-27.00391352409,10.));
#1666 = DIRECTION('',(0.,1.,0.));
#1667 = DIRECTION('',(1.,0.,0.));
#1668 = DEFINITIONAL_REPRESENTATION('',(#1669),#1673);
#1669 = LINE('',#1670,#1671);
#1670 = CARTESIAN_POINT('',(-6.001345052275,3.));
#1671 = VECTOR('',#1672,1.);
#1672 = DIRECTION('',(-1.,0.));
#1673 = ( GEOMETRIC_REPRESENTATION_CONTEXT(2) 
PARAMETRIC_REPRESENTATION_CONTEXT() REPRESENTATION_CONTEXT('2D SPACE',''
  ) );
#1674 = ORIENTED_EDGE('',*,*,#1675,.T.);
#1675 = EDGE_CURVE('',#1648,#1590,#1676,.T.);
#1676 = SURFACE_CURVE('',#1677,(#1681,#1688),.PCURVE_S1.);
#1677 = LINE('',#1678,#1679);
#1678 = CARTESIAN_POINT('',(12.002690352761,-38.00195664656,7.));
#1679 = VECTOR('',#1680,1.);
#1680 = DIRECTION('',(0.,-1.,0.));
#1681 = PCURVE('',#66,#1682);
#1682 = DEFINITIONAL_REPRESENTATION('',(#1683),#1687);
#1683 = LINE('',#1684,#1685);
#1684 = CARTESIAN_POINT('',(12.00269010455,-1.00195687753));
#1685 = VECTOR('',#1686,1.);
#1686 = DIRECTION('',(0.,-1.));
#1687 = ( GEOMETRIC_REPRESENTATION_CONTEXT(2) 
PARAMETRIC_REPRESENTATION_CONTEXT() REPRESENTATION_CONTEXT('2D SPACE',''
  ) );
#1688 = PCURVE('',#1689,#1694);
#1689 = PLANE('',#1690);
#1690 = AXIS2_PLACEMENT_3D('',#1691,#1692,#1693);
#1691 = CARTESIAN_POINT('',(12.002690352761,-39.00391352409,10.));
#1692 = DIRECTION('',(-1.,0.,0.));
#1693 = DIRECTION('',(0.,1.,0.));
#1694 = DEFINITIONAL_REPRESENTATION('',(#1695),#1699);
#1695 = LINE('',#1696,#1697);
#1696 = CARTESIAN_POINT('',(1.00195687753,3.));
#1697 = VECTOR('',#1698,1.);
#1698 = DIRECTION('',(-1.,0.));
#1699 = ( GEOMETRIC_REPRESENTATION_CONTEXT(2) 
PARAMETRIC_REPRESENTATION_CONTEXT() REPRESENTATION_CONTEXT('2D SPACE',''
  ) );
#1700 = FACE_BOUND('',#1701,.T.);
#1701 = EDGE_LOOP('',(#1702,#1732,#1760,#1788));
#1702 = ORIENTED_EDGE('',*,*,#1703,.T.);
#1703 = EDGE_CURVE('',#1704,#1706,#1708,.T.);
#1704 = VERTEX_POINT('',#1705);
#1705 = CARTESIAN_POINT('',(-31.96396974624,-39.00391352409,7.));
#1706 = VERTEX_POINT('',#1707);
#1707 = CARTESIAN_POINT('',(-19.96396974624,-39.00391352409,7.));
#1708 = SURFACE_CURVE('',#1709,(#1713,#1720),.PCURVE_S1.);
#1709 = LINE('',#1710,#1711);
#1710 = CARTESIAN_POINT('',(-9.981984749017,-39.00391352409,7.));
#1711 = VECTOR('',#1712,1.);
#1712 = DIRECTION('',(1.,0.,0.));
#1713 = PCURVE('',#66,#1714);
#1714 = DEFINITIONAL_REPRESENTATION('',(#1715),#1719);
#1715 = LINE('',#1716,#1717);
#1716 = CARTESIAN_POINT('',(-9.981984997229,-2.003913755059));
#1717 = VECTOR('',#1718,1.);
#1718 = DIRECTION('',(1.,0.));
#1719 = ( GEOMETRIC_REPRESENTATION_CONTEXT(2) 
PARAMETRIC_REPRESENTATION_CONTEXT() REPRESENTATION_CONTEXT('2D SPACE',''
  ) );
#1720 = PCURVE('',#1721,#1726);
#1721 = PLANE('',#1722);
#1722 = AXIS2_PLACEMENT_3D('',#1723,#1724,#1725);
#1723 = CARTESIAN_POINT('',(-19.96396974624,-39.00391352409,10.));
#1724 = DIRECTION('',(0.,-1.,0.));
#1725 = DIRECTION('',(-1.,0.,0.));
#1726 = DEFINITIONAL_REPRESENTATION('',(#1727),#1731);
#1727 = LINE('',#1728,#1729);
#1728 = CARTESIAN_POINT('',(-9.981984997229,3.));
#1729 = VECTOR('',#1730,1.);
#1730 = DIRECTION('',(-1.,-0.));
#1731 = ( GEOMETRIC_REPRESENTATION_CONTEXT(2) 
PARAMETRIC_REPRESENTATION_CONTEXT() REPRESENTATION_CONTEXT('2D SPACE',''
  ) );
#1732 = ORIENTED_EDGE('',*,*,#1733,.T.);
#1733 = EDGE_CURVE('',#1706,#1734,#1736,.T.);
#1734 = VERTEX_POINT('',#1735);
#1735 = CARTESIAN_POINT('',(-19.96396974624,-27.00391352409,7.));
#1736 = SURFACE_CURVE('',#1737,(#1741,#1748),.PCURVE_S1.);
#1737 = LINE('',#1738,#1739);
#1738 = CARTESIAN_POINT('',(-19.96396974624,-32.00195664656,7.));
#1739 = VECTOR('',#1740,1.);
#1740 = DIRECTION('',(0.,1.,0.));
#1741 = PCURVE('',#66,#1742);
#1742 = DEFINITIONAL_REPRESENTATION('',(#1743),#1747);
#1743 = LINE('',#1744,#1745);
#1744 = CARTESIAN_POINT('',(-19.96396999445,4.99804312247));
#1745 = VECTOR('',#1746,1.);
#1746 = DIRECTION('',(0.,1.));
#1747 = ( GEOMETRIC_REPRESENTATION_CONTEXT(2) 
PARAMETRIC_REPRESENTATION_CONTEXT() REPRESENTATION_CONTEXT('2D SPACE',''
  ) );
#1748 = PCURVE('',#1749,#1754);
#1749 = PLANE('',#1750);
#1750 = AXIS2_PLACEMENT_3D('',#1751,#1752,#1753);
#1751 = CARTESIAN_POINT('',(-19.96396974624,-27.00391352409,10.));
#1752 = DIRECTION('',(1.,0.,0.));
#1753 = DIRECTION('',(0.,-1.,0.));
#1754 = DEFINITIONAL_REPRESENTATION('',(#1755),#1759);
#1755 = LINE('',#1756,#1757);
#1756 = CARTESIAN_POINT('',(4.998043122471,3.));
#1757 = VECTOR('',#1758,1.);
#1758 = DIRECTION('',(-1.,0.));
#1759 = ( GEOMETRIC_REPRESENTATION_CONTEXT(2) 
PARAMETRIC_REPRESENTATION_CONTEXT() REPRESENTATION_CONTEXT('2D SPACE',''
  ) );
#1760 = ORIENTED_EDGE('',*,*,#1761,.T.);
#1761 = EDGE_CURVE('',#1734,#1762,#1764,.T.);
#1762 = VERTEX_POINT('',#1763);
#1763 = CARTESIAN_POINT('',(-31.96396974624,-27.00391352409,7.));
#1764 = SURFACE_CURVE('',#1765,(#1769,#1776),.PCURVE_S1.);
#1765 = LINE('',#1766,#1767);
#1766 = CARTESIAN_POINT('',(-15.98198474901,-27.00391352409,7.));
#1767 = VECTOR('',#1768,1.);
#1768 = DIRECTION('',(-1.,0.,0.));
#1769 = PCURVE('',#66,#1770);
#1770 = DEFINITIONAL_REPRESENTATION('',(#1771),#1775);
#1771 = LINE('',#1772,#1773);
#1772 = CARTESIAN_POINT('',(-15.98198499722,9.996086244941));
#1773 = VECTOR('',#1774,1.);
#1774 = DIRECTION('',(-1.,0.));
#1775 = ( GEOMETRIC_REPRESENTATION_CONTEXT(2) 
PARAMETRIC_REPRESENTATION_CONTEXT() REPRESENTATION_CONTEXT('2D SPACE',''
  ) );
#1776 = PCURVE('',#1777,#1782);
#1777 = PLANE('',#1778);
#1778 = AXIS2_PLACEMENT_3D('',#1779,#1780,#1781);
#1779 = CARTESIAN_POINT('',(-31.96396974624,-27.00391352409,10.));
#1780 = DIRECTION('',(0.,1.,0.));
#1781 = DIRECTION('',(1.,0.,0.));
#1782 = DEFINITIONAL_REPRESENTATION('',(#1783),#1787);
#1783 = LINE('',#1784,#1785);
#1784 = CARTESIAN_POINT('',(15.981984997229,3.));
#1785 = VECTOR('',#1786,1.);
#1786 = DIRECTION('',(-1.,0.));
#1787 = ( GEOMETRIC_REPRESENTATION_CONTEXT(2) 
PARAMETRIC_REPRESENTATION_CONTEXT() REPRESENTATION_CONTEXT('2D SPACE',''
  ) );
#1788 = ORIENTED_EDGE('',*,*,#1789,.T.);
#1789 = EDGE_CURVE('',#1762,#1704,#1790,.T.);
#1790 = SURFACE_CURVE('',#1791,(#1795,#1802),.PCURVE_S1.);
#1791 = LINE('',#1792,#1793);
#1792 = CARTESIAN_POINT('',(-31.96396974624,-38.00195664656,7.));
#1793 = VECTOR('',#1794,1.);
#1794 = DIRECTION('',(0.,-1.,0.));
#1795 = PCURVE('',#66,#1796);
#1796 = DEFINITIONAL_REPRESENTATION('',(#1797),#1801);
#1797 = LINE('',#1798,#1799);
#1798 = CARTESIAN_POINT('',(-31.96396999445,-1.00195687753));
#1799 = VECTOR('',#1800,1.);
#1800 = DIRECTION('',(0.,-1.));
#1801 = ( GEOMETRIC_REPRESENTATION_CONTEXT(2) 
PARAMETRIC_REPRESENTATION_CONTEXT() REPRESENTATION_CONTEXT('2D SPACE',''
  ) );
#1802 = PCURVE('',#1803,#1808);
#1803 = PLANE('',#1804);
#1804 = AXIS2_PLACEMENT_3D('',#1805,#1806,#1807);
#1805 = CARTESIAN_POINT('',(-31.96396974624,-39.00391352409,10.));
#1806 = DIRECTION('',(-1.,0.,0.));
#1807 = DIRECTION('',(0.,1.,0.));
#1808 = DEFINITIONAL_REPRESENTATION('',(#1809),#1813);
#1809 = LINE('',#1810,#1811);
#1810 = CARTESIAN_POINT('',(1.00195687753,3.));
#1811 = VECTOR('',#1812,1.);
#1812 = DIRECTION('',(-1.,0.));
#1813 = ( GEOMETRIC_REPRESENTATION_CONTEXT(2) 
PARAMETRIC_REPRESENTATION_CONTEXT() REPRESENTATION_CONTEXT('2D SPACE',''
  ) );
#1814 = FACE_BOUND('',#1815,.T.);
#1815 = EDGE_LOOP('',(#1816,#1817,#1840,#1869,#1897,#1930,#1958,#1987,
    #2015,#2044,#2072,#2105,#2133,#2162,#2190,#2219,#2247,#2280,#2308,
    #2337,#2365,#2394,#2422,#2455,#2483,#2505));
#1816 = ORIENTED_EDGE('',*,*,#558,.F.);
#1817 = ORIENTED_EDGE('',*,*,#1818,.T.);
#1818 = EDGE_CURVE('',#499,#1819,#1821,.T.);
#1819 = VERTEX_POINT('',#1820);
#1820 = CARTESIAN_POINT('',(35.448750857269,2.013749905658,7.));
#1821 = SURFACE_CURVE('',#1822,(#1826,#1833),.PCURVE_S1.);
#1822 = LINE('',#1823,#1824);
#1823 = CARTESIAN_POINT('',(35.448750857269,-17.49312493168,7.));
#1824 = VECTOR('',#1825,1.);
#1825 = DIRECTION('',(-5.551115123126E-16,1.,0.));
#1826 = PCURVE('',#66,#1827);
#1827 = DEFINITIONAL_REPRESENTATION('',(#1828),#1832);
#1828 = LINE('',#1829,#1830);
#1829 = CARTESIAN_POINT('',(35.448750609058,19.506874837345));
#1830 = VECTOR('',#1831,1.);
#1831 = DIRECTION('',(-5.551115123126E-16,1.));
#1832 = ( GEOMETRIC_REPRESENTATION_CONTEXT(2) 
PARAMETRIC_REPRESENTATION_CONTEXT() REPRESENTATION_CONTEXT('2D SPACE',''
  ) );
#1833 = PCURVE('',#541,#1834);
#1834 = DEFINITIONAL_REPRESENTATION('',(#1835),#1839);
#1835 = LINE('',#1836,#1837);
#1836 = CARTESIAN_POINT('',(19.506874837345,3.));
#1837 = VECTOR('',#1838,1.);
#1838 = DIRECTION('',(-1.,0.));
#1839 = ( GEOMETRIC_REPRESENTATION_CONTEXT(2) 
PARAMETRIC_REPRESENTATION_CONTEXT() REPRESENTATION_CONTEXT('2D SPACE',''
  ) );
#1840 = ORIENTED_EDGE('',*,*,#1841,.T.);
#1841 = EDGE_CURVE('',#1819,#1842,#1844,.T.);
#1842 = VERTEX_POINT('',#1843);
#1843 = CARTESIAN_POINT('',(33.448750857269,4.013749905658,7.));
#1844 = SURFACE_CURVE('',#1845,(#1850,#1857),.PCURVE_S1.);
#1845 = CIRCLE('',#1846,2.);
#1846 = AXIS2_PLACEMENT_3D('',#1847,#1848,#1849);
#1847 = CARTESIAN_POINT('',(33.448750857269,2.013749905658,7.));
#1848 = DIRECTION('',(0.,0.,1.));
#1849 = DIRECTION('',(1.,1.804112415016E-15,-0.));
#1850 = PCURVE('',#66,#1851);
#1851 = DEFINITIONAL_REPRESENTATION('',(#1852),#1856);
#1852 = CIRCLE('',#1853,2.);
#1853 = AXIS2_PLACEMENT_2D('',#1854,#1855);
#1854 = CARTESIAN_POINT('',(33.448750609057,39.01374967469));
#1855 = DIRECTION('',(1.,1.804112415016E-15));
#1856 = ( GEOMETRIC_REPRESENTATION_CONTEXT(2) 
PARAMETRIC_REPRESENTATION_CONTEXT() REPRESENTATION_CONTEXT('2D SPACE',''
  ) );
#1857 = PCURVE('',#1858,#1863);
#1858 = CYLINDRICAL_SURFACE('',#1859,2.);
#1859 = AXIS2_PLACEMENT_3D('',#1860,#1861,#1862);
#1860 = CARTESIAN_POINT('',(33.448750857269,2.013749905658,10.));
#1861 = DIRECTION('',(0.,0.,-1.));
#1862 = DIRECTION('',(1.,1.804112415016E-15,0.));
#1863 = DEFINITIONAL_REPRESENTATION('',(#1864),#1868);
#1864 = LINE('',#1865,#1866);
#1865 = CARTESIAN_POINT('',(6.28318530718,3.));
#1866 = VECTOR('',#1867,1.);
#1867 = DIRECTION('',(-1.,0.));
#1868 = ( GEOMETRIC_REPRESENTATION_CONTEXT(2) 
PARAMETRIC_REPRESENTATION_CONTEXT() REPRESENTATION_CONTEXT('2D SPACE',''
  ) );
#1869 = ORIENTED_EDGE('',*,*,#1870,.T.);
#1870 = EDGE_CURVE('',#1842,#1871,#1873,.T.);
#1871 = VERTEX_POINT('',#1872);
#1872 = CARTESIAN_POINT('',(29.94875085727,4.013749905658,7.));
#1873 = SURFACE_CURVE('',#1874,(#1878,#1885),.PCURVE_S1.);
#1874 = LINE('',#1875,#1876);
#1875 = CARTESIAN_POINT('',(14.974375552741,4.013749905658,7.));
#1876 = VECTOR('',#1877,1.);
#1877 = DIRECTION('',(-1.,-1.586032892322E-16,0.));
#1878 = PCURVE('',#66,#1879);
#1879 = DEFINITIONAL_REPRESENTATION('',(#1880),#1884);
#1880 = LINE('',#1881,#1882);
#1881 = CARTESIAN_POINT('',(14.974375304529,41.01374967469));
#1882 = VECTOR('',#1883,1.);
#1883 = DIRECTION('',(-1.,-1.586032892322E-16));
#1884 = ( GEOMETRIC_REPRESENTATION_CONTEXT(2) 
PARAMETRIC_REPRESENTATION_CONTEXT() REPRESENTATION_CONTEXT('2D SPACE',''
  ) );
#1885 = PCURVE('',#1886,#1891);
#1886 = PLANE('',#1887);
#1887 = AXIS2_PLACEMENT_3D('',#1888,#1889,#1890);
#1888 = CARTESIAN_POINT('',(29.94875085727,4.013749905658,10.));
#1889 = DIRECTION('',(-1.586032892322E-16,1.,0.));
#1890 = DIRECTION('',(1.,1.586032892322E-16,0.));
#1891 = DEFINITIONAL_REPRESENTATION('',(#1892),#1896);
#1892 = LINE('',#1893,#1894);
#1893 = CARTESIAN_POINT('',(-14.97437530452,3.));
#1894 = VECTOR('',#1895,1.);
#1895 = DIRECTION('',(-1.,-0.));
#1896 = ( GEOMETRIC_REPRESENTATION_CONTEXT(2) 
PARAMETRIC_REPRESENTATION_CONTEXT() REPRESENTATION_CONTEXT('2D SPACE',''
  ) );
#1897 = ORIENTED_EDGE('',*,*,#1898,.T.);
#1898 = EDGE_CURVE('',#1871,#1899,#1901,.T.);
#1899 = VERTEX_POINT('',#1900);
#1900 = CARTESIAN_POINT('',(23.94875085727,10.013749905658,7.));
#1901 = SURFACE_CURVE('',#1902,(#1907,#1918),.PCURVE_S1.);
#1902 = CIRCLE('',#1903,6.);
#1903 = AXIS2_PLACEMENT_3D('',#1904,#1905,#1906);
#1904 = CARTESIAN_POINT('',(29.94875085727,10.013749905658,7.));
#1905 = DIRECTION('',(0.,0.,-1.));
#1906 = DIRECTION('',(-1.,-1.110223024625E-15,-0.));
#1907 = PCURVE('',#66,#1908);
#1908 = DEFINITIONAL_REPRESENTATION('',(#1909),#1917);
#1909 = ( BOUNDED_CURVE() B_SPLINE_CURVE(2,(#1910,#1911,#1912,#1913,
#1914,#1915,#1916),.UNSPECIFIED.,.T.,.F.) B_SPLINE_CURVE_WITH_KNOTS((1,2
    ,2,2,2,1),(-2.094395102393,0.,2.094395102393,4.188790204786,
6.28318530718,8.377580409573),.UNSPECIFIED.) CURVE() 
GEOMETRIC_REPRESENTATION_ITEM() RATIONAL_B_SPLINE_CURVE((1.,0.5,1.,0.5,
1.,0.5,1.)) REPRESENTATION_ITEM('') );
#1910 = CARTESIAN_POINT('',(23.948750609058,47.01374967469));
#1911 = CARTESIAN_POINT('',(23.948750609058,57.406054520103));
#1912 = CARTESIAN_POINT('',(32.948750609058,52.209902097397));
#1913 = CARTESIAN_POINT('',(41.948750609058,47.01374967469));
#1914 = CARTESIAN_POINT('',(32.948750609058,41.817597251984));
#1915 = CARTESIAN_POINT('',(23.948750609058,36.621444829277));
#1916 = CARTESIAN_POINT('',(23.948750609058,47.01374967469));
#1917 = ( GEOMETRIC_REPRESENTATION_CONTEXT(2) 
PARAMETRIC_REPRESENTATION_CONTEXT() REPRESENTATION_CONTEXT('2D SPACE',''
  ) );
#1918 = PCURVE('',#1919,#1924);
#1919 = CYLINDRICAL_SURFACE('',#1920,6.);
#1920 = AXIS2_PLACEMENT_3D('',#1921,#1922,#1923);
#1921 = CARTESIAN_POINT('',(29.94875085727,10.013749905658,10.));
#1922 = DIRECTION('',(0.,0.,-1.));
#1923 = DIRECTION('',(-1.,-1.110223024625E-15,-0.));
#1924 = DEFINITIONAL_REPRESENTATION('',(#1925),#1929);
#1925 = LINE('',#1926,#1927);
#1926 = CARTESIAN_POINT('',(-8.881784197001E-16,3.));
#1927 = VECTOR('',#1928,1.);
#1928 = DIRECTION('',(1.,0.));
#1929 = ( GEOMETRIC_REPRESENTATION_CONTEXT(2) 
PARAMETRIC_REPRESENTATION_CONTEXT() REPRESENTATION_CONTEXT('2D SPACE',''
  ) );
#1930 = ORIENTED_EDGE('',*,*,#1931,.T.);
#1931 = EDGE_CURVE('',#1899,#1932,#1934,.T.);
#1932 = VERTEX_POINT('',#1933);
#1933 = CARTESIAN_POINT('',(23.94875085727,13.513749905658,7.));
#1934 = SURFACE_CURVE('',#1935,(#1939,#1946),.PCURVE_S1.);
#1935 = LINE('',#1936,#1937);
#1936 = CARTESIAN_POINT('',(23.94875085727,-11.74312493168,7.));
#1937 = VECTOR('',#1938,1.);
#1938 = DIRECTION('',(0.,1.,0.));
#1939 = PCURVE('',#66,#1940);
#1940 = DEFINITIONAL_REPRESENTATION('',(#1941),#1945);
#1941 = LINE('',#1942,#1943);
#1942 = CARTESIAN_POINT('',(23.948750609058,25.256874837345));
#1943 = VECTOR('',#1944,1.);
#1944 = DIRECTION('',(0.,1.));
#1945 = ( GEOMETRIC_REPRESENTATION_CONTEXT(2) 
PARAMETRIC_REPRESENTATION_CONTEXT() REPRESENTATION_CONTEXT('2D SPACE',''
  ) );
#1946 = PCURVE('',#1947,#1952);
#1947 = PLANE('',#1948);
#1948 = AXIS2_PLACEMENT_3D('',#1949,#1950,#1951);
#1949 = CARTESIAN_POINT('',(23.94875085727,13.513749905658,10.));
#1950 = DIRECTION('',(1.,0.,0.));
#1951 = DIRECTION('',(0.,-1.,0.));
#1952 = DEFINITIONAL_REPRESENTATION('',(#1953),#1957);
#1953 = LINE('',#1954,#1955);
#1954 = CARTESIAN_POINT('',(25.256874837345,3.));
#1955 = VECTOR('',#1956,1.);
#1956 = DIRECTION('',(-1.,0.));
#1957 = ( GEOMETRIC_REPRESENTATION_CONTEXT(2) 
PARAMETRIC_REPRESENTATION_CONTEXT() REPRESENTATION_CONTEXT('2D SPACE',''
  ) );
#1958 = ORIENTED_EDGE('',*,*,#1959,.T.);
#1959 = EDGE_CURVE('',#1932,#1960,#1962,.T.);
#1960 = VERTEX_POINT('',#1961);
#1961 = CARTESIAN_POINT('',(21.94875085727,15.513749905658,7.));
#1962 = SURFACE_CURVE('',#1963,(#1968,#1975),.PCURVE_S1.);
#1963 = CIRCLE('',#1964,2.);
#1964 = AXIS2_PLACEMENT_3D('',#1965,#1966,#1967);
#1965 = CARTESIAN_POINT('',(21.94875085727,13.513749905658,7.));
#1966 = DIRECTION('',(0.,0.,1.));
#1967 = DIRECTION('',(1.,-1.110223024625E-15,0.));
#1968 = PCURVE('',#66,#1969);
#1969 = DEFINITIONAL_REPRESENTATION('',(#1970),#1974);
#1970 = CIRCLE('',#1971,2.);
#1971 = AXIS2_PLACEMENT_2D('',#1972,#1973);
#1972 = CARTESIAN_POINT('',(21.948750609058,50.51374967469));
#1973 = DIRECTION('',(1.,-1.110223024625E-15));
#1974 = ( GEOMETRIC_REPRESENTATION_CONTEXT(2) 
PARAMETRIC_REPRESENTATION_CONTEXT() REPRESENTATION_CONTEXT('2D SPACE',''
  ) );
#1975 = PCURVE('',#1976,#1981);
#1976 = CYLINDRICAL_SURFACE('',#1977,2.);
#1977 = AXIS2_PLACEMENT_3D('',#1978,#1979,#1980);
#1978 = CARTESIAN_POINT('',(21.94875085727,13.513749905658,10.));
#1979 = DIRECTION('',(0.,0.,-1.));
#1980 = DIRECTION('',(1.,-1.110223024625E-15,0.));
#1981 = DEFINITIONAL_REPRESENTATION('',(#1982),#1986);
#1982 = LINE('',#1983,#1984);
#1983 = CARTESIAN_POINT('',(6.28318530718,3.));
#1984 = VECTOR('',#1985,1.);
#1985 = DIRECTION('',(-1.,0.));
#1986 = ( GEOMETRIC_REPRESENTATION_CONTEXT(2) 
PARAMETRIC_REPRESENTATION_CONTEXT() REPRESENTATION_CONTEXT('2D SPACE',''
  ) );
#1987 = ORIENTED_EDGE('',*,*,#1988,.T.);
#1988 = EDGE_CURVE('',#1960,#1989,#1991,.T.);
#1989 = VERTEX_POINT('',#1990);
#1990 = CARTESIAN_POINT('',(13.94875085727,15.513749905658,7.));
#1991 = SURFACE_CURVE('',#1992,(#1996,#2003),.PCURVE_S1.);
#1992 = LINE('',#1993,#1994);
#1993 = CARTESIAN_POINT('',(6.974375552741,15.513749905658,7.));
#1994 = VECTOR('',#1995,1.);
#1995 = DIRECTION('',(-1.,-8.326672684689E-16,0.));
#1996 = PCURVE('',#66,#1997);
#1997 = DEFINITIONAL_REPRESENTATION('',(#1998),#2002);
#1998 = LINE('',#1999,#2000);
#1999 = CARTESIAN_POINT('',(6.974375304529,52.51374967469));
#2000 = VECTOR('',#2001,1.);
#2001 = DIRECTION('',(-1.,-8.326672684689E-16));
#2002 = ( GEOMETRIC_REPRESENTATION_CONTEXT(2) 
PARAMETRIC_REPRESENTATION_CONTEXT() REPRESENTATION_CONTEXT('2D SPACE',''
  ) );
#2003 = PCURVE('',#2004,#2009);
#2004 = PLANE('',#2005);
#2005 = AXIS2_PLACEMENT_3D('',#2006,#2007,#2008);
#2006 = CARTESIAN_POINT('',(13.94875085727,15.513749905658,10.));
#2007 = DIRECTION('',(-8.326672684689E-16,1.,0.));
#2008 = DIRECTION('',(1.,8.326672684689E-16,0.));
#2009 = DEFINITIONAL_REPRESENTATION('',(#2010),#2014);
#2010 = LINE('',#2011,#2012);
#2011 = CARTESIAN_POINT('',(-6.974375304529,3.));
#2012 = VECTOR('',#2013,1.);
#2013 = DIRECTION('',(-1.,-0.));
#2014 = ( GEOMETRIC_REPRESENTATION_CONTEXT(2) 
PARAMETRIC_REPRESENTATION_CONTEXT() REPRESENTATION_CONTEXT('2D SPACE',''
  ) );
#2015 = ORIENTED_EDGE('',*,*,#2016,.T.);
#2016 = EDGE_CURVE('',#1989,#2017,#2019,.T.);
#2017 = VERTEX_POINT('',#2018);
#2018 = CARTESIAN_POINT('',(11.94875085727,13.513749905658,7.));
#2019 = SURFACE_CURVE('',#2020,(#2025,#2032),.PCURVE_S1.);
#2020 = CIRCLE('',#2021,2.);
#2021 = AXIS2_PLACEMENT_3D('',#2022,#2023,#2024);
#2022 = CARTESIAN_POINT('',(13.94875085727,13.513749905658,7.));
#2023 = DIRECTION('',(0.,0.,1.));
#2024 = DIRECTION('',(-2.22044604925E-15,1.,0.));
#2025 = PCURVE('',#66,#2026);
#2026 = DEFINITIONAL_REPRESENTATION('',(#2027),#2031);
#2027 = CIRCLE('',#2028,2.);
#2028 = AXIS2_PLACEMENT_2D('',#2029,#2030);
#2029 = CARTESIAN_POINT('',(13.948750609058,50.51374967469));
#2030 = DIRECTION('',(-2.22044604925E-15,1.));
#2031 = ( GEOMETRIC_REPRESENTATION_CONTEXT(2) 
PARAMETRIC_REPRESENTATION_CONTEXT() REPRESENTATION_CONTEXT('2D SPACE',''
  ) );
#2032 = PCURVE('',#2033,#2038);
#2033 = CYLINDRICAL_SURFACE('',#2034,2.);
#2034 = AXIS2_PLACEMENT_3D('',#2035,#2036,#2037);
#2035 = CARTESIAN_POINT('',(13.94875085727,13.513749905658,10.));
#2036 = DIRECTION('',(0.,0.,-1.));
#2037 = DIRECTION('',(-2.22044604925E-15,1.,0.));
#2038 = DEFINITIONAL_REPRESENTATION('',(#2039),#2043);
#2039 = LINE('',#2040,#2041);
#2040 = CARTESIAN_POINT('',(6.28318530718,3.));
#2041 = VECTOR('',#2042,1.);
#2042 = DIRECTION('',(-1.,0.));
#2043 = ( GEOMETRIC_REPRESENTATION_CONTEXT(2) 
PARAMETRIC_REPRESENTATION_CONTEXT() REPRESENTATION_CONTEXT('2D SPACE',''
  ) );
#2044 = ORIENTED_EDGE('',*,*,#2045,.T.);
#2045 = EDGE_CURVE('',#2017,#2046,#2048,.T.);
#2046 = VERTEX_POINT('',#2047);
#2047 = CARTESIAN_POINT('',(11.94875085727,10.013749905658,7.));
#2048 = SURFACE_CURVE('',#2049,(#2053,#2060),.PCURVE_S1.);
#2049 = LINE('',#2050,#2051);
#2050 = CARTESIAN_POINT('',(11.94875085727,-13.49312493168,7.));
#2051 = VECTOR('',#2052,1.);
#2052 = DIRECTION('',(-6.344131569286E-16,-1.,0.));
#2053 = PCURVE('',#66,#2054);
#2054 = DEFINITIONAL_REPRESENTATION('',(#2055),#2059);
#2055 = LINE('',#2056,#2057);
#2056 = CARTESIAN_POINT('',(11.948750609058,23.506874837345));
#2057 = VECTOR('',#2058,1.);
#2058 = DIRECTION('',(-6.344131569286E-16,-1.));
#2059 = ( GEOMETRIC_REPRESENTATION_CONTEXT(2) 
PARAMETRIC_REPRESENTATION_CONTEXT() REPRESENTATION_CONTEXT('2D SPACE',''
  ) );
#2060 = PCURVE('',#2061,#2066);
#2061 = PLANE('',#2062);
#2062 = AXIS2_PLACEMENT_3D('',#2063,#2064,#2065);
#2063 = CARTESIAN_POINT('',(11.94875085727,10.013749905658,10.));
#2064 = DIRECTION('',(-1.,6.344131569286E-16,0.));
#2065 = DIRECTION('',(6.344131569286E-16,1.,0.));
#2066 = DEFINITIONAL_REPRESENTATION('',(#2067),#2071);
#2067 = LINE('',#2068,#2069);
#2068 = CARTESIAN_POINT('',(-23.50687483734,3.));
#2069 = VECTOR('',#2070,1.);
#2070 = DIRECTION('',(-1.,-0.));
#2071 = ( GEOMETRIC_REPRESENTATION_CONTEXT(2) 
PARAMETRIC_REPRESENTATION_CONTEXT() REPRESENTATION_CONTEXT('2D SPACE',''
  ) );
#2072 = ORIENTED_EDGE('',*,*,#2073,.T.);
#2073 = EDGE_CURVE('',#2046,#2074,#2076,.T.);
#2074 = VERTEX_POINT('',#2075);
#2075 = CARTESIAN_POINT('',(5.94875085727,4.013749905658,7.));
#2076 = SURFACE_CURVE('',#2077,(#2082,#2093),.PCURVE_S1.);
#2077 = CIRCLE('',#2078,6.);
#2078 = AXIS2_PLACEMENT_3D('',#2079,#2080,#2081);
#2079 = CARTESIAN_POINT('',(5.94875085727,10.013749905658,7.));
#2080 = DIRECTION('',(0.,0.,-1.));
#2081 = DIRECTION('',(-3.515706244646E-15,-1.,-0.));
#2082 = PCURVE('',#66,#2083);
#2083 = DEFINITIONAL_REPRESENTATION('',(#2084),#2092);
#2084 = ( BOUNDED_CURVE() B_SPLINE_CURVE(2,(#2085,#2086,#2087,#2088,
#2089,#2090,#2091),.UNSPECIFIED.,.T.,.F.) B_SPLINE_CURVE_WITH_KNOTS((1,2
    ,2,2,2,1),(-2.094395102393,0.,2.094395102393,4.188790204786,
6.28318530718,8.377580409573),.UNSPECIFIED.) CURVE() 
GEOMETRIC_REPRESENTATION_ITEM() RATIONAL_B_SPLINE_CURVE((1.,0.5,1.,0.5,
1.,0.5,1.)) REPRESENTATION_ITEM('') );
#2085 = CARTESIAN_POINT('',(5.948750609058,41.01374967469));
#2086 = CARTESIAN_POINT('',(-4.443554236355,41.01374967469));
#2087 = CARTESIAN_POINT('',(0.752598186351,50.01374967469));
#2088 = CARTESIAN_POINT('',(5.948750609058,59.01374967469));
#2089 = CARTESIAN_POINT('',(11.144903031765,50.01374967469));
#2090 = CARTESIAN_POINT('',(16.341055454471,41.01374967469));
#2091 = CARTESIAN_POINT('',(5.948750609058,41.01374967469));
#2092 = ( GEOMETRIC_REPRESENTATION_CONTEXT(2) 
PARAMETRIC_REPRESENTATION_CONTEXT() REPRESENTATION_CONTEXT('2D SPACE',''
  ) );
#2093 = PCURVE('',#2094,#2099);
#2094 = CYLINDRICAL_SURFACE('',#2095,6.);
#2095 = AXIS2_PLACEMENT_3D('',#2096,#2097,#2098);
#2096 = CARTESIAN_POINT('',(5.94875085727,10.013749905658,10.));
#2097 = DIRECTION('',(0.,0.,-1.));
#2098 = DIRECTION('',(-3.515706244646E-15,-1.,-0.));
#2099 = DEFINITIONAL_REPRESENTATION('',(#2100),#2104);
#2100 = LINE('',#2101,#2102);
#2101 = CARTESIAN_POINT('',(0.,3.));
#2102 = VECTOR('',#2103,1.);
#2103 = DIRECTION('',(1.,0.));
#2104 = ( GEOMETRIC_REPRESENTATION_CONTEXT(2) 
PARAMETRIC_REPRESENTATION_CONTEXT() REPRESENTATION_CONTEXT('2D SPACE',''
  ) );
#2105 = ORIENTED_EDGE('',*,*,#2106,.T.);
#2106 = EDGE_CURVE('',#2074,#2107,#2109,.T.);
#2107 = VERTEX_POINT('',#2108);
#2108 = CARTESIAN_POINT('',(2.448750857269,4.013749905658,7.));
#2109 = SURFACE_CURVE('',#2110,(#2114,#2121),.PCURVE_S1.);
#2110 = LINE('',#2111,#2112);
#2111 = CARTESIAN_POINT('',(1.22437555274,4.013749905658,7.));
#2112 = VECTOR('',#2113,1.);
#2113 = DIRECTION('',(-1.,-1.586032892321E-16,0.));
#2114 = PCURVE('',#66,#2115);
#2115 = DEFINITIONAL_REPRESENTATION('',(#2116),#2120);
#2116 = LINE('',#2117,#2118);
#2117 = CARTESIAN_POINT('',(1.224375304529,41.01374967469));
#2118 = VECTOR('',#2119,1.);
#2119 = DIRECTION('',(-1.,-1.586032892321E-16));
#2120 = ( GEOMETRIC_REPRESENTATION_CONTEXT(2) 
PARAMETRIC_REPRESENTATION_CONTEXT() REPRESENTATION_CONTEXT('2D SPACE',''
  ) );
#2121 = PCURVE('',#2122,#2127);
#2122 = PLANE('',#2123);
#2123 = AXIS2_PLACEMENT_3D('',#2124,#2125,#2126);
#2124 = CARTESIAN_POINT('',(2.448750857269,4.013749905658,10.));
#2125 = DIRECTION('',(-1.586032892321E-16,1.,0.));
#2126 = DIRECTION('',(1.,1.586032892321E-16,0.));
#2127 = DEFINITIONAL_REPRESENTATION('',(#2128),#2132);
#2128 = LINE('',#2129,#2130);
#2129 = CARTESIAN_POINT('',(-1.224375304529,3.));
#2130 = VECTOR('',#2131,1.);
#2131 = DIRECTION('',(-1.,-0.));
#2132 = ( GEOMETRIC_REPRESENTATION_CONTEXT(2) 
PARAMETRIC_REPRESENTATION_CONTEXT() REPRESENTATION_CONTEXT('2D SPACE',''
  ) );
#2133 = ORIENTED_EDGE('',*,*,#2134,.T.);
#2134 = EDGE_CURVE('',#2107,#2135,#2137,.T.);
#2135 = VERTEX_POINT('',#2136);
#2136 = CARTESIAN_POINT('',(0.448750857269,2.013749905658,7.));
#2137 = SURFACE_CURVE('',#2138,(#2143,#2150),.PCURVE_S1.);
#2138 = CIRCLE('',#2139,2.);
#2139 = AXIS2_PLACEMENT_3D('',#2140,#2141,#2142);
#2140 = CARTESIAN_POINT('',(2.448750857269,2.013749905658,7.));
#2141 = DIRECTION('',(0.,0.,1.));
#2142 = DIRECTION('',(-6.938893903907E-16,1.,0.));
#2143 = PCURVE('',#66,#2144);
#2144 = DEFINITIONAL_REPRESENTATION('',(#2145),#2149);
#2145 = CIRCLE('',#2146,2.);
#2146 = AXIS2_PLACEMENT_2D('',#2147,#2148);
#2147 = CARTESIAN_POINT('',(2.448750609057,39.01374967469));
#2148 = DIRECTION('',(-6.938893903907E-16,1.));
#2149 = ( GEOMETRIC_REPRESENTATION_CONTEXT(2) 
PARAMETRIC_REPRESENTATION_CONTEXT() REPRESENTATION_CONTEXT('2D SPACE',''
  ) );
#2150 = PCURVE('',#2151,#2156);
#2151 = CYLINDRICAL_SURFACE('',#2152,2.);
#2152 = AXIS2_PLACEMENT_3D('',#2153,#2154,#2155);
#2153 = CARTESIAN_POINT('',(2.448750857269,2.013749905658,10.));
#2154 = DIRECTION('',(0.,0.,-1.));
#2155 = DIRECTION('',(-6.938893903907E-16,1.,0.));
#2156 = DEFINITIONAL_REPRESENTATION('',(#2157),#2161);
#2157 = LINE('',#2158,#2159);
#2158 = CARTESIAN_POINT('',(6.28318530718,3.));
#2159 = VECTOR('',#2160,1.);
#2160 = DIRECTION('',(-1.,0.));
#2161 = ( GEOMETRIC_REPRESENTATION_CONTEXT(2) 
PARAMETRIC_REPRESENTATION_CONTEXT() REPRESENTATION_CONTEXT('2D SPACE',''
  ) );
#2162 = ORIENTED_EDGE('',*,*,#2163,.T.);
#2163 = EDGE_CURVE('',#2135,#2164,#2166,.T.);
#2164 = VERTEX_POINT('',#2165);
#2165 = CARTESIAN_POINT('',(0.448750857269,-5.986250094342,7.));
#2166 = SURFACE_CURVE('',#2167,(#2171,#2178),.PCURVE_S1.);
#2167 = LINE('',#2168,#2169);
#2168 = CARTESIAN_POINT('',(0.448750857269,-21.49312493168,7.));
#2169 = VECTOR('',#2170,1.);
#2170 = DIRECTION('',(-3.469446951954E-17,-1.,0.));
#2171 = PCURVE('',#66,#2172);
#2172 = DEFINITIONAL_REPRESENTATION('',(#2173),#2177);
#2173 = LINE('',#2174,#2175);
#2174 = CARTESIAN_POINT('',(0.448750609057,15.506874837345));
#2175 = VECTOR('',#2176,1.);
#2176 = DIRECTION('',(-3.469446951954E-17,-1.));
#2177 = ( GEOMETRIC_REPRESENTATION_CONTEXT(2) 
PARAMETRIC_REPRESENTATION_CONTEXT() REPRESENTATION_CONTEXT('2D SPACE',''
  ) );
#2178 = PCURVE('',#2179,#2184);
#2179 = PLANE('',#2180);
#2180 = AXIS2_PLACEMENT_3D('',#2181,#2182,#2183);
#2181 = CARTESIAN_POINT('',(0.448750857269,-5.986250094342,10.));
#2182 = DIRECTION('',(-1.,3.469446951954E-17,0.));
#2183 = DIRECTION('',(3.469446951954E-17,1.,0.));
#2184 = DEFINITIONAL_REPRESENTATION('',(#2185),#2189);
#2185 = LINE('',#2186,#2187);
#2186 = CARTESIAN_POINT('',(-15.50687483734,3.));
#2187 = VECTOR('',#2188,1.);
#2188 = DIRECTION('',(-1.,-0.));
#2189 = ( GEOMETRIC_REPRESENTATION_CONTEXT(2) 
PARAMETRIC_REPRESENTATION_CONTEXT() REPRESENTATION_CONTEXT('2D SPACE',''
  ) );
#2190 = ORIENTED_EDGE('',*,*,#2191,.T.);
#2191 = EDGE_CURVE('',#2164,#2192,#2194,.T.);
#2192 = VERTEX_POINT('',#2193);
#2193 = CARTESIAN_POINT('',(2.448750857269,-7.986250094342,7.));
#2194 = SURFACE_CURVE('',#2195,(#2200,#2207),.PCURVE_S1.);
#2195 = CIRCLE('',#2196,2.);
#2196 = AXIS2_PLACEMENT_3D('',#2197,#2198,#2199);
#2197 = CARTESIAN_POINT('',(2.448750857269,-5.986250094342,7.));
#2198 = DIRECTION('',(0.,0.,1.));
#2199 = DIRECTION('',(-1.,0.,0.));
#2200 = PCURVE('',#66,#2201);
#2201 = DEFINITIONAL_REPRESENTATION('',(#2202),#2206);
#2202 = CIRCLE('',#2203,2.);
#2203 = AXIS2_PLACEMENT_2D('',#2204,#2205);
#2204 = CARTESIAN_POINT('',(2.448750609057,31.01374967469));
#2205 = DIRECTION('',(-1.,0.));
#2206 = ( GEOMETRIC_REPRESENTATION_CONTEXT(2) 
PARAMETRIC_REPRESENTATION_CONTEXT() REPRESENTATION_CONTEXT('2D SPACE',''
  ) );
#2207 = PCURVE('',#2208,#2213);
#2208 = CYLINDRICAL_SURFACE('',#2209,2.);
#2209 = AXIS2_PLACEMENT_3D('',#2210,#2211,#2212);
#2210 = CARTESIAN_POINT('',(2.448750857269,-5.986250094342,10.));
#2211 = DIRECTION('',(0.,0.,-1.));
#2212 = DIRECTION('',(-1.,0.,0.));
#2213 = DEFINITIONAL_REPRESENTATION('',(#2214),#2218);
#2214 = LINE('',#2215,#2216);
#2215 = CARTESIAN_POINT('',(6.28318530718,3.));
#2216 = VECTOR('',#2217,1.);
#2217 = DIRECTION('',(-1.,0.));
#2218 = ( GEOMETRIC_REPRESENTATION_CONTEXT(2) 
PARAMETRIC_REPRESENTATION_CONTEXT() REPRESENTATION_CONTEXT('2D SPACE',''
  ) );
#2219 = ORIENTED_EDGE('',*,*,#2220,.T.);
#2220 = EDGE_CURVE('',#2192,#2221,#2223,.T.);
#2221 = VERTEX_POINT('',#2222);
#2222 = CARTESIAN_POINT('',(5.94875085727,-7.986250094342,7.));
#2223 = SURFACE_CURVE('',#2224,(#2228,#2235),.PCURVE_S1.);
#2224 = LINE('',#2225,#2226);
#2225 = CARTESIAN_POINT('',(2.974375552741,-7.986250094342,7.));
#2226 = VECTOR('',#2227,1.);
#2227 = DIRECTION('',(1.,0.,0.));
#2228 = PCURVE('',#66,#2229);
#2229 = DEFINITIONAL_REPRESENTATION('',(#2230),#2234);
#2230 = LINE('',#2231,#2232);
#2231 = CARTESIAN_POINT('',(2.974375304529,29.01374967469));
#2232 = VECTOR('',#2233,1.);
#2233 = DIRECTION('',(1.,0.));
#2234 = ( GEOMETRIC_REPRESENTATION_CONTEXT(2) 
PARAMETRIC_REPRESENTATION_CONTEXT() REPRESENTATION_CONTEXT('2D SPACE',''
  ) );
#2235 = PCURVE('',#2236,#2241);
#2236 = PLANE('',#2237);
#2237 = AXIS2_PLACEMENT_3D('',#2238,#2239,#2240);
#2238 = CARTESIAN_POINT('',(5.94875085727,-7.986250094342,10.));
#2239 = DIRECTION('',(0.,-1.,0.));
#2240 = DIRECTION('',(-1.,0.,0.));
#2241 = DEFINITIONAL_REPRESENTATION('',(#2242),#2246);
#2242 = LINE('',#2243,#2244);
#2243 = CARTESIAN_POINT('',(2.974375304529,3.));
#2244 = VECTOR('',#2245,1.);
#2245 = DIRECTION('',(-1.,-0.));
#2246 = ( GEOMETRIC_REPRESENTATION_CONTEXT(2) 
PARAMETRIC_REPRESENTATION_CONTEXT() REPRESENTATION_CONTEXT('2D SPACE',''
  ) );
#2247 = ORIENTED_EDGE('',*,*,#2248,.T.);
#2248 = EDGE_CURVE('',#2221,#2249,#2251,.T.);
#2249 = VERTEX_POINT('',#2250);
#2250 = CARTESIAN_POINT('',(11.94875085727,-13.98625009434,7.));
#2251 = SURFACE_CURVE('',#2252,(#2257,#2268),.PCURVE_S1.);
#2252 = CIRCLE('',#2253,6.);
#2253 = AXIS2_PLACEMENT_3D('',#2254,#2255,#2256);
#2254 = CARTESIAN_POINT('',(5.94875085727,-13.98625009434,7.));
#2255 = DIRECTION('',(0.,0.,-1.));
#2256 = DIRECTION('',(1.,3.700743415417E-16,0.));
#2257 = PCURVE('',#66,#2258);
#2258 = DEFINITIONAL_REPRESENTATION('',(#2259),#2267);
#2259 = ( BOUNDED_CURVE() B_SPLINE_CURVE(2,(#2260,#2261,#2262,#2263,
#2264,#2265,#2266),.UNSPECIFIED.,.T.,.F.) B_SPLINE_CURVE_WITH_KNOTS((1,2
    ,2,2,2,1),(-2.094395102393,0.,2.094395102393,4.188790204786,
6.28318530718,8.377580409573),.UNSPECIFIED.) CURVE() 
GEOMETRIC_REPRESENTATION_ITEM() RATIONAL_B_SPLINE_CURVE((1.,0.5,1.,0.5,
1.,0.5,1.)) REPRESENTATION_ITEM('') );
#2260 = CARTESIAN_POINT('',(11.948750609058,23.01374967469));
#2261 = CARTESIAN_POINT('',(11.948750609058,12.621444829277));
#2262 = CARTESIAN_POINT('',(2.948750609058,17.817597251983));
#2263 = CARTESIAN_POINT('',(-6.051249390942,23.01374967469));
#2264 = CARTESIAN_POINT('',(2.948750609058,28.209902097397));
#2265 = CARTESIAN_POINT('',(11.948750609058,33.406054520103));
#2266 = CARTESIAN_POINT('',(11.948750609058,23.01374967469));
#2267 = ( GEOMETRIC_REPRESENTATION_CONTEXT(2) 
PARAMETRIC_REPRESENTATION_CONTEXT() REPRESENTATION_CONTEXT('2D SPACE',''
  ) );
#2268 = PCURVE('',#2269,#2274);
#2269 = CYLINDRICAL_SURFACE('',#2270,6.);
#2270 = AXIS2_PLACEMENT_3D('',#2271,#2272,#2273);
#2271 = CARTESIAN_POINT('',(5.94875085727,-13.98625009434,10.));
#2272 = DIRECTION('',(0.,0.,-1.));
#2273 = DIRECTION('',(1.,3.700743415417E-16,0.));
#2274 = DEFINITIONAL_REPRESENTATION('',(#2275),#2279);
#2275 = LINE('',#2276,#2277);
#2276 = CARTESIAN_POINT('',(0.,3.));
#2277 = VECTOR('',#2278,1.);
#2278 = DIRECTION('',(1.,0.));
#2279 = ( GEOMETRIC_REPRESENTATION_CONTEXT(2) 
PARAMETRIC_REPRESENTATION_CONTEXT() REPRESENTATION_CONTEXT('2D SPACE',''
  ) );
#2280 = ORIENTED_EDGE('',*,*,#2281,.T.);
#2281 = EDGE_CURVE('',#2249,#2282,#2284,.T.);
#2282 = VERTEX_POINT('',#2283);
#2283 = CARTESIAN_POINT('',(11.94875085727,-17.48625009434,7.));
#2284 = SURFACE_CURVE('',#2285,(#2289,#2296),.PCURVE_S1.);
#2285 = LINE('',#2286,#2287);
#2286 = CARTESIAN_POINT('',(11.94875085727,-27.24312493168,7.));
#2287 = VECTOR('',#2288,1.);
#2288 = DIRECTION('',(-1.903239470786E-15,-1.,0.));
#2289 = PCURVE('',#66,#2290);
#2290 = DEFINITIONAL_REPRESENTATION('',(#2291),#2295);
#2291 = LINE('',#2292,#2293);
#2292 = CARTESIAN_POINT('',(11.948750609058,9.756874837345));
#2293 = VECTOR('',#2294,1.);
#2294 = DIRECTION('',(-1.903239470786E-15,-1.));
#2295 = ( GEOMETRIC_REPRESENTATION_CONTEXT(2) 
PARAMETRIC_REPRESENTATION_CONTEXT() REPRESENTATION_CONTEXT('2D SPACE',''
  ) );
#2296 = PCURVE('',#2297,#2302);
#2297 = PLANE('',#2298);
#2298 = AXIS2_PLACEMENT_3D('',#2299,#2300,#2301);
#2299 = CARTESIAN_POINT('',(11.94875085727,-17.48625009434,10.));
#2300 = DIRECTION('',(-1.,1.903239470786E-15,0.));
#2301 = DIRECTION('',(1.903239470786E-15,1.,0.));
#2302 = DEFINITIONAL_REPRESENTATION('',(#2303),#2307);
#2303 = LINE('',#2304,#2305);
#2304 = CARTESIAN_POINT('',(-9.756874837345,3.));
#2305 = VECTOR('',#2306,1.);
#2306 = DIRECTION('',(-1.,-0.));
#2307 = ( GEOMETRIC_REPRESENTATION_CONTEXT(2) 
PARAMETRIC_REPRESENTATION_CONTEXT() REPRESENTATION_CONTEXT('2D SPACE',''
  ) );
#2308 = ORIENTED_EDGE('',*,*,#2309,.T.);
#2309 = EDGE_CURVE('',#2282,#2310,#2312,.T.);
#2310 = VERTEX_POINT('',#2311);
#2311 = CARTESIAN_POINT('',(13.94875085727,-19.48625009434,7.));
#2312 = SURFACE_CURVE('',#2313,(#2318,#2325),.PCURVE_S1.);
#2313 = CIRCLE('',#2314,2.);
#2314 = AXIS2_PLACEMENT_3D('',#2315,#2316,#2317);
#2315 = CARTESIAN_POINT('',(13.94875085727,-17.48625009434,7.));
#2316 = DIRECTION('',(0.,0.,1.));
#2317 = DIRECTION('',(-1.,2.22044604925E-15,0.));
#2318 = PCURVE('',#66,#2319);
#2319 = DEFINITIONAL_REPRESENTATION('',(#2320),#2324);
#2320 = CIRCLE('',#2321,2.);
#2321 = AXIS2_PLACEMENT_2D('',#2322,#2323);
#2322 = CARTESIAN_POINT('',(13.948750609058,19.51374967469));
#2323 = DIRECTION('',(-1.,2.22044604925E-15));
#2324 = ( GEOMETRIC_REPRESENTATION_CONTEXT(2) 
PARAMETRIC_REPRESENTATION_CONTEXT() REPRESENTATION_CONTEXT('2D SPACE',''
  ) );
#2325 = PCURVE('',#2326,#2331);
#2326 = CYLINDRICAL_SURFACE('',#2327,2.);
#2327 = AXIS2_PLACEMENT_3D('',#2328,#2329,#2330);
#2328 = CARTESIAN_POINT('',(13.94875085727,-17.48625009434,10.));
#2329 = DIRECTION('',(0.,0.,-1.));
#2330 = DIRECTION('',(-1.,2.22044604925E-15,0.));
#2331 = DEFINITIONAL_REPRESENTATION('',(#2332),#2336);
#2332 = LINE('',#2333,#2334);
#2333 = CARTESIAN_POINT('',(6.28318530718,3.));
#2334 = VECTOR('',#2335,1.);
#2335 = DIRECTION('',(-1.,0.));
#2336 = ( GEOMETRIC_REPRESENTATION_CONTEXT(2) 
PARAMETRIC_REPRESENTATION_CONTEXT() REPRESENTATION_CONTEXT('2D SPACE',''
  ) );
#2337 = ORIENTED_EDGE('',*,*,#2338,.T.);
#2338 = EDGE_CURVE('',#2310,#2339,#2341,.T.);
#2339 = VERTEX_POINT('',#2340);
#2340 = CARTESIAN_POINT('',(21.94875085727,-19.48625009434,7.));
#2341 = SURFACE_CURVE('',#2342,(#2346,#2353),.PCURVE_S1.);
#2342 = LINE('',#2343,#2344);
#2343 = CARTESIAN_POINT('',(10.974375552741,-19.48625009434,7.));
#2344 = VECTOR('',#2345,1.);
#2345 = DIRECTION('',(1.,9.436895709314E-15,0.));
#2346 = PCURVE('',#66,#2347);
#2347 = DEFINITIONAL_REPRESENTATION('',(#2348),#2352);
#2348 = LINE('',#2349,#2350);
#2349 = CARTESIAN_POINT('',(10.974375304529,17.51374967469));
#2350 = VECTOR('',#2351,1.);
#2351 = DIRECTION('',(1.,9.436895709314E-15));
#2352 = ( GEOMETRIC_REPRESENTATION_CONTEXT(2) 
PARAMETRIC_REPRESENTATION_CONTEXT() REPRESENTATION_CONTEXT('2D SPACE',''
  ) );
#2353 = PCURVE('',#2354,#2359);
#2354 = PLANE('',#2355);
#2355 = AXIS2_PLACEMENT_3D('',#2356,#2357,#2358);
#2356 = CARTESIAN_POINT('',(21.94875085727,-19.48625009434,10.));
#2357 = DIRECTION('',(9.436895709314E-15,-1.,0.));
#2358 = DIRECTION('',(-1.,-9.436895709314E-15,0.));
#2359 = DEFINITIONAL_REPRESENTATION('',(#2360),#2364);
#2360 = LINE('',#2361,#2362);
#2361 = CARTESIAN_POINT('',(10.974375304529,3.));
#2362 = VECTOR('',#2363,1.);
#2363 = DIRECTION('',(-1.,0.));
#2364 = ( GEOMETRIC_REPRESENTATION_CONTEXT(2) 
PARAMETRIC_REPRESENTATION_CONTEXT() REPRESENTATION_CONTEXT('2D SPACE',''
  ) );
#2365 = ORIENTED_EDGE('',*,*,#2366,.T.);
#2366 = EDGE_CURVE('',#2339,#2367,#2369,.T.);
#2367 = VERTEX_POINT('',#2368);
#2368 = CARTESIAN_POINT('',(23.94875085727,-17.48625009434,7.));
#2369 = SURFACE_CURVE('',#2370,(#2375,#2382),.PCURVE_S1.);
#2370 = CIRCLE('',#2371,2.);
#2371 = AXIS2_PLACEMENT_3D('',#2372,#2373,#2374);
#2372 = CARTESIAN_POINT('',(21.94875085727,-17.48625009434,7.));
#2373 = DIRECTION('',(0.,0.,1.));
#2374 = DIRECTION('',(8.881784197001E-15,-1.,0.));
#2375 = PCURVE('',#66,#2376);
#2376 = DEFINITIONAL_REPRESENTATION('',(#2377),#2381);
#2377 = CIRCLE('',#2378,2.);
#2378 = AXIS2_PLACEMENT_2D('',#2379,#2380);
#2379 = CARTESIAN_POINT('',(21.948750609058,19.51374967469));
#2380 = DIRECTION('',(8.881784197001E-15,-1.));
#2381 = ( GEOMETRIC_REPRESENTATION_CONTEXT(2) 
PARAMETRIC_REPRESENTATION_CONTEXT() REPRESENTATION_CONTEXT('2D SPACE',''
  ) );
#2382 = PCURVE('',#2383,#2388);
#2383 = CYLINDRICAL_SURFACE('',#2384,2.);
#2384 = AXIS2_PLACEMENT_3D('',#2385,#2386,#2387);
#2385 = CARTESIAN_POINT('',(21.94875085727,-17.48625009434,10.));
#2386 = DIRECTION('',(0.,0.,-1.));
#2387 = DIRECTION('',(8.881784197001E-15,-1.,0.));
#2388 = DEFINITIONAL_REPRESENTATION('',(#2389),#2393);
#2389 = LINE('',#2390,#2391);
#2390 = CARTESIAN_POINT('',(6.28318530718,3.));
#2391 = VECTOR('',#2392,1.);
#2392 = DIRECTION('',(-1.,0.));
#2393 = ( GEOMETRIC_REPRESENTATION_CONTEXT(2) 
PARAMETRIC_REPRESENTATION_CONTEXT() REPRESENTATION_CONTEXT('2D SPACE',''
  ) );
#2394 = ORIENTED_EDGE('',*,*,#2395,.T.);
#2395 = EDGE_CURVE('',#2367,#2396,#2398,.T.);
#2396 = VERTEX_POINT('',#2397);
#2397 = CARTESIAN_POINT('',(23.94875085727,-13.98625009434,7.));
#2398 = SURFACE_CURVE('',#2399,(#2403,#2410),.PCURVE_S1.);
#2399 = LINE('',#2400,#2401);
#2400 = CARTESIAN_POINT('',(23.94875085727,-25.49312493168,7.));
#2401 = VECTOR('',#2402,1.);
#2402 = DIRECTION('',(0.,1.,0.));
#2403 = PCURVE('',#66,#2404);
#2404 = DEFINITIONAL_REPRESENTATION('',(#2405),#2409);
#2405 = LINE('',#2406,#2407);
#2406 = CARTESIAN_POINT('',(23.948750609058,11.506874837345));
#2407 = VECTOR('',#2408,1.);
#2408 = DIRECTION('',(0.,1.));
#2409 = ( GEOMETRIC_REPRESENTATION_CONTEXT(2) 
PARAMETRIC_REPRESENTATION_CONTEXT() REPRESENTATION_CONTEXT('2D SPACE',''
  ) );
#2410 = PCURVE('',#2411,#2416);
#2411 = PLANE('',#2412);
#2412 = AXIS2_PLACEMENT_3D('',#2413,#2414,#2415);
#2413 = CARTESIAN_POINT('',(23.94875085727,-13.98625009434,10.));
#2414 = DIRECTION('',(1.,0.,0.));
#2415 = DIRECTION('',(0.,-1.,0.));
#2416 = DEFINITIONAL_REPRESENTATION('',(#2417),#2421);
#2417 = LINE('',#2418,#2419);
#2418 = CARTESIAN_POINT('',(11.506874837345,3.));
#2419 = VECTOR('',#2420,1.);
#2420 = DIRECTION('',(-1.,0.));
#2421 = ( GEOMETRIC_REPRESENTATION_CONTEXT(2) 
PARAMETRIC_REPRESENTATION_CONTEXT() REPRESENTATION_CONTEXT('2D SPACE',''
  ) );
#2422 = ORIENTED_EDGE('',*,*,#2423,.T.);
#2423 = EDGE_CURVE('',#2396,#2424,#2426,.T.);
#2424 = VERTEX_POINT('',#2425);
#2425 = CARTESIAN_POINT('',(29.94875085727,-7.986250094342,7.));
#2426 = SURFACE_CURVE('',#2427,(#2432,#2443),.PCURVE_S1.);
#2427 = CIRCLE('',#2428,6.);
#2428 = AXIS2_PLACEMENT_3D('',#2429,#2430,#2431);
#2429 = CARTESIAN_POINT('',(29.94875085727,-13.98625009434,7.));
#2430 = DIRECTION('',(0.,0.,-1.));
#2431 = DIRECTION('',(7.401486830834E-16,1.,0.));
#2432 = PCURVE('',#66,#2433);
#2433 = DEFINITIONAL_REPRESENTATION('',(#2434),#2442);
#2434 = ( BOUNDED_CURVE() B_SPLINE_CURVE(2,(#2435,#2436,#2437,#2438,
#2439,#2440,#2441),.UNSPECIFIED.,.T.,.F.) B_SPLINE_CURVE_WITH_KNOTS((1,2
    ,2,2,2,1),(-2.094395102393,0.,2.094395102393,4.188790204786,
6.28318530718,8.377580409573),.UNSPECIFIED.) CURVE() 
GEOMETRIC_REPRESENTATION_ITEM() RATIONAL_B_SPLINE_CURVE((1.,0.5,1.,0.5,
1.,0.5,1.)) REPRESENTATION_ITEM('') );
#2435 = CARTESIAN_POINT('',(29.948750609058,29.01374967469));
#2436 = CARTESIAN_POINT('',(40.341055454471,29.01374967469));
#2437 = CARTESIAN_POINT('',(35.144903031765,20.01374967469));
#2438 = CARTESIAN_POINT('',(29.948750609058,11.01374967469));
#2439 = CARTESIAN_POINT('',(24.752598186351,20.01374967469));
#2440 = CARTESIAN_POINT('',(19.556445763645,29.01374967469));
#2441 = CARTESIAN_POINT('',(29.948750609058,29.01374967469));
#2442 = ( GEOMETRIC_REPRESENTATION_CONTEXT(2) 
PARAMETRIC_REPRESENTATION_CONTEXT() REPRESENTATION_CONTEXT('2D SPACE',''
  ) );
#2443 = PCURVE('',#2444,#2449);
#2444 = CYLINDRICAL_SURFACE('',#2445,6.);
#2445 = AXIS2_PLACEMENT_3D('',#2446,#2447,#2448);
#2446 = CARTESIAN_POINT('',(29.94875085727,-13.98625009434,10.));
#2447 = DIRECTION('',(0.,0.,-1.));
#2448 = DIRECTION('',(7.401486830834E-16,1.,0.));
#2449 = DEFINITIONAL_REPRESENTATION('',(#2450),#2454);
#2450 = LINE('',#2451,#2452);
#2451 = CARTESIAN_POINT('',(0.,3.));
#2452 = VECTOR('',#2453,1.);
#2453 = DIRECTION('',(1.,0.));
#2454 = ( GEOMETRIC_REPRESENTATION_CONTEXT(2) 
PARAMETRIC_REPRESENTATION_CONTEXT() REPRESENTATION_CONTEXT('2D SPACE',''
  ) );
#2455 = ORIENTED_EDGE('',*,*,#2456,.T.);
#2456 = EDGE_CURVE('',#2424,#2457,#2459,.T.);
#2457 = VERTEX_POINT('',#2458);
#2458 = CARTESIAN_POINT('',(33.448750857269,-7.986250094342,7.));
#2459 = SURFACE_CURVE('',#2460,(#2464,#2471),.PCURVE_S1.);
#2460 = LINE('',#2461,#2462);
#2461 = CARTESIAN_POINT('',(16.72437555274,-7.986250094342,7.));
#2462 = VECTOR('',#2463,1.);
#2463 = DIRECTION('',(1.,0.,0.));
#2464 = PCURVE('',#66,#2465);
#2465 = DEFINITIONAL_REPRESENTATION('',(#2466),#2470);
#2466 = LINE('',#2467,#2468);
#2467 = CARTESIAN_POINT('',(16.724375304529,29.01374967469));
#2468 = VECTOR('',#2469,1.);
#2469 = DIRECTION('',(1.,0.));
#2470 = ( GEOMETRIC_REPRESENTATION_CONTEXT(2) 
PARAMETRIC_REPRESENTATION_CONTEXT() REPRESENTATION_CONTEXT('2D SPACE',''
  ) );
#2471 = PCURVE('',#2472,#2477);
#2472 = PLANE('',#2473);
#2473 = AXIS2_PLACEMENT_3D('',#2474,#2475,#2476);
#2474 = CARTESIAN_POINT('',(33.448750857269,-7.986250094342,10.));
#2475 = DIRECTION('',(0.,-1.,0.));
#2476 = DIRECTION('',(-1.,0.,0.));
#2477 = DEFINITIONAL_REPRESENTATION('',(#2478),#2482);
#2478 = LINE('',#2479,#2480);
#2479 = CARTESIAN_POINT('',(16.724375304529,3.));
#2480 = VECTOR('',#2481,1.);
#2481 = DIRECTION('',(-1.,-0.));
#2482 = ( GEOMETRIC_REPRESENTATION_CONTEXT(2) 
PARAMETRIC_REPRESENTATION_CONTEXT() REPRESENTATION_CONTEXT('2D SPACE',''
  ) );
#2483 = ORIENTED_EDGE('',*,*,#2484,.T.);
#2484 = EDGE_CURVE('',#2457,#417,#2485,.T.);
#2485 = SURFACE_CURVE('',#2486,(#2491,#2498),.PCURVE_S1.);
#2486 = CIRCLE('',#2487,2.);
#2487 = AXIS2_PLACEMENT_3D('',#2488,#2489,#2490);
#2488 = CARTESIAN_POINT('',(33.448750857269,-5.986250094342,7.));
#2489 = DIRECTION('',(0.,0.,1.));
#2490 = DIRECTION('',(2.22044604925E-15,-1.,0.));
#2491 = PCURVE('',#66,#2492);
#2492 = DEFINITIONAL_REPRESENTATION('',(#2493),#2497);
#2493 = CIRCLE('',#2494,2.);
#2494 = AXIS2_PLACEMENT_2D('',#2495,#2496);
#2495 = CARTESIAN_POINT('',(33.448750609057,31.01374967469));
#2496 = DIRECTION('',(2.22044604925E-15,-1.));
#2497 = ( GEOMETRIC_REPRESENTATION_CONTEXT(2) 
PARAMETRIC_REPRESENTATION_CONTEXT() REPRESENTATION_CONTEXT('2D SPACE',''
  ) );
#2498 = PCURVE('',#487,#2499);
#2499 = DEFINITIONAL_REPRESENTATION('',(#2500),#2504);
#2500 = LINE('',#2501,#2502);
#2501 = CARTESIAN_POINT('',(6.28318530718,3.));
#2502 = VECTOR('',#2503,1.);
#2503 = DIRECTION('',(-1.,0.));
#2504 = ( GEOMETRIC_REPRESENTATION_CONTEXT(2) 
PARAMETRIC_REPRESENTATION_CONTEXT() REPRESENTATION_CONTEXT('2D SPACE',''
  ) );
#2505 = ORIENTED_EDGE('',*,*,#416,.F.);
#2506 = FACE_BOUND('',#2507,.T.);
#2507 = EDGE_LOOP('',(#2508,#2538,#2566,#2594));
#2508 = ORIENTED_EDGE('',*,*,#2509,.T.);
#2509 = EDGE_CURVE('',#2510,#2512,#2514,.T.);
#2510 = VERTEX_POINT('',#2511);
#2511 = CARTESIAN_POINT('',(-38.03263180895,-27.00352454878,7.));
#2512 = VERTEX_POINT('',#2513);
#2513 = CARTESIAN_POINT('',(-50.03263180895,-27.00352454878,7.));
#2514 = SURFACE_CURVE('',#2515,(#2519,#2526),.PCURVE_S1.);
#2515 = LINE('',#2516,#2517);
#2516 = CARTESIAN_POINT('',(-25.01631578037,-27.00352454878,7.));
#2517 = VECTOR('',#2518,1.);
#2518 = DIRECTION('',(-1.,0.,0.));
#2519 = PCURVE('',#66,#2520);
#2520 = DEFINITIONAL_REPRESENTATION('',(#2521),#2525);
#2521 = LINE('',#2522,#2523);
#2522 = CARTESIAN_POINT('',(-25.01631602858,9.99647522025));
#2523 = VECTOR('',#2524,1.);
#2524 = DIRECTION('',(-1.,0.));
#2525 = ( GEOMETRIC_REPRESENTATION_CONTEXT(2) 
PARAMETRIC_REPRESENTATION_CONTEXT() REPRESENTATION_CONTEXT('2D SPACE',''
  ) );
#2526 = PCURVE('',#2527,#2532);
#2527 = PLANE('',#2528);
#2528 = AXIS2_PLACEMENT_3D('',#2529,#2530,#2531);
#2529 = CARTESIAN_POINT('',(-50.03263180895,-27.00352454878,10.));
#2530 = DIRECTION('',(0.,1.,0.));
#2531 = DIRECTION('',(1.,0.,0.));
#2532 = DEFINITIONAL_REPRESENTATION('',(#2533),#2537);
#2533 = LINE('',#2534,#2535);
#2534 = CARTESIAN_POINT('',(25.016316028585,3.));
#2535 = VECTOR('',#2536,1.);
#2536 = DIRECTION('',(-1.,0.));
#2537 = ( GEOMETRIC_REPRESENTATION_CONTEXT(2) 
PARAMETRIC_REPRESENTATION_CONTEXT() REPRESENTATION_CONTEXT('2D SPACE',''
  ) );
#2538 = ORIENTED_EDGE('',*,*,#2539,.T.);
#2539 = EDGE_CURVE('',#2512,#2540,#2542,.T.);
#2540 = VERTEX_POINT('',#2541);
#2541 = CARTESIAN_POINT('',(-50.03263180895,-39.00352454878,7.));
#2542 = SURFACE_CURVE('',#2543,(#2547,#2554),.PCURVE_S1.);
#2543 = LINE('',#2544,#2545);
#2544 = CARTESIAN_POINT('',(-50.03263180895,-38.0017621589,7.));
#2545 = VECTOR('',#2546,1.);
#2546 = DIRECTION('',(0.,-1.,0.));
#2547 = PCURVE('',#66,#2548);
#2548 = DEFINITIONAL_REPRESENTATION('',(#2549),#2553);
#2549 = LINE('',#2550,#2551);
#2550 = CARTESIAN_POINT('',(-50.03263205717,-1.001762389875));
#2551 = VECTOR('',#2552,1.);
#2552 = DIRECTION('',(0.,-1.));
#2553 = ( GEOMETRIC_REPRESENTATION_CONTEXT(2) 
PARAMETRIC_REPRESENTATION_CONTEXT() REPRESENTATION_CONTEXT('2D SPACE',''
  ) );
#2554 = PCURVE('',#2555,#2560);
#2555 = PLANE('',#2556);
#2556 = AXIS2_PLACEMENT_3D('',#2557,#2558,#2559);
#2557 = CARTESIAN_POINT('',(-50.03263180895,-39.00352454878,10.));
#2558 = DIRECTION('',(-1.,0.,0.));
#2559 = DIRECTION('',(0.,1.,0.));
#2560 = DEFINITIONAL_REPRESENTATION('',(#2561),#2565);
#2561 = LINE('',#2562,#2563);
#2562 = CARTESIAN_POINT('',(1.001762389875,3.));
#2563 = VECTOR('',#2564,1.);
#2564 = DIRECTION('',(-1.,0.));
#2565 = ( GEOMETRIC_REPRESENTATION_CONTEXT(2) 
PARAMETRIC_REPRESENTATION_CONTEXT() REPRESENTATION_CONTEXT('2D SPACE',''
  ) );
#2566 = ORIENTED_EDGE('',*,*,#2567,.T.);
#2567 = EDGE_CURVE('',#2540,#2568,#2570,.T.);
#2568 = VERTEX_POINT('',#2569);
#2569 = CARTESIAN_POINT('',(-38.03263180895,-39.00352454878,7.));
#2570 = SURFACE_CURVE('',#2571,(#2575,#2582),.PCURVE_S1.);
#2571 = LINE('',#2572,#2573);
#2572 = CARTESIAN_POINT('',(-19.01631578037,-39.00352454878,7.));
#2573 = VECTOR('',#2574,1.);
#2574 = DIRECTION('',(1.,0.,0.));
#2575 = PCURVE('',#66,#2576);
#2576 = DEFINITIONAL_REPRESENTATION('',(#2577),#2581);
#2577 = LINE('',#2578,#2579);
#2578 = CARTESIAN_POINT('',(-19.01631602858,-2.00352477975));
#2579 = VECTOR('',#2580,1.);
#2580 = DIRECTION('',(1.,0.));
#2581 = ( GEOMETRIC_REPRESENTATION_CONTEXT(2) 
PARAMETRIC_REPRESENTATION_CONTEXT() REPRESENTATION_CONTEXT('2D SPACE',''
  ) );
#2582 = PCURVE('',#2583,#2588);
#2583 = PLANE('',#2584);
#2584 = AXIS2_PLACEMENT_3D('',#2585,#2586,#2587);
#2585 = CARTESIAN_POINT('',(-38.03263180895,-39.00352454878,10.));
#2586 = DIRECTION('',(0.,-1.,0.));
#2587 = DIRECTION('',(-1.,0.,0.));
#2588 = DEFINITIONAL_REPRESENTATION('',(#2589),#2593);
#2589 = LINE('',#2590,#2591);
#2590 = CARTESIAN_POINT('',(-19.01631602858,3.));
#2591 = VECTOR('',#2592,1.);
#2592 = DIRECTION('',(-1.,-0.));
#2593 = ( GEOMETRIC_REPRESENTATION_CONTEXT(2) 
PARAMETRIC_REPRESENTATION_CONTEXT() REPRESENTATION_CONTEXT('2D SPACE',''
  ) );
#2594 = ORIENTED_EDGE('',*,*,#2595,.T.);
#2595 = EDGE_CURVE('',#2568,#2510,#2596,.T.);
#2596 = SURFACE_CURVE('',#2597,(#2601,#2608),.PCURVE_S1.);
#2597 = LINE('',#2598,#2599);
#2598 = CARTESIAN_POINT('',(-38.03263180895,-32.0017621589,7.));
#2599 = VECTOR('',#2600,1.);
#2600 = DIRECTION('',(0.,1.,0.));
#2601 = PCURVE('',#66,#2602);
#2602 = DEFINITIONAL_REPRESENTATION('',(#2603),#2607);
#2603 = LINE('',#2604,#2605);
#2604 = CARTESIAN_POINT('',(-38.03263205717,4.998237610125));
#2605 = VECTOR('',#2606,1.);
#2606 = DIRECTION('',(0.,1.));
#2607 = ( GEOMETRIC_REPRESENTATION_CONTEXT(2) 
PARAMETRIC_REPRESENTATION_CONTEXT() REPRESENTATION_CONTEXT('2D SPACE',''
  ) );
#2608 = PCURVE('',#2609,#2614);
#2609 = PLANE('',#2610);
#2610 = AXIS2_PLACEMENT_3D('',#2611,#2612,#2613);
#2611 = CARTESIAN_POINT('',(-38.03263180895,-27.00352454878,10.));
#2612 = DIRECTION('',(1.,0.,0.));
#2613 = DIRECTION('',(0.,-1.,0.));
#2614 = DEFINITIONAL_REPRESENTATION('',(#2615),#2619);
#2615 = LINE('',#2616,#2617);
#2616 = CARTESIAN_POINT('',(4.998237610125,3.));
#2617 = VECTOR('',#2618,1.);
#2618 = DIRECTION('',(-1.,0.));
#2619 = ( GEOMETRIC_REPRESENTATION_CONTEXT(2) 
PARAMETRIC_REPRESENTATION_CONTEXT() REPRESENTATION_CONTEXT('2D SPACE',''
  ) );
#2620 = FACE_BOUND('',#2621,.T.);
#2621 = EDGE_LOOP('',(#2622));
#2622 = ORIENTED_EDGE('',*,*,#2623,.F.);
#2623 = EDGE_CURVE('',#2624,#2624,#2626,.T.);
#2624 = VERTEX_POINT('',#2625);
#2625 = CARTESIAN_POINT('',(-70.55613186324,-4.5,7.));
#2626 = SURFACE_CURVE('',#2627,(#2632,#2643),.PCURVE_S1.);
#2627 = CIRCLE('',#2628,18.056131863242);
#2628 = AXIS2_PLACEMENT_3D('',#2629,#2630,#2631);
#2629 = CARTESIAN_POINT('',(-52.5,-4.5,7.));
#2630 = DIRECTION('',(0.,0.,-1.));
#2631 = DIRECTION('',(1.,0.,0.));
#2632 = PCURVE('',#66,#2633);
#2633 = DEFINITIONAL_REPRESENTATION('',(#2634),#2642);
#2634 = ( BOUNDED_CURVE() B_SPLINE_CURVE(2,(#2635,#2636,#2637,#2638,
#2639,#2640,#2641),.UNSPECIFIED.,.T.,.F.) B_SPLINE_CURVE_WITH_KNOTS((1,2
    ,2,2,2,1),(-2.094395102393,0.,2.094395102393,4.188790204786,
6.28318530718,8.377580409573),.UNSPECIFIED.) CURVE() 
GEOMETRIC_REPRESENTATION_ITEM() RATIONAL_B_SPLINE_CURVE((1.,0.5,1.,0.5,
1.,0.5,1.)) REPRESENTATION_ITEM('') );
#2635 = CARTESIAN_POINT('',(-34.44386838497,32.499999769032));
#2636 = CARTESIAN_POINT('',(-34.44386838497,1.225861993734));
#2637 = CARTESIAN_POINT('',(-61.52806617983,16.862930881383));
#2638 = CARTESIAN_POINT('',(-88.61226397469,32.499999769032));
#2639 = CARTESIAN_POINT('',(-61.52806617983,48.137068656681));
#2640 = CARTESIAN_POINT('',(-34.44386838497,63.77413754433));
#2641 = CARTESIAN_POINT('',(-34.44386838497,32.499999769032));
#2642 = ( GEOMETRIC_REPRESENTATION_CONTEXT(2) 
PARAMETRIC_REPRESENTATION_CONTEXT() REPRESENTATION_CONTEXT('2D SPACE',''
  ) );
#2643 = PCURVE('',#2644,#2649);
#2644 = TOROIDAL_SURFACE('',#2645,18.056131863242,5.);
#2645 = AXIS2_PLACEMENT_3D('',#2646,#2647,#2648);
#2646 = CARTESIAN_POINT('',(-52.5,-4.5,12.));
#2647 = DIRECTION('',(0.,0.,-1.));
#2648 = DIRECTION('',(1.,0.,0.));
#2649 = DEFINITIONAL_REPRESENTATION('',(#2650),#2654);
#2650 = LINE('',#2651,#2652);
#2651 = CARTESIAN_POINT('',(-6.28318530718,1.570796326795));
#2652 = VECTOR('',#2653,1.);
#2653 = DIRECTION('',(1.,0.));
#2654 = ( GEOMETRIC_REPRESENTATION_CONTEXT(2) 
PARAMETRIC_REPRESENTATION_CONTEXT() REPRESENTATION_CONTEXT('2D SPACE',''
  ) );
#2655 = FACE_BOUND('',#2656,.T.);
#2656 = EDGE_LOOP('',(#2657));
#2657 = ORIENTED_EDGE('',*,*,#307,.T.);
#2658 = FACE_BOUND('',#2659,.T.);
#2659 = EDGE_LOOP('',(#2660));
#2660 = ORIENTED_EDGE('',*,*,#225,.T.);
#2661 = FACE_BOUND('',#2662,.T.);
#2662 = EDGE_LOOP('',(#2663));
#2663 = ORIENTED_EDGE('',*,*,#143,.T.);
#2664 = FACE_BOUND('',#2665,.T.);
#2665 = EDGE_LOOP('',(#2666));
#2666 = ORIENTED_EDGE('',*,*,#51,.T.);
#2667 = ADVANCED_FACE('',(#2668),#2644,.T.);
#2668 = FACE_BOUND('',#2669,.T.);
#2669 = EDGE_LOOP('',(#2670,#2698,#2720,#2721));
#2670 = ORIENTED_EDGE('',*,*,#2671,.F.);
#2671 = EDGE_CURVE('',#2672,#2672,#2674,.T.);
#2672 = VERTEX_POINT('',#2673);
#2673 = CARTESIAN_POINT('',(-65.97355616828,-4.5,10.));
#2674 = SURFACE_CURVE('',#2675,(#2680,#2687),.PCURVE_S1.);
#2675 = CIRCLE('',#2676,13.473556168286);
#2676 = AXIS2_PLACEMENT_3D('',#2677,#2678,#2679);
#2677 = CARTESIAN_POINT('',(-52.5,-4.5,10.));
#2678 = DIRECTION('',(0.,0.,-1.));
#2679 = DIRECTION('',(-1.,0.,0.));
#2680 = PCURVE('',#2644,#2681);
#2681 = DEFINITIONAL_REPRESENTATION('',(#2682),#2686);
#2682 = LINE('',#2683,#2684);
#2683 = CARTESIAN_POINT('',(-3.14159265359,2.730075807522));
#2684 = VECTOR('',#2685,1.);
#2685 = DIRECTION('',(1.,0.));
#2686 = ( GEOMETRIC_REPRESENTATION_CONTEXT(2) 
PARAMETRIC_REPRESENTATION_CONTEXT() REPRESENTATION_CONTEXT('2D SPACE',''
  ) );
#2687 = PCURVE('',#94,#2688);
#2688 = DEFINITIONAL_REPRESENTATION('',(#2689),#2697);
#2689 = ( BOUNDED_CURVE() B_SPLINE_CURVE(2,(#2690,#2691,#2692,#2693,
#2694,#2695,#2696),.UNSPECIFIED.,.T.,.F.) B_SPLINE_CURVE_WITH_KNOTS((1,2
    ,2,2,2,1),(-2.094395102393,0.,2.094395102393,4.188790204786,
6.28318530718,8.377580409573),.UNSPECIFIED.) CURVE() 
GEOMETRIC_REPRESENTATION_ITEM() RATIONAL_B_SPLINE_CURVE((1.,0.5,1.,0.5,
1.,0.5,1.)) REPRESENTATION_ITEM('') );
#2690 = CARTESIAN_POINT('',(-65.97355641649,32.499999769032));
#2691 = CARTESIAN_POINT('',(-65.97355641649,55.836883611136));
#2692 = CARTESIAN_POINT('',(-45.76322216406,44.168441690084));
#2693 = CARTESIAN_POINT('',(-25.55288791164,32.499999769032));
#2694 = CARTESIAN_POINT('',(-45.76322216406,20.83155784798));
#2695 = CARTESIAN_POINT('',(-65.97355641649,9.163115926928));
#2696 = CARTESIAN_POINT('',(-65.97355641649,32.499999769032));
#2697 = ( GEOMETRIC_REPRESENTATION_CONTEXT(2) 
PARAMETRIC_REPRESENTATION_CONTEXT() REPRESENTATION_CONTEXT('2D SPACE',''
  ) );
#2698 = ORIENTED_EDGE('',*,*,#2699,.T.);
#2699 = EDGE_CURVE('',#2672,#2624,#2700,.T.);
#2700 = SEAM_CURVE('',#2701,(#2706,#2713),.PCURVE_S1.);
#2701 = CIRCLE('',#2702,5.);
#2702 = AXIS2_PLACEMENT_3D('',#2703,#2704,#2705);
#2703 = CARTESIAN_POINT('',(-70.55613186324,-4.5,12.));
#2704 = DIRECTION('',(-1.203826200347E-16,1.,0.));
#2705 = DIRECTION('',(-1.,-1.203826200347E-16,0.));
#2706 = PCURVE('',#2644,#2707);
#2707 = DEFINITIONAL_REPRESENTATION('',(#2708),#2712);
#2708 = LINE('',#2709,#2710);
#2709 = CARTESIAN_POINT('',(-3.14159265359,6.28318530718));
#2710 = VECTOR('',#2711,1.);
#2711 = DIRECTION('',(0.,-1.));
#2712 = ( GEOMETRIC_REPRESENTATION_CONTEXT(2) 
PARAMETRIC_REPRESENTATION_CONTEXT() REPRESENTATION_CONTEXT('2D SPACE',''
  ) );
#2713 = PCURVE('',#2644,#2714);
#2714 = DEFINITIONAL_REPRESENTATION('',(#2715),#2719);
#2715 = LINE('',#2716,#2717);
#2716 = CARTESIAN_POINT('',(3.14159265359,6.28318530718));
#2717 = VECTOR('',#2718,1.);
#2718 = DIRECTION('',(0.,-1.));
#2719 = ( GEOMETRIC_REPRESENTATION_CONTEXT(2) 
PARAMETRIC_REPRESENTATION_CONTEXT() REPRESENTATION_CONTEXT('2D SPACE',''
  ) );
#2720 = ORIENTED_EDGE('',*,*,#2623,.T.);
#2721 = ORIENTED_EDGE('',*,*,#2699,.F.);
#2722 = ADVANCED_FACE('',(#2723),#2527,.F.);
#2723 = FACE_BOUND('',#2724,.T.);
#2724 = EDGE_LOOP('',(#2725,#2750,#2771,#2772));
#2725 = ORIENTED_EDGE('',*,*,#2726,.F.);
#2726 = EDGE_CURVE('',#2727,#2729,#2731,.T.);
#2727 = VERTEX_POINT('',#2728);
#2728 = CARTESIAN_POINT('',(-50.03263180895,-27.00352454878,10.));
#2729 = VERTEX_POINT('',#2730);
#2730 = CARTESIAN_POINT('',(-38.03263180895,-27.00352454878,10.));
#2731 = SURFACE_CURVE('',#2732,(#2736,#2743),.PCURVE_S1.);
#2732 = LINE('',#2733,#2734);
#2733 = CARTESIAN_POINT('',(-25.01631578037,-27.00352454878,10.));
#2734 = VECTOR('',#2735,1.);
#2735 = DIRECTION('',(1.,0.,0.));
#2736 = PCURVE('',#2527,#2737);
#2737 = DEFINITIONAL_REPRESENTATION('',(#2738),#2742);
#2738 = LINE('',#2739,#2740);
#2739 = CARTESIAN_POINT('',(25.016316028585,0.));
#2740 = VECTOR('',#2741,1.);
#2741 = DIRECTION('',(1.,0.));
#2742 = ( GEOMETRIC_REPRESENTATION_CONTEXT(2) 
PARAMETRIC_REPRESENTATION_CONTEXT() REPRESENTATION_CONTEXT('2D SPACE',''
  ) );
#2743 = PCURVE('',#94,#2744);
#2744 = DEFINITIONAL_REPRESENTATION('',(#2745),#2749);
#2745 = LINE('',#2746,#2747);
#2746 = CARTESIAN_POINT('',(-25.01631602858,9.99647522025));
#2747 = VECTOR('',#2748,1.);
#2748 = DIRECTION('',(1.,0.));
#2749 = ( GEOMETRIC_REPRESENTATION_CONTEXT(2) 
PARAMETRIC_REPRESENTATION_CONTEXT() REPRESENTATION_CONTEXT('2D SPACE',''
  ) );
#2750 = ORIENTED_EDGE('',*,*,#2751,.T.);
#2751 = EDGE_CURVE('',#2727,#2512,#2752,.T.);
#2752 = SURFACE_CURVE('',#2753,(#2757,#2764),.PCURVE_S1.);
#2753 = LINE('',#2754,#2755);
#2754 = CARTESIAN_POINT('',(-50.03263180895,-27.00352454878,10.));
#2755 = VECTOR('',#2756,1.);
#2756 = DIRECTION('',(0.,0.,-1.));
#2757 = PCURVE('',#2527,#2758);
#2758 = DEFINITIONAL_REPRESENTATION('',(#2759),#2763);
#2759 = LINE('',#2760,#2761);
#2760 = CARTESIAN_POINT('',(0.,0.));
#2761 = VECTOR('',#2762,1.);
#2762 = DIRECTION('',(0.,1.));
#2763 = ( GEOMETRIC_REPRESENTATION_CONTEXT(2) 
PARAMETRIC_REPRESENTATION_CONTEXT() REPRESENTATION_CONTEXT('2D SPACE',''
  ) );
#2764 = PCURVE('',#2555,#2765);
#2765 = DEFINITIONAL_REPRESENTATION('',(#2766),#2770);
#2766 = LINE('',#2767,#2768);
#2767 = CARTESIAN_POINT('',(12.,0.));
#2768 = VECTOR('',#2769,1.);
#2769 = DIRECTION('',(0.,1.));
#2770 = ( GEOMETRIC_REPRESENTATION_CONTEXT(2) 
PARAMETRIC_REPRESENTATION_CONTEXT() REPRESENTATION_CONTEXT('2D SPACE',''
  ) );
#2771 = ORIENTED_EDGE('',*,*,#2509,.F.);
#2772 = ORIENTED_EDGE('',*,*,#2773,.F.);
#2773 = EDGE_CURVE('',#2729,#2510,#2774,.T.);
#2774 = SURFACE_CURVE('',#2775,(#2779,#2786),.PCURVE_S1.);
#2775 = LINE('',#2776,#2777);
#2776 = CARTESIAN_POINT('',(-38.03263180895,-27.00352454878,10.));
#2777 = VECTOR('',#2778,1.);
#2778 = DIRECTION('',(0.,0.,-1.));
#2779 = PCURVE('',#2527,#2780);
#2780 = DEFINITIONAL_REPRESENTATION('',(#2781),#2785);
#2781 = LINE('',#2782,#2783);
#2782 = CARTESIAN_POINT('',(12.,0.));
#2783 = VECTOR('',#2784,1.);
#2784 = DIRECTION('',(0.,1.));
#2785 = ( GEOMETRIC_REPRESENTATION_CONTEXT(2) 
PARAMETRIC_REPRESENTATION_CONTEXT() REPRESENTATION_CONTEXT('2D SPACE',''
  ) );
#2786 = PCURVE('',#2609,#2787);
#2787 = DEFINITIONAL_REPRESENTATION('',(#2788),#2792);
#2788 = LINE('',#2789,#2790);
#2789 = CARTESIAN_POINT('',(0.,0.));
#2790 = VECTOR('',#2791,1.);
#2791 = DIRECTION('',(0.,1.));
#2792 = ( GEOMETRIC_REPRESENTATION_CONTEXT(2) 
PARAMETRIC_REPRESENTATION_CONTEXT() REPRESENTATION_CONTEXT('2D SPACE',''
  ) );
#2793 = ADVANCED_FACE('',(#2794),#2555,.F.);
#2794 = FACE_BOUND('',#2795,.T.);
#2795 = EDGE_LOOP('',(#2796,#2819,#2840,#2841));
#2796 = ORIENTED_EDGE('',*,*,#2797,.F.);
#2797 = EDGE_CURVE('',#2798,#2727,#2800,.T.);
#2798 = VERTEX_POINT('',#2799);
#2799 = CARTESIAN_POINT('',(-50.03263180895,-39.00352454878,10.));
#2800 = SURFACE_CURVE('',#2801,(#2805,#2812),.PCURVE_S1.);
#2801 = LINE('',#2802,#2803);
#2802 = CARTESIAN_POINT('',(-50.03263180895,-38.0017621589,10.));
#2803 = VECTOR('',#2804,1.);
#2804 = DIRECTION('',(0.,1.,0.));
#2805 = PCURVE('',#2555,#2806);
#2806 = DEFINITIONAL_REPRESENTATION('',(#2807),#2811);
#2807 = LINE('',#2808,#2809);
#2808 = CARTESIAN_POINT('',(1.001762389875,0.));
#2809 = VECTOR('',#2810,1.);
#2810 = DIRECTION('',(1.,0.));
#2811 = ( GEOMETRIC_REPRESENTATION_CONTEXT(2) 
PARAMETRIC_REPRESENTATION_CONTEXT() REPRESENTATION_CONTEXT('2D SPACE',''
  ) );
#2812 = PCURVE('',#94,#2813);
#2813 = DEFINITIONAL_REPRESENTATION('',(#2814),#2818);
#2814 = LINE('',#2815,#2816);
#2815 = CARTESIAN_POINT('',(-50.03263205717,-1.001762389875));
#2816 = VECTOR('',#2817,1.);
#2817 = DIRECTION('',(0.,1.));
#2818 = ( GEOMETRIC_REPRESENTATION_CONTEXT(2) 
PARAMETRIC_REPRESENTATION_CONTEXT() REPRESENTATION_CONTEXT('2D SPACE',''
  ) );
#2819 = ORIENTED_EDGE('',*,*,#2820,.T.);
#2820 = EDGE_CURVE('',#2798,#2540,#2821,.T.);
#2821 = SURFACE_CURVE('',#2822,(#2826,#2833),.PCURVE_S1.);
#2822 = LINE('',#2823,#2824);
#2823 = CARTESIAN_POINT('',(-50.03263180895,-39.00352454878,10.));
#2824 = VECTOR('',#2825,1.);
#2825 = DIRECTION('',(0.,0.,-1.));
#2826 = PCURVE('',#2555,#2827);
#2827 = DEFINITIONAL_REPRESENTATION('',(#2828),#2832);
#2828 = LINE('',#2829,#2830);
#2829 = CARTESIAN_POINT('',(0.,0.));
#2830 = VECTOR('',#2831,1.);
#2831 = DIRECTION('',(0.,1.));
#2832 = ( GEOMETRIC_REPRESENTATION_CONTEXT(2) 
PARAMETRIC_REPRESENTATION_CONTEXT() REPRESENTATION_CONTEXT('2D SPACE',''
  ) );
#2833 = PCURVE('',#2583,#2834);
#2834 = DEFINITIONAL_REPRESENTATION('',(#2835),#2839);
#2835 = LINE('',#2836,#2837);
#2836 = CARTESIAN_POINT('',(12.,0.));
#2837 = VECTOR('',#2838,1.);
#2838 = DIRECTION('',(0.,1.));
#2839 = ( GEOMETRIC_REPRESENTATION_CONTEXT(2) 
PARAMETRIC_REPRESENTATION_CONTEXT() REPRESENTATION_CONTEXT('2D SPACE',''
  ) );
#2840 = ORIENTED_EDGE('',*,*,#2539,.F.);
#2841 = ORIENTED_EDGE('',*,*,#2751,.F.);
#2842 = ADVANCED_FACE('',(#2843),#2583,.F.);
#2843 = FACE_BOUND('',#2844,.T.);
#2844 = EDGE_LOOP('',(#2845,#2868,#2889,#2890));
#2845 = ORIENTED_EDGE('',*,*,#2846,.F.);
#2846 = EDGE_CURVE('',#2847,#2798,#2849,.T.);
#2847 = VERTEX_POINT('',#2848);
#2848 = CARTESIAN_POINT('',(-38.03263180895,-39.00352454878,10.));
#2849 = SURFACE_CURVE('',#2850,(#2854,#2861),.PCURVE_S1.);
#2850 = LINE('',#2851,#2852);
#2851 = CARTESIAN_POINT('',(-19.01631578037,-39.00352454878,10.));
#2852 = VECTOR('',#2853,1.);
#2853 = DIRECTION('',(-1.,0.,0.));
#2854 = PCURVE('',#2583,#2855);
#2855 = DEFINITIONAL_REPRESENTATION('',(#2856),#2860);
#2856 = LINE('',#2857,#2858);
#2857 = CARTESIAN_POINT('',(-19.01631602858,-0.));
#2858 = VECTOR('',#2859,1.);
#2859 = DIRECTION('',(1.,0.));
#2860 = ( GEOMETRIC_REPRESENTATION_CONTEXT(2) 
PARAMETRIC_REPRESENTATION_CONTEXT() REPRESENTATION_CONTEXT('2D SPACE',''
  ) );
#2861 = PCURVE('',#94,#2862);
#2862 = DEFINITIONAL_REPRESENTATION('',(#2863),#2867);
#2863 = LINE('',#2864,#2865);
#2864 = CARTESIAN_POINT('',(-19.01631602858,-2.00352477975));
#2865 = VECTOR('',#2866,1.);
#2866 = DIRECTION('',(-1.,0.));
#2867 = ( GEOMETRIC_REPRESENTATION_CONTEXT(2) 
PARAMETRIC_REPRESENTATION_CONTEXT() REPRESENTATION_CONTEXT('2D SPACE',''
  ) );
#2868 = ORIENTED_EDGE('',*,*,#2869,.T.);
#2869 = EDGE_CURVE('',#2847,#2568,#2870,.T.);
#2870 = SURFACE_CURVE('',#2871,(#2875,#2882),.PCURVE_S1.);
#2871 = LINE('',#2872,#2873);
#2872 = CARTESIAN_POINT('',(-38.03263180895,-39.00352454878,10.));
#2873 = VECTOR('',#2874,1.);
#2874 = DIRECTION('',(0.,0.,-1.));
#2875 = PCURVE('',#2583,#2876);
#2876 = DEFINITIONAL_REPRESENTATION('',(#2877),#2881);
#2877 = LINE('',#2878,#2879);
#2878 = CARTESIAN_POINT('',(0.,-0.));
#2879 = VECTOR('',#2880,1.);
#2880 = DIRECTION('',(0.,1.));
#2881 = ( GEOMETRIC_REPRESENTATION_CONTEXT(2) 
PARAMETRIC_REPRESENTATION_CONTEXT() REPRESENTATION_CONTEXT('2D SPACE',''
  ) );
#2882 = PCURVE('',#2609,#2883);
#2883 = DEFINITIONAL_REPRESENTATION('',(#2884),#2888);
#2884 = LINE('',#2885,#2886);
#2885 = CARTESIAN_POINT('',(12.,0.));
#2886 = VECTOR('',#2887,1.);
#2887 = DIRECTION('',(0.,1.));
#2888 = ( GEOMETRIC_REPRESENTATION_CONTEXT(2) 
PARAMETRIC_REPRESENTATION_CONTEXT() REPRESENTATION_CONTEXT('2D SPACE',''
  ) );
#2889 = ORIENTED_EDGE('',*,*,#2567,.F.);
#2890 = ORIENTED_EDGE('',*,*,#2820,.F.);
#2891 = ADVANCED_FACE('',(#2892),#2609,.F.);
#2892 = FACE_BOUND('',#2893,.T.);
#2893 = EDGE_LOOP('',(#2894,#2915,#2916,#2917));
#2894 = ORIENTED_EDGE('',*,*,#2895,.F.);
#2895 = EDGE_CURVE('',#2729,#2847,#2896,.T.);
#2896 = SURFACE_CURVE('',#2897,(#2901,#2908),.PCURVE_S1.);
#2897 = LINE('',#2898,#2899);
#2898 = CARTESIAN_POINT('',(-38.03263180895,-32.0017621589,10.));
#2899 = VECTOR('',#2900,1.);
#2900 = DIRECTION('',(0.,-1.,0.));
#2901 = PCURVE('',#2609,#2902);
#2902 = DEFINITIONAL_REPRESENTATION('',(#2903),#2907);
#2903 = LINE('',#2904,#2905);
#2904 = CARTESIAN_POINT('',(4.998237610125,0.));
#2905 = VECTOR('',#2906,1.);
#2906 = DIRECTION('',(1.,0.));
#2907 = ( GEOMETRIC_REPRESENTATION_CONTEXT(2) 
PARAMETRIC_REPRESENTATION_CONTEXT() REPRESENTATION_CONTEXT('2D SPACE',''
  ) );
#2908 = PCURVE('',#94,#2909);
#2909 = DEFINITIONAL_REPRESENTATION('',(#2910),#2914);
#2910 = LINE('',#2911,#2912);
#2911 = CARTESIAN_POINT('',(-38.03263205717,4.998237610125));
#2912 = VECTOR('',#2913,1.);
#2913 = DIRECTION('',(0.,-1.));
#2914 = ( GEOMETRIC_REPRESENTATION_CONTEXT(2) 
PARAMETRIC_REPRESENTATION_CONTEXT() REPRESENTATION_CONTEXT('2D SPACE',''
  ) );
#2915 = ORIENTED_EDGE('',*,*,#2773,.T.);
#2916 = ORIENTED_EDGE('',*,*,#2595,.F.);
#2917 = ORIENTED_EDGE('',*,*,#2869,.F.);
#2918 = ADVANCED_FACE('',(#2919),#1976,.F.);
#2919 = FACE_BOUND('',#2920,.F.);
#2920 = EDGE_LOOP('',(#2921,#2944,#2945,#2968));
#2921 = ORIENTED_EDGE('',*,*,#2922,.T.);
#2922 = EDGE_CURVE('',#2923,#1932,#2925,.T.);
#2923 = VERTEX_POINT('',#2924);
#2924 = CARTESIAN_POINT('',(23.94875085727,13.513749905658,10.));
#2925 = SURFACE_CURVE('',#2926,(#2930,#2937),.PCURVE_S1.);
#2926 = LINE('',#2927,#2928);
#2927 = CARTESIAN_POINT('',(23.94875085727,13.513749905658,10.));
#2928 = VECTOR('',#2929,1.);
#2929 = DIRECTION('',(0.,0.,-1.));
#2930 = PCURVE('',#1976,#2931);
#2931 = DEFINITIONAL_REPRESENTATION('',(#2932),#2936);
#2932 = LINE('',#2933,#2934);
#2933 = CARTESIAN_POINT('',(6.28318530718,0.));
#2934 = VECTOR('',#2935,1.);
#2935 = DIRECTION('',(0.,1.));
#2936 = ( GEOMETRIC_REPRESENTATION_CONTEXT(2) 
PARAMETRIC_REPRESENTATION_CONTEXT() REPRESENTATION_CONTEXT('2D SPACE',''
  ) );
#2937 = PCURVE('',#1947,#2938);
#2938 = DEFINITIONAL_REPRESENTATION('',(#2939),#2943);
#2939 = LINE('',#2940,#2941);
#2940 = CARTESIAN_POINT('',(0.,0.));
#2941 = VECTOR('',#2942,1.);
#2942 = DIRECTION('',(0.,1.));
#2943 = ( GEOMETRIC_REPRESENTATION_CONTEXT(2) 
PARAMETRIC_REPRESENTATION_CONTEXT() REPRESENTATION_CONTEXT('2D SPACE',''
  ) );
#2944 = ORIENTED_EDGE('',*,*,#1959,.T.);
#2945 = ORIENTED_EDGE('',*,*,#2946,.F.);
#2946 = EDGE_CURVE('',#2947,#1960,#2949,.T.);
#2947 = VERTEX_POINT('',#2948);
#2948 = CARTESIAN_POINT('',(21.94875085727,15.513749905658,10.));
#2949 = SURFACE_CURVE('',#2950,(#2954,#2961),.PCURVE_S1.);
#2950 = LINE('',#2951,#2952);
#2951 = CARTESIAN_POINT('',(21.94875085727,15.513749905658,10.));
#2952 = VECTOR('',#2953,1.);
#2953 = DIRECTION('',(0.,0.,-1.));
#2954 = PCURVE('',#1976,#2955);
#2955 = DEFINITIONAL_REPRESENTATION('',(#2956),#2960);
#2956 = LINE('',#2957,#2958);
#2957 = CARTESIAN_POINT('',(4.712388980385,0.));
#2958 = VECTOR('',#2959,1.);
#2959 = DIRECTION('',(0.,1.));
#2960 = ( GEOMETRIC_REPRESENTATION_CONTEXT(2) 
PARAMETRIC_REPRESENTATION_CONTEXT() REPRESENTATION_CONTEXT('2D SPACE',''
  ) );
#2961 = PCURVE('',#2004,#2962);
#2962 = DEFINITIONAL_REPRESENTATION('',(#2963),#2967);
#2963 = LINE('',#2964,#2965);
#2964 = CARTESIAN_POINT('',(8.,0.));
#2965 = VECTOR('',#2966,1.);
#2966 = DIRECTION('',(0.,1.));
#2967 = ( GEOMETRIC_REPRESENTATION_CONTEXT(2) 
PARAMETRIC_REPRESENTATION_CONTEXT() REPRESENTATION_CONTEXT('2D SPACE',''
  ) );
#2968 = ORIENTED_EDGE('',*,*,#2969,.T.);
#2969 = EDGE_CURVE('',#2947,#2923,#2970,.T.);
#2970 = SURFACE_CURVE('',#2971,(#2976,#2983),.PCURVE_S1.);
#2971 = CIRCLE('',#2972,2.);
#2972 = AXIS2_PLACEMENT_3D('',#2973,#2974,#2975);
#2973 = CARTESIAN_POINT('',(21.94875085727,13.513749905658,10.));
#2974 = DIRECTION('',(0.,0.,-1.));
#2975 = DIRECTION('',(1.,-1.110223024625E-15,0.));
#2976 = PCURVE('',#1976,#2977);
#2977 = DEFINITIONAL_REPRESENTATION('',(#2978),#2982);
#2978 = LINE('',#2979,#2980);
#2979 = CARTESIAN_POINT('',(-8.881784197001E-16,0.));
#2980 = VECTOR('',#2981,1.);
#2981 = DIRECTION('',(1.,0.));
#2982 = ( GEOMETRIC_REPRESENTATION_CONTEXT(2) 
PARAMETRIC_REPRESENTATION_CONTEXT() REPRESENTATION_CONTEXT('2D SPACE',''
  ) );
#2983 = PCURVE('',#94,#2984);
#2984 = DEFINITIONAL_REPRESENTATION('',(#2985),#2993);
#2985 = ( BOUNDED_CURVE() B_SPLINE_CURVE(2,(#2986,#2987,#2988,#2989,
#2990,#2991,#2992),.UNSPECIFIED.,.T.,.F.) B_SPLINE_CURVE_WITH_KNOTS((1,2
    ,2,2,2,1),(-2.094395102393,0.,2.094395102393,4.188790204786,
6.28318530718,8.377580409573),.UNSPECIFIED.) CURVE() 
GEOMETRIC_REPRESENTATION_ITEM() RATIONAL_B_SPLINE_CURVE((1.,0.5,1.,0.5,
1.,0.5,1.)) REPRESENTATION_ITEM('') );
#2986 = CARTESIAN_POINT('',(23.948750609058,50.51374967469));
#2987 = CARTESIAN_POINT('',(23.948750609058,47.049648059553));
#2988 = CARTESIAN_POINT('',(20.948750609058,48.781698867121));
#2989 = CARTESIAN_POINT('',(17.948750609058,50.51374967469));
#2990 = CARTESIAN_POINT('',(20.948750609058,52.245800482259));
#2991 = CARTESIAN_POINT('',(23.948750609058,53.977851289828));
#2992 = CARTESIAN_POINT('',(23.948750609058,50.51374967469));
#2993 = ( GEOMETRIC_REPRESENTATION_CONTEXT(2) 
PARAMETRIC_REPRESENTATION_CONTEXT() REPRESENTATION_CONTEXT('2D SPACE',''
  ) );
#2994 = ADVANCED_FACE('',(#2995),#2004,.F.);
#2995 = FACE_BOUND('',#2996,.T.);
#2996 = EDGE_LOOP('',(#2997,#3020,#3041,#3042));
#2997 = ORIENTED_EDGE('',*,*,#2998,.F.);
#2998 = EDGE_CURVE('',#2999,#2947,#3001,.T.);
#2999 = VERTEX_POINT('',#3000);
#3000 = CARTESIAN_POINT('',(13.94875085727,15.513749905658,10.));
#3001 = SURFACE_CURVE('',#3002,(#3006,#3013),.PCURVE_S1.);
#3002 = LINE('',#3003,#3004);
#3003 = CARTESIAN_POINT('',(6.974375552741,15.513749905658,10.));
#3004 = VECTOR('',#3005,1.);
#3005 = DIRECTION('',(1.,8.326672684689E-16,0.));
#3006 = PCURVE('',#2004,#3007);
#3007 = DEFINITIONAL_REPRESENTATION('',(#3008),#3012);
#3008 = LINE('',#3009,#3010);
#3009 = CARTESIAN_POINT('',(-6.974375304529,-0.));
#3010 = VECTOR('',#3011,1.);
#3011 = DIRECTION('',(1.,0.));
#3012 = ( GEOMETRIC_REPRESENTATION_CONTEXT(2) 
PARAMETRIC_REPRESENTATION_CONTEXT() REPRESENTATION_CONTEXT('2D SPACE',''
  ) );
#3013 = PCURVE('',#94,#3014);
#3014 = DEFINITIONAL_REPRESENTATION('',(#3015),#3019);
#3015 = LINE('',#3016,#3017);
#3016 = CARTESIAN_POINT('',(6.974375304529,52.51374967469));
#3017 = VECTOR('',#3018,1.);
#3018 = DIRECTION('',(1.,8.326672684689E-16));
#3019 = ( GEOMETRIC_REPRESENTATION_CONTEXT(2) 
PARAMETRIC_REPRESENTATION_CONTEXT() REPRESENTATION_CONTEXT('2D SPACE',''
  ) );
#3020 = ORIENTED_EDGE('',*,*,#3021,.T.);
#3021 = EDGE_CURVE('',#2999,#1989,#3022,.T.);
#3022 = SURFACE_CURVE('',#3023,(#3027,#3034),.PCURVE_S1.);
#3023 = LINE('',#3024,#3025);
#3024 = CARTESIAN_POINT('',(13.94875085727,15.513749905658,10.));
#3025 = VECTOR('',#3026,1.);
#3026 = DIRECTION('',(0.,0.,-1.));
#3027 = PCURVE('',#2004,#3028);
#3028 = DEFINITIONAL_REPRESENTATION('',(#3029),#3033);
#3029 = LINE('',#3030,#3031);
#3030 = CARTESIAN_POINT('',(0.,0.));
#3031 = VECTOR('',#3032,1.);
#3032 = DIRECTION('',(0.,1.));
#3033 = ( GEOMETRIC_REPRESENTATION_CONTEXT(2) 
PARAMETRIC_REPRESENTATION_CONTEXT() REPRESENTATION_CONTEXT('2D SPACE',''
  ) );
#3034 = PCURVE('',#2033,#3035);
#3035 = DEFINITIONAL_REPRESENTATION('',(#3036),#3040);
#3036 = LINE('',#3037,#3038);
#3037 = CARTESIAN_POINT('',(6.28318530718,0.));
#3038 = VECTOR('',#3039,1.);
#3039 = DIRECTION('',(0.,1.));
#3040 = ( GEOMETRIC_REPRESENTATION_CONTEXT(2) 
PARAMETRIC_REPRESENTATION_CONTEXT() REPRESENTATION_CONTEXT('2D SPACE',''
  ) );
#3041 = ORIENTED_EDGE('',*,*,#1988,.F.);
#3042 = ORIENTED_EDGE('',*,*,#2946,.F.);
#3043 = ADVANCED_FACE('',(#3044),#2033,.F.);
#3044 = FACE_BOUND('',#3045,.F.);
#3045 = EDGE_LOOP('',(#3046,#3047,#3048,#3071));
#3046 = ORIENTED_EDGE('',*,*,#3021,.T.);
#3047 = ORIENTED_EDGE('',*,*,#2016,.T.);
#3048 = ORIENTED_EDGE('',*,*,#3049,.F.);
#3049 = EDGE_CURVE('',#3050,#2017,#3052,.T.);
#3050 = VERTEX_POINT('',#3051);
#3051 = CARTESIAN_POINT('',(11.94875085727,13.513749905658,10.));
#3052 = SURFACE_CURVE('',#3053,(#3057,#3064),.PCURVE_S1.);
#3053 = LINE('',#3054,#3055);
#3054 = CARTESIAN_POINT('',(11.94875085727,13.513749905658,10.));
#3055 = VECTOR('',#3056,1.);
#3056 = DIRECTION('',(0.,0.,-1.));
#3057 = PCURVE('',#2033,#3058);
#3058 = DEFINITIONAL_REPRESENTATION('',(#3059),#3063);
#3059 = LINE('',#3060,#3061);
#3060 = CARTESIAN_POINT('',(4.712388980385,0.));
#3061 = VECTOR('',#3062,1.);
#3062 = DIRECTION('',(0.,1.));
#3063 = ( GEOMETRIC_REPRESENTATION_CONTEXT(2) 
PARAMETRIC_REPRESENTATION_CONTEXT() REPRESENTATION_CONTEXT('2D SPACE',''
  ) );
#3064 = PCURVE('',#2061,#3065);
#3065 = DEFINITIONAL_REPRESENTATION('',(#3066),#3070);
#3066 = LINE('',#3067,#3068);
#3067 = CARTESIAN_POINT('',(3.5,0.));
#3068 = VECTOR('',#3069,1.);
#3069 = DIRECTION('',(0.,1.));
#3070 = ( GEOMETRIC_REPRESENTATION_CONTEXT(2) 
PARAMETRIC_REPRESENTATION_CONTEXT() REPRESENTATION_CONTEXT('2D SPACE',''
  ) );
#3071 = ORIENTED_EDGE('',*,*,#3072,.T.);
#3072 = EDGE_CURVE('',#3050,#2999,#3073,.T.);
#3073 = SURFACE_CURVE('',#3074,(#3079,#3086),.PCURVE_S1.);
#3074 = CIRCLE('',#3075,2.);
#3075 = AXIS2_PLACEMENT_3D('',#3076,#3077,#3078);
#3076 = CARTESIAN_POINT('',(13.94875085727,13.513749905658,10.));
#3077 = DIRECTION('',(0.,0.,-1.));
#3078 = DIRECTION('',(-2.22044604925E-15,1.,0.));
#3079 = PCURVE('',#2033,#3080);
#3080 = DEFINITIONAL_REPRESENTATION('',(#3081),#3085);
#3081 = LINE('',#3082,#3083);
#3082 = CARTESIAN_POINT('',(-8.881784197001E-16,0.));
#3083 = VECTOR('',#3084,1.);
#3084 = DIRECTION('',(1.,0.));
#3085 = ( GEOMETRIC_REPRESENTATION_CONTEXT(2) 
PARAMETRIC_REPRESENTATION_CONTEXT() REPRESENTATION_CONTEXT('2D SPACE',''
  ) );
#3086 = PCURVE('',#94,#3087);
#3087 = DEFINITIONAL_REPRESENTATION('',(#3088),#3096);
#3088 = ( BOUNDED_CURVE() B_SPLINE_CURVE(2,(#3089,#3090,#3091,#3092,
#3093,#3094,#3095),.UNSPECIFIED.,.T.,.F.) B_SPLINE_CURVE_WITH_KNOTS((1,2
    ,2,2,2,1),(-2.094395102393,0.,2.094395102393,4.188790204786,
6.28318530718,8.377580409573),.UNSPECIFIED.) CURVE() 
GEOMETRIC_REPRESENTATION_ITEM() RATIONAL_B_SPLINE_CURVE((1.,0.5,1.,0.5,
1.,0.5,1.)) REPRESENTATION_ITEM('') );
#3089 = CARTESIAN_POINT('',(13.948750609058,52.51374967469));
#3090 = CARTESIAN_POINT('',(17.412852224196,52.51374967469));
#3091 = CARTESIAN_POINT('',(15.680801416627,49.51374967469));
#3092 = CARTESIAN_POINT('',(13.948750609058,46.51374967469));
#3093 = CARTESIAN_POINT('',(12.216699801489,49.51374967469));
#3094 = CARTESIAN_POINT('',(10.48464899392,52.51374967469));
#3095 = CARTESIAN_POINT('',(13.948750609058,52.51374967469));
#3096 = ( GEOMETRIC_REPRESENTATION_CONTEXT(2) 
PARAMETRIC_REPRESENTATION_CONTEXT() REPRESENTATION_CONTEXT('2D SPACE',''
  ) );
#3097 = ADVANCED_FACE('',(#3098),#2061,.F.);
#3098 = FACE_BOUND('',#3099,.T.);
#3099 = EDGE_LOOP('',(#3100,#3123,#3144,#3145));
#3100 = ORIENTED_EDGE('',*,*,#3101,.F.);
#3101 = EDGE_CURVE('',#3102,#3050,#3104,.T.);
#3102 = VERTEX_POINT('',#3103);
#3103 = CARTESIAN_POINT('',(11.94875085727,10.013749905658,10.));
#3104 = SURFACE_CURVE('',#3105,(#3109,#3116),.PCURVE_S1.);
#3105 = LINE('',#3106,#3107);
#3106 = CARTESIAN_POINT('',(11.94875085727,-13.49312493168,10.));
#3107 = VECTOR('',#3108,1.);
#3108 = DIRECTION('',(6.344131569286E-16,1.,0.));
#3109 = PCURVE('',#2061,#3110);
#3110 = DEFINITIONAL_REPRESENTATION('',(#3111),#3115);
#3111 = LINE('',#3112,#3113);
#3112 = CARTESIAN_POINT('',(-23.50687483734,-0.));
#3113 = VECTOR('',#3114,1.);
#3114 = DIRECTION('',(1.,0.));
#3115 = ( GEOMETRIC_REPRESENTATION_CONTEXT(2) 
PARAMETRIC_REPRESENTATION_CONTEXT() REPRESENTATION_CONTEXT('2D SPACE',''
  ) );
#3116 = PCURVE('',#94,#3117);
#3117 = DEFINITIONAL_REPRESENTATION('',(#3118),#3122);
#3118 = LINE('',#3119,#3120);
#3119 = CARTESIAN_POINT('',(11.948750609058,23.506874837345));
#3120 = VECTOR('',#3121,1.);
#3121 = DIRECTION('',(6.344131569286E-16,1.));
#3122 = ( GEOMETRIC_REPRESENTATION_CONTEXT(2) 
PARAMETRIC_REPRESENTATION_CONTEXT() REPRESENTATION_CONTEXT('2D SPACE',''
  ) );
#3123 = ORIENTED_EDGE('',*,*,#3124,.T.);
#3124 = EDGE_CURVE('',#3102,#2046,#3125,.T.);
#3125 = SURFACE_CURVE('',#3126,(#3130,#3137),.PCURVE_S1.);
#3126 = LINE('',#3127,#3128);
#3127 = CARTESIAN_POINT('',(11.94875085727,10.013749905658,10.));
#3128 = VECTOR('',#3129,1.);
#3129 = DIRECTION('',(0.,0.,-1.));
#3130 = PCURVE('',#2061,#3131);
#3131 = DEFINITIONAL_REPRESENTATION('',(#3132),#3136);
#3132 = LINE('',#3133,#3134);
#3133 = CARTESIAN_POINT('',(0.,0.));
#3134 = VECTOR('',#3135,1.);
#3135 = DIRECTION('',(0.,1.));
#3136 = ( GEOMETRIC_REPRESENTATION_CONTEXT(2) 
PARAMETRIC_REPRESENTATION_CONTEXT() REPRESENTATION_CONTEXT('2D SPACE',''
  ) );
#3137 = PCURVE('',#2094,#3138);
#3138 = DEFINITIONAL_REPRESENTATION('',(#3139),#3143);
#3139 = LINE('',#3140,#3141);
#3140 = CARTESIAN_POINT('',(4.712388980385,0.));
#3141 = VECTOR('',#3142,1.);
#3142 = DIRECTION('',(0.,1.));
#3143 = ( GEOMETRIC_REPRESENTATION_CONTEXT(2) 
PARAMETRIC_REPRESENTATION_CONTEXT() REPRESENTATION_CONTEXT('2D SPACE',''
  ) );
#3144 = ORIENTED_EDGE('',*,*,#2045,.F.);
#3145 = ORIENTED_EDGE('',*,*,#3049,.F.);
#3146 = ADVANCED_FACE('',(#3147),#2094,.T.);
#3147 = FACE_BOUND('',#3148,.T.);
#3148 = EDGE_LOOP('',(#3149,#3173,#3194,#3195));
#3149 = ORIENTED_EDGE('',*,*,#3150,.F.);
#3150 = EDGE_CURVE('',#3151,#3102,#3153,.T.);
#3151 = VERTEX_POINT('',#3152);
#3152 = CARTESIAN_POINT('',(5.94875085727,4.013749905658,10.));
#3153 = SURFACE_CURVE('',#3154,(#3159,#3166),.PCURVE_S1.);
#3154 = CIRCLE('',#3155,6.);
#3155 = AXIS2_PLACEMENT_3D('',#3156,#3157,#3158);
#3156 = CARTESIAN_POINT('',(5.94875085727,10.013749905658,10.));
#3157 = DIRECTION('',(0.,0.,1.));
#3158 = DIRECTION('',(-3.515706244646E-15,-1.,0.));
#3159 = PCURVE('',#2094,#3160);
#3160 = DEFINITIONAL_REPRESENTATION('',(#3161),#3165);
#3161 = LINE('',#3162,#3163);
#3162 = CARTESIAN_POINT('',(6.28318530718,0.));
#3163 = VECTOR('',#3164,1.);
#3164 = DIRECTION('',(-1.,0.));
#3165 = ( GEOMETRIC_REPRESENTATION_CONTEXT(2) 
PARAMETRIC_REPRESENTATION_CONTEXT() REPRESENTATION_CONTEXT('2D SPACE',''
  ) );
#3166 = PCURVE('',#94,#3167);
#3167 = DEFINITIONAL_REPRESENTATION('',(#3168),#3172);
#3168 = CIRCLE('',#3169,6.);
#3169 = AXIS2_PLACEMENT_2D('',#3170,#3171);
#3170 = CARTESIAN_POINT('',(5.948750609058,47.01374967469));
#3171 = DIRECTION('',(-3.515706244646E-15,-1.));
#3172 = ( GEOMETRIC_REPRESENTATION_CONTEXT(2) 
PARAMETRIC_REPRESENTATION_CONTEXT() REPRESENTATION_CONTEXT('2D SPACE',''
  ) );
#3173 = ORIENTED_EDGE('',*,*,#3174,.T.);
#3174 = EDGE_CURVE('',#3151,#2074,#3175,.T.);
#3175 = SURFACE_CURVE('',#3176,(#3180,#3187),.PCURVE_S1.);
#3176 = LINE('',#3177,#3178);
#3177 = CARTESIAN_POINT('',(5.94875085727,4.013749905658,10.));
#3178 = VECTOR('',#3179,1.);
#3179 = DIRECTION('',(0.,0.,-1.));
#3180 = PCURVE('',#2094,#3181);
#3181 = DEFINITIONAL_REPRESENTATION('',(#3182),#3186);
#3182 = LINE('',#3183,#3184);
#3183 = CARTESIAN_POINT('',(6.28318530718,0.));
#3184 = VECTOR('',#3185,1.);
#3185 = DIRECTION('',(0.,1.));
#3186 = ( GEOMETRIC_REPRESENTATION_CONTEXT(2) 
PARAMETRIC_REPRESENTATION_CONTEXT() REPRESENTATION_CONTEXT('2D SPACE',''
  ) );
#3187 = PCURVE('',#2122,#3188);
#3188 = DEFINITIONAL_REPRESENTATION('',(#3189),#3193);
#3189 = LINE('',#3190,#3191);
#3190 = CARTESIAN_POINT('',(3.5,0.));
#3191 = VECTOR('',#3192,1.);
#3192 = DIRECTION('',(0.,1.));
#3193 = ( GEOMETRIC_REPRESENTATION_CONTEXT(2) 
PARAMETRIC_REPRESENTATION_CONTEXT() REPRESENTATION_CONTEXT('2D SPACE',''
  ) );
#3194 = ORIENTED_EDGE('',*,*,#2073,.F.);
#3195 = ORIENTED_EDGE('',*,*,#3124,.F.);
#3196 = ADVANCED_FACE('',(#3197),#2122,.F.);
#3197 = FACE_BOUND('',#3198,.T.);
#3198 = EDGE_LOOP('',(#3199,#3222,#3243,#3244));
#3199 = ORIENTED_EDGE('',*,*,#3200,.F.);
#3200 = EDGE_CURVE('',#3201,#3151,#3203,.T.);
#3201 = VERTEX_POINT('',#3202);
#3202 = CARTESIAN_POINT('',(2.448750857269,4.013749905658,10.));
#3203 = SURFACE_CURVE('',#3204,(#3208,#3215),.PCURVE_S1.);
#3204 = LINE('',#3205,#3206);
#3205 = CARTESIAN_POINT('',(1.22437555274,4.013749905658,10.));
#3206 = VECTOR('',#3207,1.);
#3207 = DIRECTION('',(1.,1.586032892321E-16,0.));
#3208 = PCURVE('',#2122,#3209);
#3209 = DEFINITIONAL_REPRESENTATION('',(#3210),#3214);
#3210 = LINE('',#3211,#3212);
#3211 = CARTESIAN_POINT('',(-1.224375304529,0.));
#3212 = VECTOR('',#3213,1.);
#3213 = DIRECTION('',(1.,0.));
#3214 = ( GEOMETRIC_REPRESENTATION_CONTEXT(2) 
PARAMETRIC_REPRESENTATION_CONTEXT() REPRESENTATION_CONTEXT('2D SPACE',''
  ) );
#3215 = PCURVE('',#94,#3216);
#3216 = DEFINITIONAL_REPRESENTATION('',(#3217),#3221);
#3217 = LINE('',#3218,#3219);
#3218 = CARTESIAN_POINT('',(1.224375304529,41.01374967469));
#3219 = VECTOR('',#3220,1.);
#3220 = DIRECTION('',(1.,1.586032892321E-16));
#3221 = ( GEOMETRIC_REPRESENTATION_CONTEXT(2) 
PARAMETRIC_REPRESENTATION_CONTEXT() REPRESENTATION_CONTEXT('2D SPACE',''
  ) );
#3222 = ORIENTED_EDGE('',*,*,#3223,.T.);
#3223 = EDGE_CURVE('',#3201,#2107,#3224,.T.);
#3224 = SURFACE_CURVE('',#3225,(#3229,#3236),.PCURVE_S1.);
#3225 = LINE('',#3226,#3227);
#3226 = CARTESIAN_POINT('',(2.448750857269,4.013749905658,10.));
#3227 = VECTOR('',#3228,1.);
#3228 = DIRECTION('',(0.,0.,-1.));
#3229 = PCURVE('',#2122,#3230);
#3230 = DEFINITIONAL_REPRESENTATION('',(#3231),#3235);
#3231 = LINE('',#3232,#3233);
#3232 = CARTESIAN_POINT('',(0.,0.));
#3233 = VECTOR('',#3234,1.);
#3234 = DIRECTION('',(0.,1.));
#3235 = ( GEOMETRIC_REPRESENTATION_CONTEXT(2) 
PARAMETRIC_REPRESENTATION_CONTEXT() REPRESENTATION_CONTEXT('2D SPACE',''
  ) );
#3236 = PCURVE('',#2151,#3237);
#3237 = DEFINITIONAL_REPRESENTATION('',(#3238),#3242);
#3238 = LINE('',#3239,#3240);
#3239 = CARTESIAN_POINT('',(6.28318530718,0.));
#3240 = VECTOR('',#3241,1.);
#3241 = DIRECTION('',(0.,1.));
#3242 = ( GEOMETRIC_REPRESENTATION_CONTEXT(2) 
PARAMETRIC_REPRESENTATION_CONTEXT() REPRESENTATION_CONTEXT('2D SPACE',''
  ) );
#3243 = ORIENTED_EDGE('',*,*,#2106,.F.);
#3244 = ORIENTED_EDGE('',*,*,#3174,.F.);
#3245 = ADVANCED_FACE('',(#3246),#2151,.F.);
#3246 = FACE_BOUND('',#3247,.F.);
#3247 = EDGE_LOOP('',(#3248,#3249,#3250,#3273));
#3248 = ORIENTED_EDGE('',*,*,#3223,.T.);
#3249 = ORIENTED_EDGE('',*,*,#2134,.T.);
#3250 = ORIENTED_EDGE('',*,*,#3251,.F.);
#3251 = EDGE_CURVE('',#3252,#2135,#3254,.T.);
#3252 = VERTEX_POINT('',#3253);
#3253 = CARTESIAN_POINT('',(0.448750857269,2.013749905658,10.));
#3254 = SURFACE_CURVE('',#3255,(#3259,#3266),.PCURVE_S1.);
#3255 = LINE('',#3256,#3257);
#3256 = CARTESIAN_POINT('',(0.448750857269,2.013749905658,10.));
#3257 = VECTOR('',#3258,1.);
#3258 = DIRECTION('',(0.,0.,-1.));
#3259 = PCURVE('',#2151,#3260);
#3260 = DEFINITIONAL_REPRESENTATION('',(#3261),#3265);
#3261 = LINE('',#3262,#3263);
#3262 = CARTESIAN_POINT('',(4.712388980385,0.));
#3263 = VECTOR('',#3264,1.);
#3264 = DIRECTION('',(0.,1.));
#3265 = ( GEOMETRIC_REPRESENTATION_CONTEXT(2) 
PARAMETRIC_REPRESENTATION_CONTEXT() REPRESENTATION_CONTEXT('2D SPACE',''
  ) );
#3266 = PCURVE('',#2179,#3267);
#3267 = DEFINITIONAL_REPRESENTATION('',(#3268),#3272);
#3268 = LINE('',#3269,#3270);
#3269 = CARTESIAN_POINT('',(8.,0.));
#3270 = VECTOR('',#3271,1.);
#3271 = DIRECTION('',(0.,1.));
#3272 = ( GEOMETRIC_REPRESENTATION_CONTEXT(2) 
PARAMETRIC_REPRESENTATION_CONTEXT() REPRESENTATION_CONTEXT('2D SPACE',''
  ) );
#3273 = ORIENTED_EDGE('',*,*,#3274,.T.);
#3274 = EDGE_CURVE('',#3252,#3201,#3275,.T.);
#3275 = SURFACE_CURVE('',#3276,(#3281,#3288),.PCURVE_S1.);
#3276 = CIRCLE('',#3277,2.);
#3277 = AXIS2_PLACEMENT_3D('',#3278,#3279,#3280);
#3278 = CARTESIAN_POINT('',(2.448750857269,2.013749905658,10.));
#3279 = DIRECTION('',(0.,0.,-1.));
#3280 = DIRECTION('',(-6.938893903907E-16,1.,0.));
#3281 = PCURVE('',#2151,#3282);
#3282 = DEFINITIONAL_REPRESENTATION('',(#3283),#3287);
#3283 = LINE('',#3284,#3285);
#3284 = CARTESIAN_POINT('',(0.,0.));
#3285 = VECTOR('',#3286,1.);
#3286 = DIRECTION('',(1.,0.));
#3287 = ( GEOMETRIC_REPRESENTATION_CONTEXT(2) 
PARAMETRIC_REPRESENTATION_CONTEXT() REPRESENTATION_CONTEXT('2D SPACE',''
  ) );
#3288 = PCURVE('',#94,#3289);
#3289 = DEFINITIONAL_REPRESENTATION('',(#3290),#3298);
#3290 = ( BOUNDED_CURVE() B_SPLINE_CURVE(2,(#3291,#3292,#3293,#3294,
#3295,#3296,#3297),.UNSPECIFIED.,.T.,.F.) B_SPLINE_CURVE_WITH_KNOTS((1,2
    ,2,2,2,1),(-2.094395102393,0.,2.094395102393,4.188790204786,
6.28318530718,8.377580409573),.UNSPECIFIED.) CURVE() 
GEOMETRIC_REPRESENTATION_ITEM() RATIONAL_B_SPLINE_CURVE((1.,0.5,1.,0.5,
1.,0.5,1.)) REPRESENTATION_ITEM('') );
#3291 = CARTESIAN_POINT('',(2.448750609057,41.01374967469));
#3292 = CARTESIAN_POINT('',(5.912852224195,41.01374967469));
#3293 = CARTESIAN_POINT('',(4.180801416626,38.01374967469));
#3294 = CARTESIAN_POINT('',(2.448750609057,35.01374967469));
#3295 = CARTESIAN_POINT('',(0.716699801489,38.01374967469));
#3296 = CARTESIAN_POINT('',(-1.01535100608,41.01374967469));
#3297 = CARTESIAN_POINT('',(2.448750609057,41.01374967469));
#3298 = ( GEOMETRIC_REPRESENTATION_CONTEXT(2) 
PARAMETRIC_REPRESENTATION_CONTEXT() REPRESENTATION_CONTEXT('2D SPACE',''
  ) );
#3299 = ADVANCED_FACE('',(#3300),#2179,.F.);
#3300 = FACE_BOUND('',#3301,.T.);
#3301 = EDGE_LOOP('',(#3302,#3325,#3346,#3347));
#3302 = ORIENTED_EDGE('',*,*,#3303,.F.);
#3303 = EDGE_CURVE('',#3304,#3252,#3306,.T.);
#3304 = VERTEX_POINT('',#3305);
#3305 = CARTESIAN_POINT('',(0.448750857269,-5.986250094342,10.));
#3306 = SURFACE_CURVE('',#3307,(#3311,#3318),.PCURVE_S1.);
#3307 = LINE('',#3308,#3309);
#3308 = CARTESIAN_POINT('',(0.448750857269,-21.49312493168,10.));
#3309 = VECTOR('',#3310,1.);
#3310 = DIRECTION('',(3.469446951954E-17,1.,0.));
#3311 = PCURVE('',#2179,#3312);
#3312 = DEFINITIONAL_REPRESENTATION('',(#3313),#3317);
#3313 = LINE('',#3314,#3315);
#3314 = CARTESIAN_POINT('',(-15.50687483734,-0.));
#3315 = VECTOR('',#3316,1.);
#3316 = DIRECTION('',(1.,0.));
#3317 = ( GEOMETRIC_REPRESENTATION_CONTEXT(2) 
PARAMETRIC_REPRESENTATION_CONTEXT() REPRESENTATION_CONTEXT('2D SPACE',''
  ) );
#3318 = PCURVE('',#94,#3319);
#3319 = DEFINITIONAL_REPRESENTATION('',(#3320),#3324);
#3320 = LINE('',#3321,#3322);
#3321 = CARTESIAN_POINT('',(0.448750609057,15.506874837345));
#3322 = VECTOR('',#3323,1.);
#3323 = DIRECTION('',(3.469446951954E-17,1.));
#3324 = ( GEOMETRIC_REPRESENTATION_CONTEXT(2) 
PARAMETRIC_REPRESENTATION_CONTEXT() REPRESENTATION_CONTEXT('2D SPACE',''
  ) );
#3325 = ORIENTED_EDGE('',*,*,#3326,.T.);
#3326 = EDGE_CURVE('',#3304,#2164,#3327,.T.);
#3327 = SURFACE_CURVE('',#3328,(#3332,#3339),.PCURVE_S1.);
#3328 = LINE('',#3329,#3330);
#3329 = CARTESIAN_POINT('',(0.448750857269,-5.986250094342,10.));
#3330 = VECTOR('',#3331,1.);
#3331 = DIRECTION('',(0.,0.,-1.));
#3332 = PCURVE('',#2179,#3333);
#3333 = DEFINITIONAL_REPRESENTATION('',(#3334),#3338);
#3334 = LINE('',#3335,#3336);
#3335 = CARTESIAN_POINT('',(0.,0.));
#3336 = VECTOR('',#3337,1.);
#3337 = DIRECTION('',(0.,1.));
#3338 = ( GEOMETRIC_REPRESENTATION_CONTEXT(2) 
PARAMETRIC_REPRESENTATION_CONTEXT() REPRESENTATION_CONTEXT('2D SPACE',''
  ) );
#3339 = PCURVE('',#2208,#3340);
#3340 = DEFINITIONAL_REPRESENTATION('',(#3341),#3345);
#3341 = LINE('',#3342,#3343);
#3342 = CARTESIAN_POINT('',(6.28318530718,0.));
#3343 = VECTOR('',#3344,1.);
#3344 = DIRECTION('',(0.,1.));
#3345 = ( GEOMETRIC_REPRESENTATION_CONTEXT(2) 
PARAMETRIC_REPRESENTATION_CONTEXT() REPRESENTATION_CONTEXT('2D SPACE',''
  ) );
#3346 = ORIENTED_EDGE('',*,*,#2163,.F.);
#3347 = ORIENTED_EDGE('',*,*,#3251,.F.);
#3348 = ADVANCED_FACE('',(#3349),#2208,.F.);
#3349 = FACE_BOUND('',#3350,.F.);
#3350 = EDGE_LOOP('',(#3351,#3352,#3353,#3376));
#3351 = ORIENTED_EDGE('',*,*,#3326,.T.);
#3352 = ORIENTED_EDGE('',*,*,#2191,.T.);
#3353 = ORIENTED_EDGE('',*,*,#3354,.F.);
#3354 = EDGE_CURVE('',#3355,#2192,#3357,.T.);
#3355 = VERTEX_POINT('',#3356);
#3356 = CARTESIAN_POINT('',(2.448750857269,-7.986250094342,10.));
#3357 = SURFACE_CURVE('',#3358,(#3362,#3369),.PCURVE_S1.);
#3358 = LINE('',#3359,#3360);
#3359 = CARTESIAN_POINT('',(2.448750857269,-7.986250094342,10.));
#3360 = VECTOR('',#3361,1.);
#3361 = DIRECTION('',(0.,0.,-1.));
#3362 = PCURVE('',#2208,#3363);
#3363 = DEFINITIONAL_REPRESENTATION('',(#3364),#3368);
#3364 = LINE('',#3365,#3366);
#3365 = CARTESIAN_POINT('',(4.712388980385,0.));
#3366 = VECTOR('',#3367,1.);
#3367 = DIRECTION('',(0.,1.));
#3368 = ( GEOMETRIC_REPRESENTATION_CONTEXT(2) 
PARAMETRIC_REPRESENTATION_CONTEXT() REPRESENTATION_CONTEXT('2D SPACE',''
  ) );
#3369 = PCURVE('',#2236,#3370);
#3370 = DEFINITIONAL_REPRESENTATION('',(#3371),#3375);
#3371 = LINE('',#3372,#3373);
#3372 = CARTESIAN_POINT('',(3.5,0.));
#3373 = VECTOR('',#3374,1.);
#3374 = DIRECTION('',(0.,1.));
#3375 = ( GEOMETRIC_REPRESENTATION_CONTEXT(2) 
PARAMETRIC_REPRESENTATION_CONTEXT() REPRESENTATION_CONTEXT('2D SPACE',''
  ) );
#3376 = ORIENTED_EDGE('',*,*,#3377,.T.);
#3377 = EDGE_CURVE('',#3355,#3304,#3378,.T.);
#3378 = SURFACE_CURVE('',#3379,(#3384,#3391),.PCURVE_S1.);
#3379 = CIRCLE('',#3380,2.);
#3380 = AXIS2_PLACEMENT_3D('',#3381,#3382,#3383);
#3381 = CARTESIAN_POINT('',(2.448750857269,-5.986250094342,10.));
#3382 = DIRECTION('',(0.,0.,-1.));
#3383 = DIRECTION('',(-1.,0.,0.));
#3384 = PCURVE('',#2208,#3385);
#3385 = DEFINITIONAL_REPRESENTATION('',(#3386),#3390);
#3386 = LINE('',#3387,#3388);
#3387 = CARTESIAN_POINT('',(0.,0.));
#3388 = VECTOR('',#3389,1.);
#3389 = DIRECTION('',(1.,0.));
#3390 = ( GEOMETRIC_REPRESENTATION_CONTEXT(2) 
PARAMETRIC_REPRESENTATION_CONTEXT() REPRESENTATION_CONTEXT('2D SPACE',''
  ) );
#3391 = PCURVE('',#94,#3392);
#3392 = DEFINITIONAL_REPRESENTATION('',(#3393),#3401);
#3393 = ( BOUNDED_CURVE() B_SPLINE_CURVE(2,(#3394,#3395,#3396,#3397,
#3398,#3399,#3400),.UNSPECIFIED.,.T.,.F.) B_SPLINE_CURVE_WITH_KNOTS((1,2
    ,2,2,2,1),(-2.094395102393,0.,2.094395102393,4.188790204786,
6.28318530718,8.377580409573),.UNSPECIFIED.) CURVE() 
GEOMETRIC_REPRESENTATION_ITEM() RATIONAL_B_SPLINE_CURVE((1.,0.5,1.,0.5,
1.,0.5,1.)) REPRESENTATION_ITEM('') );
#3394 = CARTESIAN_POINT('',(0.448750609057,31.01374967469));
#3395 = CARTESIAN_POINT('',(0.448750609057,34.477851289828));
#3396 = CARTESIAN_POINT('',(3.448750609057,32.745800482259));
#3397 = CARTESIAN_POINT('',(6.448750609057,31.01374967469));
#3398 = CARTESIAN_POINT('',(3.448750609057,29.281698867121));
#3399 = CARTESIAN_POINT('',(0.448750609057,27.549648059552));
#3400 = CARTESIAN_POINT('',(0.448750609057,31.01374967469));
#3401 = ( GEOMETRIC_REPRESENTATION_CONTEXT(2) 
PARAMETRIC_REPRESENTATION_CONTEXT() REPRESENTATION_CONTEXT('2D SPACE',''
  ) );
#3402 = ADVANCED_FACE('',(#3403),#2236,.F.);
#3403 = FACE_BOUND('',#3404,.T.);
#3404 = EDGE_LOOP('',(#3405,#3428,#3449,#3450));
#3405 = ORIENTED_EDGE('',*,*,#3406,.F.);
#3406 = EDGE_CURVE('',#3407,#3355,#3409,.T.);
#3407 = VERTEX_POINT('',#3408);
#3408 = CARTESIAN_POINT('',(5.94875085727,-7.986250094342,10.));
#3409 = SURFACE_CURVE('',#3410,(#3414,#3421),.PCURVE_S1.);
#3410 = LINE('',#3411,#3412);
#3411 = CARTESIAN_POINT('',(2.974375552741,-7.986250094342,10.));
#3412 = VECTOR('',#3413,1.);
#3413 = DIRECTION('',(-1.,0.,0.));
#3414 = PCURVE('',#2236,#3415);
#3415 = DEFINITIONAL_REPRESENTATION('',(#3416),#3420);
#3416 = LINE('',#3417,#3418);
#3417 = CARTESIAN_POINT('',(2.974375304529,0.));
#3418 = VECTOR('',#3419,1.);
#3419 = DIRECTION('',(1.,0.));
#3420 = ( GEOMETRIC_REPRESENTATION_CONTEXT(2) 
PARAMETRIC_REPRESENTATION_CONTEXT() REPRESENTATION_CONTEXT('2D SPACE',''
  ) );
#3421 = PCURVE('',#94,#3422);
#3422 = DEFINITIONAL_REPRESENTATION('',(#3423),#3427);
#3423 = LINE('',#3424,#3425);
#3424 = CARTESIAN_POINT('',(2.974375304529,29.01374967469));
#3425 = VECTOR('',#3426,1.);
#3426 = DIRECTION('',(-1.,0.));
#3427 = ( GEOMETRIC_REPRESENTATION_CONTEXT(2) 
PARAMETRIC_REPRESENTATION_CONTEXT() REPRESENTATION_CONTEXT('2D SPACE',''
  ) );
#3428 = ORIENTED_EDGE('',*,*,#3429,.T.);
#3429 = EDGE_CURVE('',#3407,#2221,#3430,.T.);
#3430 = SURFACE_CURVE('',#3431,(#3435,#3442),.PCURVE_S1.);
#3431 = LINE('',#3432,#3433);
#3432 = CARTESIAN_POINT('',(5.94875085727,-7.986250094342,10.));
#3433 = VECTOR('',#3434,1.);
#3434 = DIRECTION('',(0.,0.,-1.));
#3435 = PCURVE('',#2236,#3436);
#3436 = DEFINITIONAL_REPRESENTATION('',(#3437),#3441);
#3437 = LINE('',#3438,#3439);
#3438 = CARTESIAN_POINT('',(0.,-0.));
#3439 = VECTOR('',#3440,1.);
#3440 = DIRECTION('',(0.,1.));
#3441 = ( GEOMETRIC_REPRESENTATION_CONTEXT(2) 
PARAMETRIC_REPRESENTATION_CONTEXT() REPRESENTATION_CONTEXT('2D SPACE',''
  ) );
#3442 = PCURVE('',#2269,#3443);
#3443 = DEFINITIONAL_REPRESENTATION('',(#3444),#3448);
#3444 = LINE('',#3445,#3446);
#3445 = CARTESIAN_POINT('',(4.712388980385,0.));
#3446 = VECTOR('',#3447,1.);
#3447 = DIRECTION('',(0.,1.));
#3448 = ( GEOMETRIC_REPRESENTATION_CONTEXT(2) 
PARAMETRIC_REPRESENTATION_CONTEXT() REPRESENTATION_CONTEXT('2D SPACE',''
  ) );
#3449 = ORIENTED_EDGE('',*,*,#2220,.F.);
#3450 = ORIENTED_EDGE('',*,*,#3354,.F.);
#3451 = ADVANCED_FACE('',(#3452),#2269,.T.);
#3452 = FACE_BOUND('',#3453,.T.);
#3453 = EDGE_LOOP('',(#3454,#3478,#3499,#3500));
#3454 = ORIENTED_EDGE('',*,*,#3455,.F.);
#3455 = EDGE_CURVE('',#3456,#3407,#3458,.T.);
#3456 = VERTEX_POINT('',#3457);
#3457 = CARTESIAN_POINT('',(11.94875085727,-13.98625009434,10.));
#3458 = SURFACE_CURVE('',#3459,(#3464,#3471),.PCURVE_S1.);
#3459 = CIRCLE('',#3460,6.);
#3460 = AXIS2_PLACEMENT_3D('',#3461,#3462,#3463);
#3461 = CARTESIAN_POINT('',(5.94875085727,-13.98625009434,10.));
#3462 = DIRECTION('',(0.,0.,1.));
#3463 = DIRECTION('',(1.,3.700743415417E-16,-0.));
#3464 = PCURVE('',#2269,#3465);
#3465 = DEFINITIONAL_REPRESENTATION('',(#3466),#3470);
#3466 = LINE('',#3467,#3468);
#3467 = CARTESIAN_POINT('',(6.28318530718,0.));
#3468 = VECTOR('',#3469,1.);
#3469 = DIRECTION('',(-1.,0.));
#3470 = ( GEOMETRIC_REPRESENTATION_CONTEXT(2) 
PARAMETRIC_REPRESENTATION_CONTEXT() REPRESENTATION_CONTEXT('2D SPACE',''
  ) );
#3471 = PCURVE('',#94,#3472);
#3472 = DEFINITIONAL_REPRESENTATION('',(#3473),#3477);
#3473 = CIRCLE('',#3474,6.);
#3474 = AXIS2_PLACEMENT_2D('',#3475,#3476);
#3475 = CARTESIAN_POINT('',(5.948750609058,23.01374967469));
#3476 = DIRECTION('',(1.,3.700743415417E-16));
#3477 = ( GEOMETRIC_REPRESENTATION_CONTEXT(2) 
PARAMETRIC_REPRESENTATION_CONTEXT() REPRESENTATION_CONTEXT('2D SPACE',''
  ) );
#3478 = ORIENTED_EDGE('',*,*,#3479,.T.);
#3479 = EDGE_CURVE('',#3456,#2249,#3480,.T.);
#3480 = SURFACE_CURVE('',#3481,(#3485,#3492),.PCURVE_S1.);
#3481 = LINE('',#3482,#3483);
#3482 = CARTESIAN_POINT('',(11.94875085727,-13.98625009434,10.));
#3483 = VECTOR('',#3484,1.);
#3484 = DIRECTION('',(0.,0.,-1.));
#3485 = PCURVE('',#2269,#3486);
#3486 = DEFINITIONAL_REPRESENTATION('',(#3487),#3491);
#3487 = LINE('',#3488,#3489);
#3488 = CARTESIAN_POINT('',(6.28318530718,0.));
#3489 = VECTOR('',#3490,1.);
#3490 = DIRECTION('',(0.,1.));
#3491 = ( GEOMETRIC_REPRESENTATION_CONTEXT(2) 
PARAMETRIC_REPRESENTATION_CONTEXT() REPRESENTATION_CONTEXT('2D SPACE',''
  ) );
#3492 = PCURVE('',#2297,#3493);
#3493 = DEFINITIONAL_REPRESENTATION('',(#3494),#3498);
#3494 = LINE('',#3495,#3496);
#3495 = CARTESIAN_POINT('',(3.5,0.));
#3496 = VECTOR('',#3497,1.);
#3497 = DIRECTION('',(0.,1.));
#3498 = ( GEOMETRIC_REPRESENTATION_CONTEXT(2) 
PARAMETRIC_REPRESENTATION_CONTEXT() REPRESENTATION_CONTEXT('2D SPACE',''
  ) );
#3499 = ORIENTED_EDGE('',*,*,#2248,.F.);
#3500 = ORIENTED_EDGE('',*,*,#3429,.F.);
#3501 = ADVANCED_FACE('',(#3502),#2297,.F.);
#3502 = FACE_BOUND('',#3503,.T.);
#3503 = EDGE_LOOP('',(#3504,#3527,#3548,#3549));
#3504 = ORIENTED_EDGE('',*,*,#3505,.F.);
#3505 = EDGE_CURVE('',#3506,#3456,#3508,.T.);
#3506 = VERTEX_POINT('',#3507);
#3507 = CARTESIAN_POINT('',(11.94875085727,-17.48625009434,10.));
#3508 = SURFACE_CURVE('',#3509,(#3513,#3520),.PCURVE_S1.);
#3509 = LINE('',#3510,#3511);
#3510 = CARTESIAN_POINT('',(11.94875085727,-27.24312493168,10.));
#3511 = VECTOR('',#3512,1.);
#3512 = DIRECTION('',(1.903239470786E-15,1.,0.));
#3513 = PCURVE('',#2297,#3514);
#3514 = DEFINITIONAL_REPRESENTATION('',(#3515),#3519);
#3515 = LINE('',#3516,#3517);
#3516 = CARTESIAN_POINT('',(-9.756874837345,-0.));
#3517 = VECTOR('',#3518,1.);
#3518 = DIRECTION('',(1.,0.));
#3519 = ( GEOMETRIC_REPRESENTATION_CONTEXT(2) 
PARAMETRIC_REPRESENTATION_CONTEXT() REPRESENTATION_CONTEXT('2D SPACE',''
  ) );
#3520 = PCURVE('',#94,#3521);
#3521 = DEFINITIONAL_REPRESENTATION('',(#3522),#3526);
#3522 = LINE('',#3523,#3524);
#3523 = CARTESIAN_POINT('',(11.948750609058,9.756874837345));
#3524 = VECTOR('',#3525,1.);
#3525 = DIRECTION('',(1.903239470786E-15,1.));
#3526 = ( GEOMETRIC_REPRESENTATION_CONTEXT(2) 
PARAMETRIC_REPRESENTATION_CONTEXT() REPRESENTATION_CONTEXT('2D SPACE',''
  ) );
#3527 = ORIENTED_EDGE('',*,*,#3528,.T.);
#3528 = EDGE_CURVE('',#3506,#2282,#3529,.T.);
#3529 = SURFACE_CURVE('',#3530,(#3534,#3541),.PCURVE_S1.);
#3530 = LINE('',#3531,#3532);
#3531 = CARTESIAN_POINT('',(11.94875085727,-17.48625009434,10.));
#3532 = VECTOR('',#3533,1.);
#3533 = DIRECTION('',(0.,0.,-1.));
#3534 = PCURVE('',#2297,#3535);
#3535 = DEFINITIONAL_REPRESENTATION('',(#3536),#3540);
#3536 = LINE('',#3537,#3538);
#3537 = CARTESIAN_POINT('',(0.,0.));
#3538 = VECTOR('',#3539,1.);
#3539 = DIRECTION('',(0.,1.));
#3540 = ( GEOMETRIC_REPRESENTATION_CONTEXT(2) 
PARAMETRIC_REPRESENTATION_CONTEXT() REPRESENTATION_CONTEXT('2D SPACE',''
  ) );
#3541 = PCURVE('',#2326,#3542);
#3542 = DEFINITIONAL_REPRESENTATION('',(#3543),#3547);
#3543 = LINE('',#3544,#3545);
#3544 = CARTESIAN_POINT('',(6.28318530718,0.));
#3545 = VECTOR('',#3546,1.);
#3546 = DIRECTION('',(0.,1.));
#3547 = ( GEOMETRIC_REPRESENTATION_CONTEXT(2) 
PARAMETRIC_REPRESENTATION_CONTEXT() REPRESENTATION_CONTEXT('2D SPACE',''
  ) );
#3548 = ORIENTED_EDGE('',*,*,#2281,.F.);
#3549 = ORIENTED_EDGE('',*,*,#3479,.F.);
#3550 = ADVANCED_FACE('',(#3551),#2326,.F.);
#3551 = FACE_BOUND('',#3552,.F.);
#3552 = EDGE_LOOP('',(#3553,#3554,#3555,#3578));
#3553 = ORIENTED_EDGE('',*,*,#3528,.T.);
#3554 = ORIENTED_EDGE('',*,*,#2309,.T.);
#3555 = ORIENTED_EDGE('',*,*,#3556,.F.);
#3556 = EDGE_CURVE('',#3557,#2310,#3559,.T.);
#3557 = VERTEX_POINT('',#3558);
#3558 = CARTESIAN_POINT('',(13.94875085727,-19.48625009434,10.));
#3559 = SURFACE_CURVE('',#3560,(#3564,#3571),.PCURVE_S1.);
#3560 = LINE('',#3561,#3562);
#3561 = CARTESIAN_POINT('',(13.94875085727,-19.48625009434,10.));
#3562 = VECTOR('',#3563,1.);
#3563 = DIRECTION('',(0.,0.,-1.));
#3564 = PCURVE('',#2326,#3565);
#3565 = DEFINITIONAL_REPRESENTATION('',(#3566),#3570);
#3566 = LINE('',#3567,#3568);
#3567 = CARTESIAN_POINT('',(4.712388980385,0.));
#3568 = VECTOR('',#3569,1.);
#3569 = DIRECTION('',(0.,1.));
#3570 = ( GEOMETRIC_REPRESENTATION_CONTEXT(2) 
PARAMETRIC_REPRESENTATION_CONTEXT() REPRESENTATION_CONTEXT('2D SPACE',''
  ) );
#3571 = PCURVE('',#2354,#3572);
#3572 = DEFINITIONAL_REPRESENTATION('',(#3573),#3577);
#3573 = LINE('',#3574,#3575);
#3574 = CARTESIAN_POINT('',(8.,0.));
#3575 = VECTOR('',#3576,1.);
#3576 = DIRECTION('',(-0.,1.));
#3577 = ( GEOMETRIC_REPRESENTATION_CONTEXT(2) 
PARAMETRIC_REPRESENTATION_CONTEXT() REPRESENTATION_CONTEXT('2D SPACE',''
  ) );
#3578 = ORIENTED_EDGE('',*,*,#3579,.T.);
#3579 = EDGE_CURVE('',#3557,#3506,#3580,.T.);
#3580 = SURFACE_CURVE('',#3581,(#3586,#3593),.PCURVE_S1.);
#3581 = CIRCLE('',#3582,2.);
#3582 = AXIS2_PLACEMENT_3D('',#3583,#3584,#3585);
#3583 = CARTESIAN_POINT('',(13.94875085727,-17.48625009434,10.));
#3584 = DIRECTION('',(0.,0.,-1.));
#3585 = DIRECTION('',(-1.,2.22044604925E-15,0.));
#3586 = PCURVE('',#2326,#3587);
#3587 = DEFINITIONAL_REPRESENTATION('',(#3588),#3592);
#3588 = LINE('',#3589,#3590);
#3589 = CARTESIAN_POINT('',(0.,0.));
#3590 = VECTOR('',#3591,1.);
#3591 = DIRECTION('',(1.,0.));
#3592 = ( GEOMETRIC_REPRESENTATION_CONTEXT(2) 
PARAMETRIC_REPRESENTATION_CONTEXT() REPRESENTATION_CONTEXT('2D SPACE',''
  ) );
#3593 = PCURVE('',#94,#3594);
#3594 = DEFINITIONAL_REPRESENTATION('',(#3595),#3603);
#3595 = ( BOUNDED_CURVE() B_SPLINE_CURVE(2,(#3596,#3597,#3598,#3599,
#3600,#3601,#3602),.UNSPECIFIED.,.T.,.F.) B_SPLINE_CURVE_WITH_KNOTS((1,2
    ,2,2,2,1),(-2.094395102393,0.,2.094395102393,4.188790204786,
6.28318530718,8.377580409573),.UNSPECIFIED.) CURVE() 
GEOMETRIC_REPRESENTATION_ITEM() RATIONAL_B_SPLINE_CURVE((1.,0.5,1.,0.5,
1.,0.5,1.)) REPRESENTATION_ITEM('') );
#3596 = CARTESIAN_POINT('',(11.948750609058,19.51374967469));
#3597 = CARTESIAN_POINT('',(11.948750609058,22.977851289828));
#3598 = CARTESIAN_POINT('',(14.948750609058,21.245800482259));
#3599 = CARTESIAN_POINT('',(17.948750609058,19.51374967469));
#3600 = CARTESIAN_POINT('',(14.948750609058,17.781698867121));
#3601 = CARTESIAN_POINT('',(11.948750609058,16.049648059552));
#3602 = CARTESIAN_POINT('',(11.948750609058,19.51374967469));
#3603 = ( GEOMETRIC_REPRESENTATION_CONTEXT(2) 
PARAMETRIC_REPRESENTATION_CONTEXT() REPRESENTATION_CONTEXT('2D SPACE',''
  ) );
#3604 = ADVANCED_FACE('',(#3605),#2354,.F.);
#3605 = FACE_BOUND('',#3606,.T.);
#3606 = EDGE_LOOP('',(#3607,#3630,#3651,#3652));
#3607 = ORIENTED_EDGE('',*,*,#3608,.F.);
#3608 = EDGE_CURVE('',#3609,#3557,#3611,.T.);
#3609 = VERTEX_POINT('',#3610);
#3610 = CARTESIAN_POINT('',(21.94875085727,-19.48625009434,10.));
#3611 = SURFACE_CURVE('',#3612,(#3616,#3623),.PCURVE_S1.);
#3612 = LINE('',#3613,#3614);
#3613 = CARTESIAN_POINT('',(10.974375552741,-19.48625009434,10.));
#3614 = VECTOR('',#3615,1.);
#3615 = DIRECTION('',(-1.,-9.436895709314E-15,0.));
#3616 = PCURVE('',#2354,#3617);
#3617 = DEFINITIONAL_REPRESENTATION('',(#3618),#3622);
#3618 = LINE('',#3619,#3620);
#3619 = CARTESIAN_POINT('',(10.974375304529,0.));
#3620 = VECTOR('',#3621,1.);
#3621 = DIRECTION('',(1.,0.));
#3622 = ( GEOMETRIC_REPRESENTATION_CONTEXT(2) 
PARAMETRIC_REPRESENTATION_CONTEXT() REPRESENTATION_CONTEXT('2D SPACE',''
  ) );
#3623 = PCURVE('',#94,#3624);
#3624 = DEFINITIONAL_REPRESENTATION('',(#3625),#3629);
#3625 = LINE('',#3626,#3627);
#3626 = CARTESIAN_POINT('',(10.974375304529,17.51374967469));
#3627 = VECTOR('',#3628,1.);
#3628 = DIRECTION('',(-1.,-9.436895709314E-15));
#3629 = ( GEOMETRIC_REPRESENTATION_CONTEXT(2) 
PARAMETRIC_REPRESENTATION_CONTEXT() REPRESENTATION_CONTEXT('2D SPACE',''
  ) );
#3630 = ORIENTED_EDGE('',*,*,#3631,.T.);
#3631 = EDGE_CURVE('',#3609,#2339,#3632,.T.);
#3632 = SURFACE_CURVE('',#3633,(#3637,#3644),.PCURVE_S1.);
#3633 = LINE('',#3634,#3635);
#3634 = CARTESIAN_POINT('',(21.94875085727,-19.48625009434,10.));
#3635 = VECTOR('',#3636,1.);
#3636 = DIRECTION('',(0.,0.,-1.));
#3637 = PCURVE('',#2354,#3638);
#3638 = DEFINITIONAL_REPRESENTATION('',(#3639),#3643);
#3639 = LINE('',#3640,#3641);
#3640 = CARTESIAN_POINT('',(0.,0.));
#3641 = VECTOR('',#3642,1.);
#3642 = DIRECTION('',(-0.,1.));
#3643 = ( GEOMETRIC_REPRESENTATION_CONTEXT(2) 
PARAMETRIC_REPRESENTATION_CONTEXT() REPRESENTATION_CONTEXT('2D SPACE',''
  ) );
#3644 = PCURVE('',#2383,#3645);
#3645 = DEFINITIONAL_REPRESENTATION('',(#3646),#3650);
#3646 = LINE('',#3647,#3648);
#3647 = CARTESIAN_POINT('',(6.28318530718,0.));
#3648 = VECTOR('',#3649,1.);
#3649 = DIRECTION('',(0.,1.));
#3650 = ( GEOMETRIC_REPRESENTATION_CONTEXT(2) 
PARAMETRIC_REPRESENTATION_CONTEXT() REPRESENTATION_CONTEXT('2D SPACE',''
  ) );
#3651 = ORIENTED_EDGE('',*,*,#2338,.F.);
#3652 = ORIENTED_EDGE('',*,*,#3556,.F.);
#3653 = ADVANCED_FACE('',(#3654),#2383,.F.);
#3654 = FACE_BOUND('',#3655,.F.);
#3655 = EDGE_LOOP('',(#3656,#3657,#3658,#3681));
#3656 = ORIENTED_EDGE('',*,*,#3631,.T.);
#3657 = ORIENTED_EDGE('',*,*,#2366,.T.);
#3658 = ORIENTED_EDGE('',*,*,#3659,.F.);
#3659 = EDGE_CURVE('',#3660,#2367,#3662,.T.);
#3660 = VERTEX_POINT('',#3661);
#3661 = CARTESIAN_POINT('',(23.94875085727,-17.48625009434,10.));
#3662 = SURFACE_CURVE('',#3663,(#3667,#3674),.PCURVE_S1.);
#3663 = LINE('',#3664,#3665);
#3664 = CARTESIAN_POINT('',(23.94875085727,-17.48625009434,10.));
#3665 = VECTOR('',#3666,1.);
#3666 = DIRECTION('',(0.,0.,-1.));
#3667 = PCURVE('',#2383,#3668);
#3668 = DEFINITIONAL_REPRESENTATION('',(#3669),#3673);
#3669 = LINE('',#3670,#3671);
#3670 = CARTESIAN_POINT('',(4.712388980385,0.));
#3671 = VECTOR('',#3672,1.);
#3672 = DIRECTION('',(0.,1.));
#3673 = ( GEOMETRIC_REPRESENTATION_CONTEXT(2) 
PARAMETRIC_REPRESENTATION_CONTEXT() REPRESENTATION_CONTEXT('2D SPACE',''
  ) );
#3674 = PCURVE('',#2411,#3675);
#3675 = DEFINITIONAL_REPRESENTATION('',(#3676),#3680);
#3676 = LINE('',#3677,#3678);
#3677 = CARTESIAN_POINT('',(3.5,0.));
#3678 = VECTOR('',#3679,1.);
#3679 = DIRECTION('',(0.,1.));
#3680 = ( GEOMETRIC_REPRESENTATION_CONTEXT(2) 
PARAMETRIC_REPRESENTATION_CONTEXT() REPRESENTATION_CONTEXT('2D SPACE',''
  ) );
#3681 = ORIENTED_EDGE('',*,*,#3682,.T.);
#3682 = EDGE_CURVE('',#3660,#3609,#3683,.T.);
#3683 = SURFACE_CURVE('',#3684,(#3689,#3696),.PCURVE_S1.);
#3684 = CIRCLE('',#3685,2.);
#3685 = AXIS2_PLACEMENT_3D('',#3686,#3687,#3688);
#3686 = CARTESIAN_POINT('',(21.94875085727,-17.48625009434,10.));
#3687 = DIRECTION('',(0.,0.,-1.));
#3688 = DIRECTION('',(8.881784197001E-15,-1.,0.));
#3689 = PCURVE('',#2383,#3690);
#3690 = DEFINITIONAL_REPRESENTATION('',(#3691),#3695);
#3691 = LINE('',#3692,#3693);
#3692 = CARTESIAN_POINT('',(0.,0.));
#3693 = VECTOR('',#3694,1.);
#3694 = DIRECTION('',(1.,0.));
#3695 = ( GEOMETRIC_REPRESENTATION_CONTEXT(2) 
PARAMETRIC_REPRESENTATION_CONTEXT() REPRESENTATION_CONTEXT('2D SPACE',''
  ) );
#3696 = PCURVE('',#94,#3697);
#3697 = DEFINITIONAL_REPRESENTATION('',(#3698),#3706);
#3698 = ( BOUNDED_CURVE() B_SPLINE_CURVE(2,(#3699,#3700,#3701,#3702,
#3703,#3704,#3705),.UNSPECIFIED.,.T.,.F.) B_SPLINE_CURVE_WITH_KNOTS((1,2
    ,2,2,2,1),(-2.094395102393,0.,2.094395102393,4.188790204786,
6.28318530718,8.377580409573),.UNSPECIFIED.) CURVE() 
GEOMETRIC_REPRESENTATION_ITEM() RATIONAL_B_SPLINE_CURVE((1.,0.5,1.,0.5,
1.,0.5,1.)) REPRESENTATION_ITEM('') );
#3699 = CARTESIAN_POINT('',(21.948750609058,17.51374967469));
#3700 = CARTESIAN_POINT('',(18.48464899392,17.51374967469));
#3701 = CARTESIAN_POINT('',(20.216699801489,20.51374967469));
#3702 = CARTESIAN_POINT('',(21.948750609058,23.51374967469));
#3703 = CARTESIAN_POINT('',(23.680801416627,20.51374967469));
#3704 = CARTESIAN_POINT('',(25.412852224196,17.51374967469));
#3705 = CARTESIAN_POINT('',(21.948750609058,17.51374967469));
#3706 = ( GEOMETRIC_REPRESENTATION_CONTEXT(2) 
PARAMETRIC_REPRESENTATION_CONTEXT() REPRESENTATION_CONTEXT('2D SPACE',''
  ) );
#3707 = ADVANCED_FACE('',(#3708),#2411,.F.);
#3708 = FACE_BOUND('',#3709,.T.);
#3709 = EDGE_LOOP('',(#3710,#3733,#3754,#3755));
#3710 = ORIENTED_EDGE('',*,*,#3711,.F.);
#3711 = EDGE_CURVE('',#3712,#3660,#3714,.T.);
#3712 = VERTEX_POINT('',#3713);
#3713 = CARTESIAN_POINT('',(23.94875085727,-13.98625009434,10.));
#3714 = SURFACE_CURVE('',#3715,(#3719,#3726),.PCURVE_S1.);
#3715 = LINE('',#3716,#3717);
#3716 = CARTESIAN_POINT('',(23.94875085727,-25.49312493168,10.));
#3717 = VECTOR('',#3718,1.);
#3718 = DIRECTION('',(0.,-1.,0.));
#3719 = PCURVE('',#2411,#3720);
#3720 = DEFINITIONAL_REPRESENTATION('',(#3721),#3725);
#3721 = LINE('',#3722,#3723);
#3722 = CARTESIAN_POINT('',(11.506874837345,0.));
#3723 = VECTOR('',#3724,1.);
#3724 = DIRECTION('',(1.,0.));
#3725 = ( GEOMETRIC_REPRESENTATION_CONTEXT(2) 
PARAMETRIC_REPRESENTATION_CONTEXT() REPRESENTATION_CONTEXT('2D SPACE',''
  ) );
#3726 = PCURVE('',#94,#3727);
#3727 = DEFINITIONAL_REPRESENTATION('',(#3728),#3732);
#3728 = LINE('',#3729,#3730);
#3729 = CARTESIAN_POINT('',(23.948750609058,11.506874837345));
#3730 = VECTOR('',#3731,1.);
#3731 = DIRECTION('',(0.,-1.));
#3732 = ( GEOMETRIC_REPRESENTATION_CONTEXT(2) 
PARAMETRIC_REPRESENTATION_CONTEXT() REPRESENTATION_CONTEXT('2D SPACE',''
  ) );
#3733 = ORIENTED_EDGE('',*,*,#3734,.T.);
#3734 = EDGE_CURVE('',#3712,#2396,#3735,.T.);
#3735 = SURFACE_CURVE('',#3736,(#3740,#3747),.PCURVE_S1.);
#3736 = LINE('',#3737,#3738);
#3737 = CARTESIAN_POINT('',(23.94875085727,-13.98625009434,10.));
#3738 = VECTOR('',#3739,1.);
#3739 = DIRECTION('',(0.,0.,-1.));
#3740 = PCURVE('',#2411,#3741);
#3741 = DEFINITIONAL_REPRESENTATION('',(#3742),#3746);
#3742 = LINE('',#3743,#3744);
#3743 = CARTESIAN_POINT('',(0.,0.));
#3744 = VECTOR('',#3745,1.);
#3745 = DIRECTION('',(0.,1.));
#3746 = ( GEOMETRIC_REPRESENTATION_CONTEXT(2) 
PARAMETRIC_REPRESENTATION_CONTEXT() REPRESENTATION_CONTEXT('2D SPACE',''
  ) );
#3747 = PCURVE('',#2444,#3748);
#3748 = DEFINITIONAL_REPRESENTATION('',(#3749),#3753);
#3749 = LINE('',#3750,#3751);
#3750 = CARTESIAN_POINT('',(4.712388980385,0.));
#3751 = VECTOR('',#3752,1.);
#3752 = DIRECTION('',(0.,1.));
#3753 = ( GEOMETRIC_REPRESENTATION_CONTEXT(2) 
PARAMETRIC_REPRESENTATION_CONTEXT() REPRESENTATION_CONTEXT('2D SPACE',''
  ) );
#3754 = ORIENTED_EDGE('',*,*,#2395,.F.);
#3755 = ORIENTED_EDGE('',*,*,#3659,.F.);
#3756 = ADVANCED_FACE('',(#3757),#2444,.T.);
#3757 = FACE_BOUND('',#3758,.T.);
#3758 = EDGE_LOOP('',(#3759,#3783,#3804,#3805));
#3759 = ORIENTED_EDGE('',*,*,#3760,.F.);
#3760 = EDGE_CURVE('',#3761,#3712,#3763,.T.);
#3761 = VERTEX_POINT('',#3762);
#3762 = CARTESIAN_POINT('',(29.94875085727,-7.986250094342,10.));
#3763 = SURFACE_CURVE('',#3764,(#3769,#3776),.PCURVE_S1.);
#3764 = CIRCLE('',#3765,6.);
#3765 = AXIS2_PLACEMENT_3D('',#3766,#3767,#3768);
#3766 = CARTESIAN_POINT('',(29.94875085727,-13.98625009434,10.));
#3767 = DIRECTION('',(0.,0.,1.));
#3768 = DIRECTION('',(7.401486830834E-16,1.,-0.));
#3769 = PCURVE('',#2444,#3770);
#3770 = DEFINITIONAL_REPRESENTATION('',(#3771),#3775);
#3771 = LINE('',#3772,#3773);
#3772 = CARTESIAN_POINT('',(6.28318530718,0.));
#3773 = VECTOR('',#3774,1.);
#3774 = DIRECTION('',(-1.,0.));
#3775 = ( GEOMETRIC_REPRESENTATION_CONTEXT(2) 
PARAMETRIC_REPRESENTATION_CONTEXT() REPRESENTATION_CONTEXT('2D SPACE',''
  ) );
#3776 = PCURVE('',#94,#3777);
#3777 = DEFINITIONAL_REPRESENTATION('',(#3778),#3782);
#3778 = CIRCLE('',#3779,6.);
#3779 = AXIS2_PLACEMENT_2D('',#3780,#3781);
#3780 = CARTESIAN_POINT('',(29.948750609058,23.01374967469));
#3781 = DIRECTION('',(7.401486830834E-16,1.));
#3782 = ( GEOMETRIC_REPRESENTATION_CONTEXT(2) 
PARAMETRIC_REPRESENTATION_CONTEXT() REPRESENTATION_CONTEXT('2D SPACE',''
  ) );
#3783 = ORIENTED_EDGE('',*,*,#3784,.T.);
#3784 = EDGE_CURVE('',#3761,#2424,#3785,.T.);
#3785 = SURFACE_CURVE('',#3786,(#3790,#3797),.PCURVE_S1.);
#3786 = LINE('',#3787,#3788);
#3787 = CARTESIAN_POINT('',(29.94875085727,-7.986250094342,10.));
#3788 = VECTOR('',#3789,1.);
#3789 = DIRECTION('',(0.,0.,-1.));
#3790 = PCURVE('',#2444,#3791);
#3791 = DEFINITIONAL_REPRESENTATION('',(#3792),#3796);
#3792 = LINE('',#3793,#3794);
#3793 = CARTESIAN_POINT('',(6.28318530718,0.));
#3794 = VECTOR('',#3795,1.);
#3795 = DIRECTION('',(0.,1.));
#3796 = ( GEOMETRIC_REPRESENTATION_CONTEXT(2) 
PARAMETRIC_REPRESENTATION_CONTEXT() REPRESENTATION_CONTEXT('2D SPACE',''
  ) );
#3797 = PCURVE('',#2472,#3798);
#3798 = DEFINITIONAL_REPRESENTATION('',(#3799),#3803);
#3799 = LINE('',#3800,#3801);
#3800 = CARTESIAN_POINT('',(3.499999999999,0.));
#3801 = VECTOR('',#3802,1.);
#3802 = DIRECTION('',(0.,1.));
#3803 = ( GEOMETRIC_REPRESENTATION_CONTEXT(2) 
PARAMETRIC_REPRESENTATION_CONTEXT() REPRESENTATION_CONTEXT('2D SPACE',''
  ) );
#3804 = ORIENTED_EDGE('',*,*,#2423,.F.);
#3805 = ORIENTED_EDGE('',*,*,#3734,.F.);
#3806 = ADVANCED_FACE('',(#3807),#2472,.F.);
#3807 = FACE_BOUND('',#3808,.T.);
#3808 = EDGE_LOOP('',(#3809,#3832,#3853,#3854));
#3809 = ORIENTED_EDGE('',*,*,#3810,.F.);
#3810 = EDGE_CURVE('',#3811,#3761,#3813,.T.);
#3811 = VERTEX_POINT('',#3812);
#3812 = CARTESIAN_POINT('',(33.448750857269,-7.986250094342,10.));
#3813 = SURFACE_CURVE('',#3814,(#3818,#3825),.PCURVE_S1.);
#3814 = LINE('',#3815,#3816);
#3815 = CARTESIAN_POINT('',(16.72437555274,-7.986250094342,10.));
#3816 = VECTOR('',#3817,1.);
#3817 = DIRECTION('',(-1.,0.,0.));
#3818 = PCURVE('',#2472,#3819);
#3819 = DEFINITIONAL_REPRESENTATION('',(#3820),#3824);
#3820 = LINE('',#3821,#3822);
#3821 = CARTESIAN_POINT('',(16.724375304529,0.));
#3822 = VECTOR('',#3823,1.);
#3823 = DIRECTION('',(1.,0.));
#3824 = ( GEOMETRIC_REPRESENTATION_CONTEXT(2) 
PARAMETRIC_REPRESENTATION_CONTEXT() REPRESENTATION_CONTEXT('2D SPACE',''
  ) );
#3825 = PCURVE('',#94,#3826);
#3826 = DEFINITIONAL_REPRESENTATION('',(#3827),#3831);
#3827 = LINE('',#3828,#3829);
#3828 = CARTESIAN_POINT('',(16.724375304529,29.01374967469));
#3829 = VECTOR('',#3830,1.);
#3830 = DIRECTION('',(-1.,0.));
#3831 = ( GEOMETRIC_REPRESENTATION_CONTEXT(2) 
PARAMETRIC_REPRESENTATION_CONTEXT() REPRESENTATION_CONTEXT('2D SPACE',''
  ) );
#3832 = ORIENTED_EDGE('',*,*,#3833,.T.);
#3833 = EDGE_CURVE('',#3811,#2457,#3834,.T.);
#3834 = SURFACE_CURVE('',#3835,(#3839,#3846),.PCURVE_S1.);
#3835 = LINE('',#3836,#3837);
#3836 = CARTESIAN_POINT('',(33.448750857269,-7.986250094342,10.));
#3837 = VECTOR('',#3838,1.);
#3838 = DIRECTION('',(0.,0.,-1.));
#3839 = PCURVE('',#2472,#3840);
#3840 = DEFINITIONAL_REPRESENTATION('',(#3841),#3845);
#3841 = LINE('',#3842,#3843);
#3842 = CARTESIAN_POINT('',(0.,-0.));
#3843 = VECTOR('',#3844,1.);
#3844 = DIRECTION('',(0.,1.));
#3845 = ( GEOMETRIC_REPRESENTATION_CONTEXT(2) 
PARAMETRIC_REPRESENTATION_CONTEXT() REPRESENTATION_CONTEXT('2D SPACE',''
  ) );
#3846 = PCURVE('',#487,#3847);
#3847 = DEFINITIONAL_REPRESENTATION('',(#3848),#3852);
#3848 = LINE('',#3849,#3850);
#3849 = CARTESIAN_POINT('',(6.28318530718,0.));
#3850 = VECTOR('',#3851,1.);
#3851 = DIRECTION('',(0.,1.));
#3852 = ( GEOMETRIC_REPRESENTATION_CONTEXT(2) 
PARAMETRIC_REPRESENTATION_CONTEXT() REPRESENTATION_CONTEXT('2D SPACE',''
  ) );
#3853 = ORIENTED_EDGE('',*,*,#2456,.F.);
#3854 = ORIENTED_EDGE('',*,*,#3784,.F.);
#3855 = ADVANCED_FACE('',(#3856),#487,.F.);
#3856 = FACE_BOUND('',#3857,.F.);
#3857 = EDGE_LOOP('',(#3858,#3881,#3907,#3908,#3909));
#3858 = ORIENTED_EDGE('',*,*,#3859,.F.);
#3859 = EDGE_CURVE('',#3860,#445,#3862,.T.);
#3860 = VERTEX_POINT('',#3861);
#3861 = CARTESIAN_POINT('',(35.448750857269,-5.986250094342,10.));
#3862 = SURFACE_CURVE('',#3863,(#3867,#3874),.PCURVE_S1.);
#3863 = LINE('',#3864,#3865);
#3864 = CARTESIAN_POINT('',(35.448750857269,-5.986250094342,10.));
#3865 = VECTOR('',#3866,1.);
#3866 = DIRECTION('',(0.,0.,-1.));
#3867 = PCURVE('',#487,#3868);
#3868 = DEFINITIONAL_REPRESENTATION('',(#3869),#3873);
#3869 = LINE('',#3870,#3871);
#3870 = CARTESIAN_POINT('',(4.712388980385,0.));
#3871 = VECTOR('',#3872,1.);
#3872 = DIRECTION('',(0.,1.));
#3873 = ( GEOMETRIC_REPRESENTATION_CONTEXT(2) 
PARAMETRIC_REPRESENTATION_CONTEXT() REPRESENTATION_CONTEXT('2D SPACE',''
  ) );
#3874 = PCURVE('',#541,#3875);
#3875 = DEFINITIONAL_REPRESENTATION('',(#3876),#3880);
#3876 = LINE('',#3877,#3878);
#3877 = CARTESIAN_POINT('',(8.,0.));
#3878 = VECTOR('',#3879,1.);
#3879 = DIRECTION('',(0.,1.));
#3880 = ( GEOMETRIC_REPRESENTATION_CONTEXT(2) 
PARAMETRIC_REPRESENTATION_CONTEXT() REPRESENTATION_CONTEXT('2D SPACE',''
  ) );
#3881 = ORIENTED_EDGE('',*,*,#3882,.T.);
#3882 = EDGE_CURVE('',#3860,#3811,#3883,.T.);
#3883 = SURFACE_CURVE('',#3884,(#3889,#3896),.PCURVE_S1.);
#3884 = CIRCLE('',#3885,2.);
#3885 = AXIS2_PLACEMENT_3D('',#3886,#3887,#3888);
#3886 = CARTESIAN_POINT('',(33.448750857269,-5.986250094342,10.));
#3887 = DIRECTION('',(0.,0.,-1.));
#3888 = DIRECTION('',(2.22044604925E-15,-1.,0.));
#3889 = PCURVE('',#487,#3890);
#3890 = DEFINITIONAL_REPRESENTATION('',(#3891),#3895);
#3891 = LINE('',#3892,#3893);
#3892 = CARTESIAN_POINT('',(0.,0.));
#3893 = VECTOR('',#3894,1.);
#3894 = DIRECTION('',(1.,0.));
#3895 = ( GEOMETRIC_REPRESENTATION_CONTEXT(2) 
PARAMETRIC_REPRESENTATION_CONTEXT() REPRESENTATION_CONTEXT('2D SPACE',''
  ) );
#3896 = PCURVE('',#94,#3897);
#3897 = DEFINITIONAL_REPRESENTATION('',(#3898),#3906);
#3898 = ( BOUNDED_CURVE() B_SPLINE_CURVE(2,(#3899,#3900,#3901,#3902,
#3903,#3904,#3905),.UNSPECIFIED.,.T.,.F.) B_SPLINE_CURVE_WITH_KNOTS((1,2
    ,2,2,2,1),(-2.094395102393,0.,2.094395102393,4.188790204786,
6.28318530718,8.377580409573),.UNSPECIFIED.) CURVE() 
GEOMETRIC_REPRESENTATION_ITEM() RATIONAL_B_SPLINE_CURVE((1.,0.5,1.,0.5,
1.,0.5,1.)) REPRESENTATION_ITEM('') );
#3899 = CARTESIAN_POINT('',(33.448750609057,29.01374967469));
#3900 = CARTESIAN_POINT('',(29.98464899392,29.01374967469));
#3901 = CARTESIAN_POINT('',(31.716699801489,32.01374967469));
#3902 = CARTESIAN_POINT('',(33.448750609057,35.01374967469));
#3903 = CARTESIAN_POINT('',(35.180801416626,32.01374967469));
#3904 = CARTESIAN_POINT('',(36.912852224195,29.01374967469));
#3905 = CARTESIAN_POINT('',(33.448750609057,29.01374967469));
#3906 = ( GEOMETRIC_REPRESENTATION_CONTEXT(2) 
PARAMETRIC_REPRESENTATION_CONTEXT() REPRESENTATION_CONTEXT('2D SPACE',''
  ) );
#3907 = ORIENTED_EDGE('',*,*,#3833,.T.);
#3908 = ORIENTED_EDGE('',*,*,#2484,.T.);
#3909 = ORIENTED_EDGE('',*,*,#444,.T.);
#3910 = ADVANCED_FACE('',(#3911),#541,.F.);
#3911 = FACE_BOUND('',#3912,.T.);
#3912 = EDGE_LOOP('',(#3913,#3914,#3915,#3938,#3959));
#3913 = ORIENTED_EDGE('',*,*,#498,.F.);
#3914 = ORIENTED_EDGE('',*,*,#3859,.F.);
#3915 = ORIENTED_EDGE('',*,*,#3916,.F.);
#3916 = EDGE_CURVE('',#3917,#3860,#3919,.T.);
#3917 = VERTEX_POINT('',#3918);
#3918 = CARTESIAN_POINT('',(35.448750857269,2.013749905658,10.));
#3919 = SURFACE_CURVE('',#3920,(#3924,#3931),.PCURVE_S1.);
#3920 = LINE('',#3921,#3922);
#3921 = CARTESIAN_POINT('',(35.448750857269,-17.49312493168,10.));
#3922 = VECTOR('',#3923,1.);
#3923 = DIRECTION('',(5.551115123126E-16,-1.,0.));
#3924 = PCURVE('',#541,#3925);
#3925 = DEFINITIONAL_REPRESENTATION('',(#3926),#3930);
#3926 = LINE('',#3927,#3928);
#3927 = CARTESIAN_POINT('',(19.506874837345,0.));
#3928 = VECTOR('',#3929,1.);
#3929 = DIRECTION('',(1.,0.));
#3930 = ( GEOMETRIC_REPRESENTATION_CONTEXT(2) 
PARAMETRIC_REPRESENTATION_CONTEXT() REPRESENTATION_CONTEXT('2D SPACE',''
  ) );
#3931 = PCURVE('',#94,#3932);
#3932 = DEFINITIONAL_REPRESENTATION('',(#3933),#3937);
#3933 = LINE('',#3934,#3935);
#3934 = CARTESIAN_POINT('',(35.448750609058,19.506874837345));
#3935 = VECTOR('',#3936,1.);
#3936 = DIRECTION('',(5.551115123126E-16,-1.));
#3937 = ( GEOMETRIC_REPRESENTATION_CONTEXT(2) 
PARAMETRIC_REPRESENTATION_CONTEXT() REPRESENTATION_CONTEXT('2D SPACE',''
  ) );
#3938 = ORIENTED_EDGE('',*,*,#3939,.T.);
#3939 = EDGE_CURVE('',#3917,#1819,#3940,.T.);
#3940 = SURFACE_CURVE('',#3941,(#3945,#3952),.PCURVE_S1.);
#3941 = LINE('',#3942,#3943);
#3942 = CARTESIAN_POINT('',(35.448750857269,2.013749905658,10.));
#3943 = VECTOR('',#3944,1.);
#3944 = DIRECTION('',(0.,0.,-1.));
#3945 = PCURVE('',#541,#3946);
#3946 = DEFINITIONAL_REPRESENTATION('',(#3947),#3951);
#3947 = LINE('',#3948,#3949);
#3948 = CARTESIAN_POINT('',(0.,0.));
#3949 = VECTOR('',#3950,1.);
#3950 = DIRECTION('',(0.,1.));
#3951 = ( GEOMETRIC_REPRESENTATION_CONTEXT(2) 
PARAMETRIC_REPRESENTATION_CONTEXT() REPRESENTATION_CONTEXT('2D SPACE',''
  ) );
#3952 = PCURVE('',#1858,#3953);
#3953 = DEFINITIONAL_REPRESENTATION('',(#3954),#3958);
#3954 = LINE('',#3955,#3956);
#3955 = CARTESIAN_POINT('',(6.28318530718,0.));
#3956 = VECTOR('',#3957,1.);
#3957 = DIRECTION('',(0.,1.));
#3958 = ( GEOMETRIC_REPRESENTATION_CONTEXT(2) 
PARAMETRIC_REPRESENTATION_CONTEXT() REPRESENTATION_CONTEXT('2D SPACE',''
  ) );
#3959 = ORIENTED_EDGE('',*,*,#1818,.F.);
#3960 = ADVANCED_FACE('',(#3961),#1858,.F.);
#3961 = FACE_BOUND('',#3962,.F.);
#3962 = EDGE_LOOP('',(#3963,#3964,#3965,#3988));
#3963 = ORIENTED_EDGE('',*,*,#3939,.T.);
#3964 = ORIENTED_EDGE('',*,*,#1841,.T.);
#3965 = ORIENTED_EDGE('',*,*,#3966,.F.);
#3966 = EDGE_CURVE('',#3967,#1842,#3969,.T.);
#3967 = VERTEX_POINT('',#3968);
#3968 = CARTESIAN_POINT('',(33.448750857269,4.013749905658,10.));
#3969 = SURFACE_CURVE('',#3970,(#3974,#3981),.PCURVE_S1.);
#3970 = LINE('',#3971,#3972);
#3971 = CARTESIAN_POINT('',(33.448750857269,4.013749905658,10.));
#3972 = VECTOR('',#3973,1.);
#3973 = DIRECTION('',(0.,0.,-1.));
#3974 = PCURVE('',#1858,#3975);
#3975 = DEFINITIONAL_REPRESENTATION('',(#3976),#3980);
#3976 = LINE('',#3977,#3978);
#3977 = CARTESIAN_POINT('',(4.712388980385,0.));
#3978 = VECTOR('',#3979,1.);
#3979 = DIRECTION('',(0.,1.));
#3980 = ( GEOMETRIC_REPRESENTATION_CONTEXT(2) 
PARAMETRIC_REPRESENTATION_CONTEXT() REPRESENTATION_CONTEXT('2D SPACE',''
  ) );
#3981 = PCURVE('',#1886,#3982);
#3982 = DEFINITIONAL_REPRESENTATION('',(#3983),#3987);
#3983 = LINE('',#3984,#3985);
#3984 = CARTESIAN_POINT('',(3.499999999999,0.));
#3985 = VECTOR('',#3986,1.);
#3986 = DIRECTION('',(0.,1.));
#3987 = ( GEOMETRIC_REPRESENTATION_CONTEXT(2) 
PARAMETRIC_REPRESENTATION_CONTEXT() REPRESENTATION_CONTEXT('2D SPACE',''
  ) );
#3988 = ORIENTED_EDGE('',*,*,#3989,.T.);
#3989 = EDGE_CURVE('',#3967,#3917,#3990,.T.);
#3990 = SURFACE_CURVE('',#3991,(#3996,#4003),.PCURVE_S1.);
#3991 = CIRCLE('',#3992,2.);
#3992 = AXIS2_PLACEMENT_3D('',#3993,#3994,#3995);
#3993 = CARTESIAN_POINT('',(33.448750857269,2.013749905658,10.));
#3994 = DIRECTION('',(0.,0.,-1.));
#3995 = DIRECTION('',(1.,1.804112415016E-15,0.));
#3996 = PCURVE('',#1858,#3997);
#3997 = DEFINITIONAL_REPRESENTATION('',(#3998),#4002);
#3998 = LINE('',#3999,#4000);
#3999 = CARTESIAN_POINT('',(-1.7763568394E-15,0.));
#4000 = VECTOR('',#4001,1.);
#4001 = DIRECTION('',(1.,0.));
#4002 = ( GEOMETRIC_REPRESENTATION_CONTEXT(2) 
PARAMETRIC_REPRESENTATION_CONTEXT() REPRESENTATION_CONTEXT('2D SPACE',''
  ) );
#4003 = PCURVE('',#94,#4004);
#4004 = DEFINITIONAL_REPRESENTATION('',(#4005),#4013);
#4005 = ( BOUNDED_CURVE() B_SPLINE_CURVE(2,(#4006,#4007,#4008,#4009,
#4010,#4011,#4012),.UNSPECIFIED.,.T.,.F.) B_SPLINE_CURVE_WITH_KNOTS((1,2
    ,2,2,2,1),(-2.094395102393,0.,2.094395102393,4.188790204786,
6.28318530718,8.377580409573),.UNSPECIFIED.) CURVE() 
GEOMETRIC_REPRESENTATION_ITEM() RATIONAL_B_SPLINE_CURVE((1.,0.5,1.,0.5,
1.,0.5,1.)) REPRESENTATION_ITEM('') );
#4006 = CARTESIAN_POINT('',(35.448750609057,39.01374967469));
#4007 = CARTESIAN_POINT('',(35.448750609057,35.549648059552));
#4008 = CARTESIAN_POINT('',(32.448750609057,37.281698867121));
#4009 = CARTESIAN_POINT('',(29.448750609057,39.01374967469));
#4010 = CARTESIAN_POINT('',(32.448750609057,40.745800482259));
#4011 = CARTESIAN_POINT('',(35.448750609057,42.477851289828));
#4012 = CARTESIAN_POINT('',(35.448750609057,39.01374967469));
#4013 = ( GEOMETRIC_REPRESENTATION_CONTEXT(2) 
PARAMETRIC_REPRESENTATION_CONTEXT() REPRESENTATION_CONTEXT('2D SPACE',''
  ) );
#4014 = ADVANCED_FACE('',(#4015),#1886,.F.);
#4015 = FACE_BOUND('',#4016,.T.);
#4016 = EDGE_LOOP('',(#4017,#4040,#4061,#4062));
#4017 = ORIENTED_EDGE('',*,*,#4018,.F.);
#4018 = EDGE_CURVE('',#4019,#3967,#4021,.T.);
#4019 = VERTEX_POINT('',#4020);
#4020 = CARTESIAN_POINT('',(29.94875085727,4.013749905658,10.));
#4021 = SURFACE_CURVE('',#4022,(#4026,#4033),.PCURVE_S1.);
#4022 = LINE('',#4023,#4024);
#4023 = CARTESIAN_POINT('',(14.974375552741,4.013749905658,10.));
#4024 = VECTOR('',#4025,1.);
#4025 = DIRECTION('',(1.,1.586032892322E-16,0.));
#4026 = PCURVE('',#1886,#4027);
#4027 = DEFINITIONAL_REPRESENTATION('',(#4028),#4032);
#4028 = LINE('',#4029,#4030);
#4029 = CARTESIAN_POINT('',(-14.97437530452,-0.));
#4030 = VECTOR('',#4031,1.);
#4031 = DIRECTION('',(1.,0.));
#4032 = ( GEOMETRIC_REPRESENTATION_CONTEXT(2) 
PARAMETRIC_REPRESENTATION_CONTEXT() REPRESENTATION_CONTEXT('2D SPACE',''
  ) );
#4033 = PCURVE('',#94,#4034);
#4034 = DEFINITIONAL_REPRESENTATION('',(#4035),#4039);
#4035 = LINE('',#4036,#4037);
#4036 = CARTESIAN_POINT('',(14.974375304529,41.01374967469));
#4037 = VECTOR('',#4038,1.);
#4038 = DIRECTION('',(1.,1.586032892322E-16));
#4039 = ( GEOMETRIC_REPRESENTATION_CONTEXT(2) 
PARAMETRIC_REPRESENTATION_CONTEXT() REPRESENTATION_CONTEXT('2D SPACE',''
  ) );
#4040 = ORIENTED_EDGE('',*,*,#4041,.T.);
#4041 = EDGE_CURVE('',#4019,#1871,#4042,.T.);
#4042 = SURFACE_CURVE('',#4043,(#4047,#4054),.PCURVE_S1.);
#4043 = LINE('',#4044,#4045);
#4044 = CARTESIAN_POINT('',(29.94875085727,4.013749905658,10.));
#4045 = VECTOR('',#4046,1.);
#4046 = DIRECTION('',(0.,0.,-1.));
#4047 = PCURVE('',#1886,#4048);
#4048 = DEFINITIONAL_REPRESENTATION('',(#4049),#4053);
#4049 = LINE('',#4050,#4051);
#4050 = CARTESIAN_POINT('',(0.,0.));
#4051 = VECTOR('',#4052,1.);
#4052 = DIRECTION('',(0.,1.));
#4053 = ( GEOMETRIC_REPRESENTATION_CONTEXT(2) 
PARAMETRIC_REPRESENTATION_CONTEXT() REPRESENTATION_CONTEXT('2D SPACE',''
  ) );
#4054 = PCURVE('',#1919,#4055);
#4055 = DEFINITIONAL_REPRESENTATION('',(#4056),#4060);
#4056 = LINE('',#4057,#4058);
#4057 = CARTESIAN_POINT('',(4.712388980385,0.));
#4058 = VECTOR('',#4059,1.);
#4059 = DIRECTION('',(0.,1.));
#4060 = ( GEOMETRIC_REPRESENTATION_CONTEXT(2) 
PARAMETRIC_REPRESENTATION_CONTEXT() REPRESENTATION_CONTEXT('2D SPACE',''
  ) );
#4061 = ORIENTED_EDGE('',*,*,#1870,.F.);
#4062 = ORIENTED_EDGE('',*,*,#3966,.F.);
#4063 = ADVANCED_FACE('',(#4064),#1919,.T.);
#4064 = FACE_BOUND('',#4065,.T.);
#4065 = EDGE_LOOP('',(#4066,#4090,#4111,#4112));
#4066 = ORIENTED_EDGE('',*,*,#4067,.F.);
#4067 = EDGE_CURVE('',#4068,#4019,#4070,.T.);
#4068 = VERTEX_POINT('',#4069);
#4069 = CARTESIAN_POINT('',(23.94875085727,10.013749905658,10.));
#4070 = SURFACE_CURVE('',#4071,(#4076,#4083),.PCURVE_S1.);
#4071 = CIRCLE('',#4072,6.);
#4072 = AXIS2_PLACEMENT_3D('',#4073,#4074,#4075);
#4073 = CARTESIAN_POINT('',(29.94875085727,10.013749905658,10.));
#4074 = DIRECTION('',(0.,0.,1.));
#4075 = DIRECTION('',(-1.,-1.110223024625E-15,0.));
#4076 = PCURVE('',#1919,#4077);
#4077 = DEFINITIONAL_REPRESENTATION('',(#4078),#4082);
#4078 = LINE('',#4079,#4080);
#4079 = CARTESIAN_POINT('',(6.28318530718,0.));
#4080 = VECTOR('',#4081,1.);
#4081 = DIRECTION('',(-1.,0.));
#4082 = ( GEOMETRIC_REPRESENTATION_CONTEXT(2) 
PARAMETRIC_REPRESENTATION_CONTEXT() REPRESENTATION_CONTEXT('2D SPACE',''
  ) );
#4083 = PCURVE('',#94,#4084);
#4084 = DEFINITIONAL_REPRESENTATION('',(#4085),#4089);
#4085 = CIRCLE('',#4086,6.);
#4086 = AXIS2_PLACEMENT_2D('',#4087,#4088);
#4087 = CARTESIAN_POINT('',(29.948750609058,47.01374967469));
#4088 = DIRECTION('',(-1.,-1.110223024625E-15));
#4089 = ( GEOMETRIC_REPRESENTATION_CONTEXT(2) 
PARAMETRIC_REPRESENTATION_CONTEXT() REPRESENTATION_CONTEXT('2D SPACE',''
  ) );
#4090 = ORIENTED_EDGE('',*,*,#4091,.T.);
#4091 = EDGE_CURVE('',#4068,#1899,#4092,.T.);
#4092 = SURFACE_CURVE('',#4093,(#4097,#4104),.PCURVE_S1.);
#4093 = LINE('',#4094,#4095);
#4094 = CARTESIAN_POINT('',(23.94875085727,10.013749905658,10.));
#4095 = VECTOR('',#4096,1.);
#4096 = DIRECTION('',(0.,0.,-1.));
#4097 = PCURVE('',#1919,#4098);
#4098 = DEFINITIONAL_REPRESENTATION('',(#4099),#4103);
#4099 = LINE('',#4100,#4101);
#4100 = CARTESIAN_POINT('',(6.28318530718,0.));
#4101 = VECTOR('',#4102,1.);
#4102 = DIRECTION('',(0.,1.));
#4103 = ( GEOMETRIC_REPRESENTATION_CONTEXT(2) 
PARAMETRIC_REPRESENTATION_CONTEXT() REPRESENTATION_CONTEXT('2D SPACE',''
  ) );
#4104 = PCURVE('',#1947,#4105);
#4105 = DEFINITIONAL_REPRESENTATION('',(#4106),#4110);
#4106 = LINE('',#4107,#4108);
#4107 = CARTESIAN_POINT('',(3.5,0.));
#4108 = VECTOR('',#4109,1.);
#4109 = DIRECTION('',(0.,1.));
#4110 = ( GEOMETRIC_REPRESENTATION_CONTEXT(2) 
PARAMETRIC_REPRESENTATION_CONTEXT() REPRESENTATION_CONTEXT('2D SPACE',''
  ) );
#4111 = ORIENTED_EDGE('',*,*,#1898,.F.);
#4112 = ORIENTED_EDGE('',*,*,#4041,.F.);
#4113 = ADVANCED_FACE('',(#4114),#1947,.F.);
#4114 = FACE_BOUND('',#4115,.T.);
#4115 = EDGE_LOOP('',(#4116,#4137,#4138,#4139));
#4116 = ORIENTED_EDGE('',*,*,#4117,.F.);
#4117 = EDGE_CURVE('',#2923,#4068,#4118,.T.);
#4118 = SURFACE_CURVE('',#4119,(#4123,#4130),.PCURVE_S1.);
#4119 = LINE('',#4120,#4121);
#4120 = CARTESIAN_POINT('',(23.94875085727,-11.74312493168,10.));
#4121 = VECTOR('',#4122,1.);
#4122 = DIRECTION('',(0.,-1.,0.));
#4123 = PCURVE('',#1947,#4124);
#4124 = DEFINITIONAL_REPRESENTATION('',(#4125),#4129);
#4125 = LINE('',#4126,#4127);
#4126 = CARTESIAN_POINT('',(25.256874837345,0.));
#4127 = VECTOR('',#4128,1.);
#4128 = DIRECTION('',(1.,0.));
#4129 = ( GEOMETRIC_REPRESENTATION_CONTEXT(2) 
PARAMETRIC_REPRESENTATION_CONTEXT() REPRESENTATION_CONTEXT('2D SPACE',''
  ) );
#4130 = PCURVE('',#94,#4131);
#4131 = DEFINITIONAL_REPRESENTATION('',(#4132),#4136);
#4132 = LINE('',#4133,#4134);
#4133 = CARTESIAN_POINT('',(23.948750609058,25.256874837345));
#4134 = VECTOR('',#4135,1.);
#4135 = DIRECTION('',(0.,-1.));
#4136 = ( GEOMETRIC_REPRESENTATION_CONTEXT(2) 
PARAMETRIC_REPRESENTATION_CONTEXT() REPRESENTATION_CONTEXT('2D SPACE',''
  ) );
#4137 = ORIENTED_EDGE('',*,*,#2922,.T.);
#4138 = ORIENTED_EDGE('',*,*,#1931,.F.);
#4139 = ORIENTED_EDGE('',*,*,#4091,.F.);
#4140 = ADVANCED_FACE('',(#4141),#1721,.F.);
#4141 = FACE_BOUND('',#4142,.T.);
#4142 = EDGE_LOOP('',(#4143,#4168,#4189,#4190));
#4143 = ORIENTED_EDGE('',*,*,#4144,.F.);
#4144 = EDGE_CURVE('',#4145,#4147,#4149,.T.);
#4145 = VERTEX_POINT('',#4146);
#4146 = CARTESIAN_POINT('',(-19.96396974624,-39.00391352409,10.));
#4147 = VERTEX_POINT('',#4148);
#4148 = CARTESIAN_POINT('',(-31.96396974624,-39.00391352409,10.));
#4149 = SURFACE_CURVE('',#4150,(#4154,#4161),.PCURVE_S1.);
#4150 = LINE('',#4151,#4152);
#4151 = CARTESIAN_POINT('',(-9.981984749017,-39.00391352409,10.));
#4152 = VECTOR('',#4153,1.);
#4153 = DIRECTION('',(-1.,0.,0.));
#4154 = PCURVE('',#1721,#4155);
#4155 = DEFINITIONAL_REPRESENTATION('',(#4156),#4160);
#4156 = LINE('',#4157,#4158);
#4157 = CARTESIAN_POINT('',(-9.981984997229,-0.));
#4158 = VECTOR('',#4159,1.);
#4159 = DIRECTION('',(1.,0.));
#4160 = ( GEOMETRIC_REPRESENTATION_CONTEXT(2) 
PARAMETRIC_REPRESENTATION_CONTEXT() REPRESENTATION_CONTEXT('2D SPACE',''
  ) );
#4161 = PCURVE('',#94,#4162);
#4162 = DEFINITIONAL_REPRESENTATION('',(#4163),#4167);
#4163 = LINE('',#4164,#4165);
#4164 = CARTESIAN_POINT('',(-9.981984997229,-2.003913755059));
#4165 = VECTOR('',#4166,1.);
#4166 = DIRECTION('',(-1.,0.));
#4167 = ( GEOMETRIC_REPRESENTATION_CONTEXT(2) 
PARAMETRIC_REPRESENTATION_CONTEXT() REPRESENTATION_CONTEXT('2D SPACE',''
  ) );
#4168 = ORIENTED_EDGE('',*,*,#4169,.T.);
#4169 = EDGE_CURVE('',#4145,#1706,#4170,.T.);
#4170 = SURFACE_CURVE('',#4171,(#4175,#4182),.PCURVE_S1.);
#4171 = LINE('',#4172,#4173);
#4172 = CARTESIAN_POINT('',(-19.96396974624,-39.00391352409,10.));
#4173 = VECTOR('',#4174,1.);
#4174 = DIRECTION('',(0.,0.,-1.));
#4175 = PCURVE('',#1721,#4176);
#4176 = DEFINITIONAL_REPRESENTATION('',(#4177),#4181);
#4177 = LINE('',#4178,#4179);
#4178 = CARTESIAN_POINT('',(0.,-0.));
#4179 = VECTOR('',#4180,1.);
#4180 = DIRECTION('',(0.,1.));
#4181 = ( GEOMETRIC_REPRESENTATION_CONTEXT(2) 
PARAMETRIC_REPRESENTATION_CONTEXT() REPRESENTATION_CONTEXT('2D SPACE',''
  ) );
#4182 = PCURVE('',#1749,#4183);
#4183 = DEFINITIONAL_REPRESENTATION('',(#4184),#4188);
#4184 = LINE('',#4185,#4186);
#4185 = CARTESIAN_POINT('',(12.,0.));
#4186 = VECTOR('',#4187,1.);
#4187 = DIRECTION('',(0.,1.));
#4188 = ( GEOMETRIC_REPRESENTATION_CONTEXT(2) 
PARAMETRIC_REPRESENTATION_CONTEXT() REPRESENTATION_CONTEXT('2D SPACE',''
  ) );
#4189 = ORIENTED_EDGE('',*,*,#1703,.F.);
#4190 = ORIENTED_EDGE('',*,*,#4191,.F.);
#4191 = EDGE_CURVE('',#4147,#1704,#4192,.T.);
#4192 = SURFACE_CURVE('',#4193,(#4197,#4204),.PCURVE_S1.);
#4193 = LINE('',#4194,#4195);
#4194 = CARTESIAN_POINT('',(-31.96396974624,-39.00391352409,10.));
#4195 = VECTOR('',#4196,1.);
#4196 = DIRECTION('',(0.,0.,-1.));
#4197 = PCURVE('',#1721,#4198);
#4198 = DEFINITIONAL_REPRESENTATION('',(#4199),#4203);
#4199 = LINE('',#4200,#4201);
#4200 = CARTESIAN_POINT('',(12.,0.));
#4201 = VECTOR('',#4202,1.);
#4202 = DIRECTION('',(0.,1.));
#4203 = ( GEOMETRIC_REPRESENTATION_CONTEXT(2) 
PARAMETRIC_REPRESENTATION_CONTEXT() REPRESENTATION_CONTEXT('2D SPACE',''
  ) );
#4204 = PCURVE('',#1803,#4205);
#4205 = DEFINITIONAL_REPRESENTATION('',(#4206),#4210);
#4206 = LINE('',#4207,#4208);
#4207 = CARTESIAN_POINT('',(0.,0.));
#4208 = VECTOR('',#4209,1.);
#4209 = DIRECTION('',(0.,1.));
#4210 = ( GEOMETRIC_REPRESENTATION_CONTEXT(2) 
PARAMETRIC_REPRESENTATION_CONTEXT() REPRESENTATION_CONTEXT('2D SPACE',''
  ) );
#4211 = ADVANCED_FACE('',(#4212),#1749,.F.);
#4212 = FACE_BOUND('',#4213,.T.);
#4213 = EDGE_LOOP('',(#4214,#4237,#4258,#4259));
#4214 = ORIENTED_EDGE('',*,*,#4215,.F.);
#4215 = EDGE_CURVE('',#4216,#4145,#4218,.T.);
#4216 = VERTEX_POINT('',#4217);
#4217 = CARTESIAN_POINT('',(-19.96396974624,-27.00391352409,10.));
#4218 = SURFACE_CURVE('',#4219,(#4223,#4230),.PCURVE_S1.);
#4219 = LINE('',#4220,#4221);
#4220 = CARTESIAN_POINT('',(-19.96396974624,-32.00195664656,10.));
#4221 = VECTOR('',#4222,1.);
#4222 = DIRECTION('',(0.,-1.,0.));
#4223 = PCURVE('',#1749,#4224);
#4224 = DEFINITIONAL_REPRESENTATION('',(#4225),#4229);
#4225 = LINE('',#4226,#4227);
#4226 = CARTESIAN_POINT('',(4.998043122471,0.));
#4227 = VECTOR('',#4228,1.);
#4228 = DIRECTION('',(1.,0.));
#4229 = ( GEOMETRIC_REPRESENTATION_CONTEXT(2) 
PARAMETRIC_REPRESENTATION_CONTEXT() REPRESENTATION_CONTEXT('2D SPACE',''
  ) );
#4230 = PCURVE('',#94,#4231);
#4231 = DEFINITIONAL_REPRESENTATION('',(#4232),#4236);
#4232 = LINE('',#4233,#4234);
#4233 = CARTESIAN_POINT('',(-19.96396999445,4.99804312247));
#4234 = VECTOR('',#4235,1.);
#4235 = DIRECTION('',(0.,-1.));
#4236 = ( GEOMETRIC_REPRESENTATION_CONTEXT(2) 
PARAMETRIC_REPRESENTATION_CONTEXT() REPRESENTATION_CONTEXT('2D SPACE',''
  ) );
#4237 = ORIENTED_EDGE('',*,*,#4238,.T.);
#4238 = EDGE_CURVE('',#4216,#1734,#4239,.T.);
#4239 = SURFACE_CURVE('',#4240,(#4244,#4251),.PCURVE_S1.);
#4240 = LINE('',#4241,#4242);
#4241 = CARTESIAN_POINT('',(-19.96396974624,-27.00391352409,10.));
#4242 = VECTOR('',#4243,1.);
#4243 = DIRECTION('',(0.,0.,-1.));
#4244 = PCURVE('',#1749,#4245);
#4245 = DEFINITIONAL_REPRESENTATION('',(#4246),#4250);
#4246 = LINE('',#4247,#4248);
#4247 = CARTESIAN_POINT('',(0.,0.));
#4248 = VECTOR('',#4249,1.);
#4249 = DIRECTION('',(0.,1.));
#4250 = ( GEOMETRIC_REPRESENTATION_CONTEXT(2) 
PARAMETRIC_REPRESENTATION_CONTEXT() REPRESENTATION_CONTEXT('2D SPACE',''
  ) );
#4251 = PCURVE('',#1777,#4252);
#4252 = DEFINITIONAL_REPRESENTATION('',(#4253),#4257);
#4253 = LINE('',#4254,#4255);
#4254 = CARTESIAN_POINT('',(12.,0.));
#4255 = VECTOR('',#4256,1.);
#4256 = DIRECTION('',(0.,1.));
#4257 = ( GEOMETRIC_REPRESENTATION_CONTEXT(2) 
PARAMETRIC_REPRESENTATION_CONTEXT() REPRESENTATION_CONTEXT('2D SPACE',''
  ) );
#4258 = ORIENTED_EDGE('',*,*,#1733,.F.);
#4259 = ORIENTED_EDGE('',*,*,#4169,.F.);
#4260 = ADVANCED_FACE('',(#4261),#1777,.F.);
#4261 = FACE_BOUND('',#4262,.T.);
#4262 = EDGE_LOOP('',(#4263,#4286,#4307,#4308));
#4263 = ORIENTED_EDGE('',*,*,#4264,.F.);
#4264 = EDGE_CURVE('',#4265,#4216,#4267,.T.);
#4265 = VERTEX_POINT('',#4266);
#4266 = CARTESIAN_POINT('',(-31.96396974624,-27.00391352409,10.));
#4267 = SURFACE_CURVE('',#4268,(#4272,#4279),.PCURVE_S1.);
#4268 = LINE('',#4269,#4270);
#4269 = CARTESIAN_POINT('',(-15.98198474901,-27.00391352409,10.));
#4270 = VECTOR('',#4271,1.);
#4271 = DIRECTION('',(1.,0.,0.));
#4272 = PCURVE('',#1777,#4273);
#4273 = DEFINITIONAL_REPRESENTATION('',(#4274),#4278);
#4274 = LINE('',#4275,#4276);
#4275 = CARTESIAN_POINT('',(15.981984997229,0.));
#4276 = VECTOR('',#4277,1.);
#4277 = DIRECTION('',(1.,0.));
#4278 = ( GEOMETRIC_REPRESENTATION_CONTEXT(2) 
PARAMETRIC_REPRESENTATION_CONTEXT() REPRESENTATION_CONTEXT('2D SPACE',''
  ) );
#4279 = PCURVE('',#94,#4280);
#4280 = DEFINITIONAL_REPRESENTATION('',(#4281),#4285);
#4281 = LINE('',#4282,#4283);
#4282 = CARTESIAN_POINT('',(-15.98198499722,9.996086244941));
#4283 = VECTOR('',#4284,1.);
#4284 = DIRECTION('',(1.,0.));
#4285 = ( GEOMETRIC_REPRESENTATION_CONTEXT(2) 
PARAMETRIC_REPRESENTATION_CONTEXT() REPRESENTATION_CONTEXT('2D SPACE',''
  ) );
#4286 = ORIENTED_EDGE('',*,*,#4287,.T.);
#4287 = EDGE_CURVE('',#4265,#1762,#4288,.T.);
#4288 = SURFACE_CURVE('',#4289,(#4293,#4300),.PCURVE_S1.);
#4289 = LINE('',#4290,#4291);
#4290 = CARTESIAN_POINT('',(-31.96396974624,-27.00391352409,10.));
#4291 = VECTOR('',#4292,1.);
#4292 = DIRECTION('',(0.,0.,-1.));
#4293 = PCURVE('',#1777,#4294);
#4294 = DEFINITIONAL_REPRESENTATION('',(#4295),#4299);
#4295 = LINE('',#4296,#4297);
#4296 = CARTESIAN_POINT('',(0.,0.));
#4297 = VECTOR('',#4298,1.);
#4298 = DIRECTION('',(0.,1.));
#4299 = ( GEOMETRIC_REPRESENTATION_CONTEXT(2) 
PARAMETRIC_REPRESENTATION_CONTEXT() REPRESENTATION_CONTEXT('2D SPACE',''
  ) );
#4300 = PCURVE('',#1803,#4301);
#4301 = DEFINITIONAL_REPRESENTATION('',(#4302),#4306);
#4302 = LINE('',#4303,#4304);
#4303 = CARTESIAN_POINT('',(12.,0.));
#4304 = VECTOR('',#4305,1.);
#4305 = DIRECTION('',(0.,1.));
#4306 = ( GEOMETRIC_REPRESENTATION_CONTEXT(2) 
PARAMETRIC_REPRESENTATION_CONTEXT() REPRESENTATION_CONTEXT('2D SPACE',''
  ) );
#4307 = ORIENTED_EDGE('',*,*,#1761,.F.);
#4308 = ORIENTED_EDGE('',*,*,#4238,.F.);
#4309 = ADVANCED_FACE('',(#4310),#1803,.F.);
#4310 = FACE_BOUND('',#4311,.T.);
#4311 = EDGE_LOOP('',(#4312,#4333,#4334,#4335));
#4312 = ORIENTED_EDGE('',*,*,#4313,.F.);
#4313 = EDGE_CURVE('',#4147,#4265,#4314,.T.);
#4314 = SURFACE_CURVE('',#4315,(#4319,#4326),.PCURVE_S1.);
#4315 = LINE('',#4316,#4317);
#4316 = CARTESIAN_POINT('',(-31.96396974624,-38.00195664656,10.));
#4317 = VECTOR('',#4318,1.);
#4318 = DIRECTION('',(0.,1.,0.));
#4319 = PCURVE('',#1803,#4320);
#4320 = DEFINITIONAL_REPRESENTATION('',(#4321),#4325);
#4321 = LINE('',#4322,#4323);
#4322 = CARTESIAN_POINT('',(1.00195687753,0.));
#4323 = VECTOR('',#4324,1.);
#4324 = DIRECTION('',(1.,0.));
#4325 = ( GEOMETRIC_REPRESENTATION_CONTEXT(2) 
PARAMETRIC_REPRESENTATION_CONTEXT() REPRESENTATION_CONTEXT('2D SPACE',''
  ) );
#4326 = PCURVE('',#94,#4327);
#4327 = DEFINITIONAL_REPRESENTATION('',(#4328),#4332);
#4328 = LINE('',#4329,#4330);
#4329 = CARTESIAN_POINT('',(-31.96396999445,-1.00195687753));
#4330 = VECTOR('',#4331,1.);
#4331 = DIRECTION('',(0.,1.));
#4332 = ( GEOMETRIC_REPRESENTATION_CONTEXT(2) 
PARAMETRIC_REPRESENTATION_CONTEXT() REPRESENTATION_CONTEXT('2D SPACE',''
  ) );
#4333 = ORIENTED_EDGE('',*,*,#4191,.T.);
#4334 = ORIENTED_EDGE('',*,*,#1789,.F.);
#4335 = ORIENTED_EDGE('',*,*,#4287,.F.);
#4336 = ADVANCED_FACE('',(#4337),#1607,.F.);
#4337 = FACE_BOUND('',#4338,.T.);
#4338 = EDGE_LOOP('',(#4339,#4364,#4385,#4386));
#4339 = ORIENTED_EDGE('',*,*,#4340,.F.);
#4340 = EDGE_CURVE('',#4341,#4343,#4345,.T.);
#4341 = VERTEX_POINT('',#4342);
#4342 = CARTESIAN_POINT('',(24.002690352761,-39.00391352409,10.));
#4343 = VERTEX_POINT('',#4344);
#4344 = CARTESIAN_POINT('',(12.002690352761,-39.00391352409,10.));
#4345 = SURFACE_CURVE('',#4346,(#4350,#4357),.PCURVE_S1.);
#4346 = LINE('',#4347,#4348);
#4347 = CARTESIAN_POINT('',(12.001345300487,-39.00391352409,10.));
#4348 = VECTOR('',#4349,1.);
#4349 = DIRECTION('',(-1.,0.,0.));
#4350 = PCURVE('',#1607,#4351);
#4351 = DEFINITIONAL_REPRESENTATION('',(#4352),#4356);
#4352 = LINE('',#4353,#4354);
#4353 = CARTESIAN_POINT('',(12.001345052275,0.));
#4354 = VECTOR('',#4355,1.);
#4355 = DIRECTION('',(1.,0.));
#4356 = ( GEOMETRIC_REPRESENTATION_CONTEXT(2) 
PARAMETRIC_REPRESENTATION_CONTEXT() REPRESENTATION_CONTEXT('2D SPACE',''
  ) );
#4357 = PCURVE('',#94,#4358);
#4358 = DEFINITIONAL_REPRESENTATION('',(#4359),#4363);
#4359 = LINE('',#4360,#4361);
#4360 = CARTESIAN_POINT('',(12.001345052275,-2.003913755059));
#4361 = VECTOR('',#4362,1.);
#4362 = DIRECTION('',(-1.,0.));
#4363 = ( GEOMETRIC_REPRESENTATION_CONTEXT(2) 
PARAMETRIC_REPRESENTATION_CONTEXT() REPRESENTATION_CONTEXT('2D SPACE',''
  ) );
#4364 = ORIENTED_EDGE('',*,*,#4365,.T.);
#4365 = EDGE_CURVE('',#4341,#1592,#4366,.T.);
#4366 = SURFACE_CURVE('',#4367,(#4371,#4378),.PCURVE_S1.);
#4367 = LINE('',#4368,#4369);
#4368 = CARTESIAN_POINT('',(24.002690352761,-39.00391352409,10.));
#4369 = VECTOR('',#4370,1.);
#4370 = DIRECTION('',(0.,0.,-1.));
#4371 = PCURVE('',#1607,#4372);
#4372 = DEFINITIONAL_REPRESENTATION('',(#4373),#4377);
#4373 = LINE('',#4374,#4375);
#4374 = CARTESIAN_POINT('',(0.,-0.));
#4375 = VECTOR('',#4376,1.);
#4376 = DIRECTION('',(0.,1.));
#4377 = ( GEOMETRIC_REPRESENTATION_CONTEXT(2) 
PARAMETRIC_REPRESENTATION_CONTEXT() REPRESENTATION_CONTEXT('2D SPACE',''
  ) );
#4378 = PCURVE('',#1635,#4379);
#4379 = DEFINITIONAL_REPRESENTATION('',(#4380),#4384);
#4380 = LINE('',#4381,#4382);
#4381 = CARTESIAN_POINT('',(12.,0.));
#4382 = VECTOR('',#4383,1.);
#4383 = DIRECTION('',(0.,1.));
#4384 = ( GEOMETRIC_REPRESENTATION_CONTEXT(2) 
PARAMETRIC_REPRESENTATION_CONTEXT() REPRESENTATION_CONTEXT('2D SPACE',''
  ) );
#4385 = ORIENTED_EDGE('',*,*,#1589,.F.);
#4386 = ORIENTED_EDGE('',*,*,#4387,.F.);
#4387 = EDGE_CURVE('',#4343,#1590,#4388,.T.);
#4388 = SURFACE_CURVE('',#4389,(#4393,#4400),.PCURVE_S1.);
#4389 = LINE('',#4390,#4391);
#4390 = CARTESIAN_POINT('',(12.002690352761,-39.00391352409,10.));
#4391 = VECTOR('',#4392,1.);
#4392 = DIRECTION('',(0.,0.,-1.));
#4393 = PCURVE('',#1607,#4394);
#4394 = DEFINITIONAL_REPRESENTATION('',(#4395),#4399);
#4395 = LINE('',#4396,#4397);
#4396 = CARTESIAN_POINT('',(12.,0.));
#4397 = VECTOR('',#4398,1.);
#4398 = DIRECTION('',(0.,1.));
#4399 = ( GEOMETRIC_REPRESENTATION_CONTEXT(2) 
PARAMETRIC_REPRESENTATION_CONTEXT() REPRESENTATION_CONTEXT('2D SPACE',''
  ) );
#4400 = PCURVE('',#1689,#4401);
#4401 = DEFINITIONAL_REPRESENTATION('',(#4402),#4406);
#4402 = LINE('',#4403,#4404);
#4403 = CARTESIAN_POINT('',(0.,0.));
#4404 = VECTOR('',#4405,1.);
#4405 = DIRECTION('',(0.,1.));
#4406 = ( GEOMETRIC_REPRESENTATION_CONTEXT(2) 
PARAMETRIC_REPRESENTATION_CONTEXT() REPRESENTATION_CONTEXT('2D SPACE',''
  ) );
#4407 = ADVANCED_FACE('',(#4408),#1635,.F.);
#4408 = FACE_BOUND('',#4409,.T.);
#4409 = EDGE_LOOP('',(#4410,#4433,#4454,#4455));
#4410 = ORIENTED_EDGE('',*,*,#4411,.F.);
#4411 = EDGE_CURVE('',#4412,#4341,#4414,.T.);
#4412 = VERTEX_POINT('',#4413);
#4413 = CARTESIAN_POINT('',(24.002690352761,-27.00391352409,10.));
#4414 = SURFACE_CURVE('',#4415,(#4419,#4426),.PCURVE_S1.);
#4415 = LINE('',#4416,#4417);
#4416 = CARTESIAN_POINT('',(24.002690352761,-32.00195664656,10.));
#4417 = VECTOR('',#4418,1.);
#4418 = DIRECTION('',(0.,-1.,0.));
#4419 = PCURVE('',#1635,#4420);
#4420 = DEFINITIONAL_REPRESENTATION('',(#4421),#4425);
#4421 = LINE('',#4422,#4423);
#4422 = CARTESIAN_POINT('',(4.998043122471,0.));
#4423 = VECTOR('',#4424,1.);
#4424 = DIRECTION('',(1.,0.));
#4425 = ( GEOMETRIC_REPRESENTATION_CONTEXT(2) 
PARAMETRIC_REPRESENTATION_CONTEXT() REPRESENTATION_CONTEXT('2D SPACE',''
  ) );
#4426 = PCURVE('',#94,#4427);
#4427 = DEFINITIONAL_REPRESENTATION('',(#4428),#4432);
#4428 = LINE('',#4429,#4430);
#4429 = CARTESIAN_POINT('',(24.00269010455,4.99804312247));
#4430 = VECTOR('',#4431,1.);
#4431 = DIRECTION('',(0.,-1.));
#4432 = ( GEOMETRIC_REPRESENTATION_CONTEXT(2) 
PARAMETRIC_REPRESENTATION_CONTEXT() REPRESENTATION_CONTEXT('2D SPACE',''
  ) );
#4433 = ORIENTED_EDGE('',*,*,#4434,.T.);
#4434 = EDGE_CURVE('',#4412,#1620,#4435,.T.);
#4435 = SURFACE_CURVE('',#4436,(#4440,#4447),.PCURVE_S1.);
#4436 = LINE('',#4437,#4438);
#4437 = CARTESIAN_POINT('',(24.002690352761,-27.00391352409,10.));
#4438 = VECTOR('',#4439,1.);
#4439 = DIRECTION('',(0.,0.,-1.));
#4440 = PCURVE('',#1635,#4441);
#4441 = DEFINITIONAL_REPRESENTATION('',(#4442),#4446);
#4442 = LINE('',#4443,#4444);
#4443 = CARTESIAN_POINT('',(0.,0.));
#4444 = VECTOR('',#4445,1.);
#4445 = DIRECTION('',(0.,1.));
#4446 = ( GEOMETRIC_REPRESENTATION_CONTEXT(2) 
PARAMETRIC_REPRESENTATION_CONTEXT() REPRESENTATION_CONTEXT('2D SPACE',''
  ) );
#4447 = PCURVE('',#1663,#4448);
#4448 = DEFINITIONAL_REPRESENTATION('',(#4449),#4453);
#4449 = LINE('',#4450,#4451);
#4450 = CARTESIAN_POINT('',(12.,0.));
#4451 = VECTOR('',#4452,1.);
#4452 = DIRECTION('',(0.,1.));
#4453 = ( GEOMETRIC_REPRESENTATION_CONTEXT(2) 
PARAMETRIC_REPRESENTATION_CONTEXT() REPRESENTATION_CONTEXT('2D SPACE',''
  ) );
#4454 = ORIENTED_EDGE('',*,*,#1619,.F.);
#4455 = ORIENTED_EDGE('',*,*,#4365,.F.);
#4456 = ADVANCED_FACE('',(#4457),#1663,.F.);
#4457 = FACE_BOUND('',#4458,.T.);
#4458 = EDGE_LOOP('',(#4459,#4482,#4503,#4504));
#4459 = ORIENTED_EDGE('',*,*,#4460,.F.);
#4460 = EDGE_CURVE('',#4461,#4412,#4463,.T.);
#4461 = VERTEX_POINT('',#4462);
#4462 = CARTESIAN_POINT('',(12.002690352761,-27.00391352409,10.));
#4463 = SURFACE_CURVE('',#4464,(#4468,#4475),.PCURVE_S1.);
#4464 = LINE('',#4465,#4466);
#4465 = CARTESIAN_POINT('',(6.001345300486,-27.00391352409,10.));
#4466 = VECTOR('',#4467,1.);
#4467 = DIRECTION('',(1.,0.,0.));
#4468 = PCURVE('',#1663,#4469);
#4469 = DEFINITIONAL_REPRESENTATION('',(#4470),#4474);
#4470 = LINE('',#4471,#4472);
#4471 = CARTESIAN_POINT('',(-6.001345052275,0.));
#4472 = VECTOR('',#4473,1.);
#4473 = DIRECTION('',(1.,0.));
#4474 = ( GEOMETRIC_REPRESENTATION_CONTEXT(2) 
PARAMETRIC_REPRESENTATION_CONTEXT() REPRESENTATION_CONTEXT('2D SPACE',''
  ) );
#4475 = PCURVE('',#94,#4476);
#4476 = DEFINITIONAL_REPRESENTATION('',(#4477),#4481);
#4477 = LINE('',#4478,#4479);
#4478 = CARTESIAN_POINT('',(6.001345052275,9.996086244941));
#4479 = VECTOR('',#4480,1.);
#4480 = DIRECTION('',(1.,0.));
#4481 = ( GEOMETRIC_REPRESENTATION_CONTEXT(2) 
PARAMETRIC_REPRESENTATION_CONTEXT() REPRESENTATION_CONTEXT('2D SPACE',''
  ) );
#4482 = ORIENTED_EDGE('',*,*,#4483,.T.);
#4483 = EDGE_CURVE('',#4461,#1648,#4484,.T.);
#4484 = SURFACE_CURVE('',#4485,(#4489,#4496),.PCURVE_S1.);
#4485 = LINE('',#4486,#4487);
#4486 = CARTESIAN_POINT('',(12.002690352761,-27.00391352409,10.));
#4487 = VECTOR('',#4488,1.);
#4488 = DIRECTION('',(0.,0.,-1.));
#4489 = PCURVE('',#1663,#4490);
#4490 = DEFINITIONAL_REPRESENTATION('',(#4491),#4495);
#4491 = LINE('',#4492,#4493);
#4492 = CARTESIAN_POINT('',(0.,0.));
#4493 = VECTOR('',#4494,1.);
#4494 = DIRECTION('',(0.,1.));
#4495 = ( GEOMETRIC_REPRESENTATION_CONTEXT(2) 
PARAMETRIC_REPRESENTATION_CONTEXT() REPRESENTATION_CONTEXT('2D SPACE',''
  ) );
#4496 = PCURVE('',#1689,#4497);
#4497 = DEFINITIONAL_REPRESENTATION('',(#4498),#4502);
#4498 = LINE('',#4499,#4500);
#4499 = CARTESIAN_POINT('',(12.,0.));
#4500 = VECTOR('',#4501,1.);
#4501 = DIRECTION('',(0.,1.));
#4502 = ( GEOMETRIC_REPRESENTATION_CONTEXT(2) 
PARAMETRIC_REPRESENTATION_CONTEXT() REPRESENTATION_CONTEXT('2D SPACE',''
  ) );
#4503 = ORIENTED_EDGE('',*,*,#1647,.F.);
#4504 = ORIENTED_EDGE('',*,*,#4434,.F.);
#4505 = ADVANCED_FACE('',(#4506),#1689,.F.);
#4506 = FACE_BOUND('',#4507,.T.);
#4507 = EDGE_LOOP('',(#4508,#4529,#4530,#4531));
#4508 = ORIENTED_EDGE('',*,*,#4509,.F.);
#4509 = EDGE_CURVE('',#4343,#4461,#4510,.T.);
#4510 = SURFACE_CURVE('',#4511,(#4515,#4522),.PCURVE_S1.);
#4511 = LINE('',#4512,#4513);
#4512 = CARTESIAN_POINT('',(12.002690352761,-38.00195664656,10.));
#4513 = VECTOR('',#4514,1.);
#4514 = DIRECTION('',(0.,1.,0.));
#4515 = PCURVE('',#1689,#4516);
#4516 = DEFINITIONAL_REPRESENTATION('',(#4517),#4521);
#4517 = LINE('',#4518,#4519);
#4518 = CARTESIAN_POINT('',(1.00195687753,0.));
#4519 = VECTOR('',#4520,1.);
#4520 = DIRECTION('',(1.,0.));
#4521 = ( GEOMETRIC_REPRESENTATION_CONTEXT(2) 
PARAMETRIC_REPRESENTATION_CONTEXT() REPRESENTATION_CONTEXT('2D SPACE',''
  ) );
#4522 = PCURVE('',#94,#4523);
#4523 = DEFINITIONAL_REPRESENTATION('',(#4524),#4528);
#4524 = LINE('',#4525,#4526);
#4525 = CARTESIAN_POINT('',(12.00269010455,-1.00195687753));
#4526 = VECTOR('',#4527,1.);
#4527 = DIRECTION('',(0.,1.));
#4528 = ( GEOMETRIC_REPRESENTATION_CONTEXT(2) 
PARAMETRIC_REPRESENTATION_CONTEXT() REPRESENTATION_CONTEXT('2D SPACE',''
  ) );
#4529 = ORIENTED_EDGE('',*,*,#4387,.T.);
#4530 = ORIENTED_EDGE('',*,*,#1675,.F.);
#4531 = ORIENTED_EDGE('',*,*,#4483,.F.);
#4532 = ADVANCED_FACE('',(#4533),#1493,.F.);
#4533 = FACE_BOUND('',#4534,.T.);
#4534 = EDGE_LOOP('',(#4535,#4560,#4581,#4582));
#4535 = ORIENTED_EDGE('',*,*,#4536,.F.);
#4536 = EDGE_CURVE('',#4537,#4539,#4541,.T.);
#4537 = VERTEX_POINT('',#4538);
#4538 = CARTESIAN_POINT('',(-18.9999994412,0.799999848008,10.));
#4539 = VERTEX_POINT('',#4540);
#4540 = CARTESIAN_POINT('',(-30.9999994412,0.799999848008,10.));
#4541 = SURFACE_CURVE('',#4542,(#4546,#4553),.PCURVE_S1.);
#4542 = LINE('',#4543,#4544);
#4543 = CARTESIAN_POINT('',(-9.499999596497,0.799999848008,10.));
#4544 = VECTOR('',#4545,1.);
#4545 = DIRECTION('',(-1.,0.,0.));
#4546 = PCURVE('',#1493,#4547);
#4547 = DEFINITIONAL_REPRESENTATION('',(#4548),#4552);
#4548 = LINE('',#4549,#4550);
#4549 = CARTESIAN_POINT('',(-9.499999844709,-0.));
#4550 = VECTOR('',#4551,1.);
#4551 = DIRECTION('',(1.,0.));
#4552 = ( GEOMETRIC_REPRESENTATION_CONTEXT(2) 
PARAMETRIC_REPRESENTATION_CONTEXT() REPRESENTATION_CONTEXT('2D SPACE',''
  ) );
#4553 = PCURVE('',#94,#4554);
#4554 = DEFINITIONAL_REPRESENTATION('',(#4555),#4559);
#4555 = LINE('',#4556,#4557);
#4556 = CARTESIAN_POINT('',(-9.499999844709,37.79999961704));
#4557 = VECTOR('',#4558,1.);
#4558 = DIRECTION('',(-1.,0.));
#4559 = ( GEOMETRIC_REPRESENTATION_CONTEXT(2) 
PARAMETRIC_REPRESENTATION_CONTEXT() REPRESENTATION_CONTEXT('2D SPACE',''
  ) );
#4560 = ORIENTED_EDGE('',*,*,#4561,.T.);
#4561 = EDGE_CURVE('',#4537,#1478,#4562,.T.);
#4562 = SURFACE_CURVE('',#4563,(#4567,#4574),.PCURVE_S1.);
#4563 = LINE('',#4564,#4565);
#4564 = CARTESIAN_POINT('',(-18.9999994412,0.799999848008,10.));
#4565 = VECTOR('',#4566,1.);
#4566 = DIRECTION('',(0.,0.,-1.));
#4567 = PCURVE('',#1493,#4568);
#4568 = DEFINITIONAL_REPRESENTATION('',(#4569),#4573);
#4569 = LINE('',#4570,#4571);
#4570 = CARTESIAN_POINT('',(0.,-0.));
#4571 = VECTOR('',#4572,1.);
#4572 = DIRECTION('',(0.,1.));
#4573 = ( GEOMETRIC_REPRESENTATION_CONTEXT(2) 
PARAMETRIC_REPRESENTATION_CONTEXT() REPRESENTATION_CONTEXT('2D SPACE',''
  ) );
#4574 = PCURVE('',#1521,#4575);
#4575 = DEFINITIONAL_REPRESENTATION('',(#4576),#4580);
#4576 = LINE('',#4577,#4578);
#4577 = CARTESIAN_POINT('',(12.,0.));
#4578 = VECTOR('',#4579,1.);
#4579 = DIRECTION('',(0.,1.));
#4580 = ( GEOMETRIC_REPRESENTATION_CONTEXT(2) 
PARAMETRIC_REPRESENTATION_CONTEXT() REPRESENTATION_CONTEXT('2D SPACE',''
  ) );
#4581 = ORIENTED_EDGE('',*,*,#1475,.F.);
#4582 = ORIENTED_EDGE('',*,*,#4583,.F.);
#4583 = EDGE_CURVE('',#4539,#1476,#4584,.T.);
#4584 = SURFACE_CURVE('',#4585,(#4589,#4596),.PCURVE_S1.);
#4585 = LINE('',#4586,#4587);
#4586 = CARTESIAN_POINT('',(-30.9999994412,0.799999848008,10.));
#4587 = VECTOR('',#4588,1.);
#4588 = DIRECTION('',(0.,0.,-1.));
#4589 = PCURVE('',#1493,#4590);
#4590 = DEFINITIONAL_REPRESENTATION('',(#4591),#4595);
#4591 = LINE('',#4592,#4593);
#4592 = CARTESIAN_POINT('',(12.,0.));
#4593 = VECTOR('',#4594,1.);
#4594 = DIRECTION('',(0.,1.));
#4595 = ( GEOMETRIC_REPRESENTATION_CONTEXT(2) 
PARAMETRIC_REPRESENTATION_CONTEXT() REPRESENTATION_CONTEXT('2D SPACE',''
  ) );
#4596 = PCURVE('',#1575,#4597);
#4597 = DEFINITIONAL_REPRESENTATION('',(#4598),#4602);
#4598 = LINE('',#4599,#4600);
#4599 = CARTESIAN_POINT('',(0.,0.));
#4600 = VECTOR('',#4601,1.);
#4601 = DIRECTION('',(0.,1.));
#4602 = ( GEOMETRIC_REPRESENTATION_CONTEXT(2) 
PARAMETRIC_REPRESENTATION_CONTEXT() REPRESENTATION_CONTEXT('2D SPACE',''
  ) );
#4603 = ADVANCED_FACE('',(#4604),#1521,.F.);
#4604 = FACE_BOUND('',#4605,.T.);
#4605 = EDGE_LOOP('',(#4606,#4629,#4650,#4651));
#4606 = ORIENTED_EDGE('',*,*,#4607,.F.);
#4607 = EDGE_CURVE('',#4608,#4537,#4610,.T.);
#4608 = VERTEX_POINT('',#4609);
#4609 = CARTESIAN_POINT('',(-18.9999994412,12.799999848008,10.));
#4610 = SURFACE_CURVE('',#4611,(#4615,#4622),.PCURVE_S1.);
#4611 = LINE('',#4612,#4613);
#4612 = CARTESIAN_POINT('',(-18.9999994412,-12.09999996051,10.));
#4613 = VECTOR('',#4614,1.);
#4614 = DIRECTION('',(0.,-1.,0.));
#4615 = PCURVE('',#1521,#4616);
#4616 = DEFINITIONAL_REPRESENTATION('',(#4617),#4621);
#4617 = LINE('',#4618,#4619);
#4618 = CARTESIAN_POINT('',(24.89999980852,0.));
#4619 = VECTOR('',#4620,1.);
#4620 = DIRECTION('',(1.,0.));
#4621 = ( GEOMETRIC_REPRESENTATION_CONTEXT(2) 
PARAMETRIC_REPRESENTATION_CONTEXT() REPRESENTATION_CONTEXT('2D SPACE',''
  ) );
#4622 = PCURVE('',#94,#4623);
#4623 = DEFINITIONAL_REPRESENTATION('',(#4624),#4628);
#4624 = LINE('',#4625,#4626);
#4625 = CARTESIAN_POINT('',(-18.99999968941,24.89999980852));
#4626 = VECTOR('',#4627,1.);
#4627 = DIRECTION('',(0.,-1.));
#4628 = ( GEOMETRIC_REPRESENTATION_CONTEXT(2) 
PARAMETRIC_REPRESENTATION_CONTEXT() REPRESENTATION_CONTEXT('2D SPACE',''
  ) );
#4629 = ORIENTED_EDGE('',*,*,#4630,.T.);
#4630 = EDGE_CURVE('',#4608,#1506,#4631,.T.);
#4631 = SURFACE_CURVE('',#4632,(#4636,#4643),.PCURVE_S1.);
#4632 = LINE('',#4633,#4634);
#4633 = CARTESIAN_POINT('',(-18.9999994412,12.799999848008,10.));
#4634 = VECTOR('',#4635,1.);
#4635 = DIRECTION('',(0.,0.,-1.));
#4636 = PCURVE('',#1521,#4637);
#4637 = DEFINITIONAL_REPRESENTATION('',(#4638),#4642);
#4638 = LINE('',#4639,#4640);
#4639 = CARTESIAN_POINT('',(0.,0.));
#4640 = VECTOR('',#4641,1.);
#4641 = DIRECTION('',(0.,1.));
#4642 = ( GEOMETRIC_REPRESENTATION_CONTEXT(2) 
PARAMETRIC_REPRESENTATION_CONTEXT() REPRESENTATION_CONTEXT('2D SPACE',''
  ) );
#4643 = PCURVE('',#1549,#4644);
#4644 = DEFINITIONAL_REPRESENTATION('',(#4645),#4649);
#4645 = LINE('',#4646,#4647);
#4646 = CARTESIAN_POINT('',(12.,0.));
#4647 = VECTOR('',#4648,1.);
#4648 = DIRECTION('',(0.,1.));
#4649 = ( GEOMETRIC_REPRESENTATION_CONTEXT(2) 
PARAMETRIC_REPRESENTATION_CONTEXT() REPRESENTATION_CONTEXT('2D SPACE',''
  ) );
#4650 = ORIENTED_EDGE('',*,*,#1505,.F.);
#4651 = ORIENTED_EDGE('',*,*,#4561,.F.);
#4652 = ADVANCED_FACE('',(#4653),#1549,.F.);
#4653 = FACE_BOUND('',#4654,.T.);
#4654 = EDGE_LOOP('',(#4655,#4678,#4699,#4700));
#4655 = ORIENTED_EDGE('',*,*,#4656,.F.);
#4656 = EDGE_CURVE('',#4657,#4608,#4659,.T.);
#4657 = VERTEX_POINT('',#4658);
#4658 = CARTESIAN_POINT('',(-30.9999994412,12.799999848008,10.));
#4659 = SURFACE_CURVE('',#4660,(#4664,#4671),.PCURVE_S1.);
#4660 = LINE('',#4661,#4662);
#4661 = CARTESIAN_POINT('',(-15.49999959649,12.799999848008,10.));
#4662 = VECTOR('',#4663,1.);
#4663 = DIRECTION('',(1.,0.,0.));
#4664 = PCURVE('',#1549,#4665);
#4665 = DEFINITIONAL_REPRESENTATION('',(#4666),#4670);
#4666 = LINE('',#4667,#4668);
#4667 = CARTESIAN_POINT('',(15.499999844709,0.));
#4668 = VECTOR('',#4669,1.);
#4669 = DIRECTION('',(1.,0.));
#4670 = ( GEOMETRIC_REPRESENTATION_CONTEXT(2) 
PARAMETRIC_REPRESENTATION_CONTEXT() REPRESENTATION_CONTEXT('2D SPACE',''
  ) );
#4671 = PCURVE('',#94,#4672);
#4672 = DEFINITIONAL_REPRESENTATION('',(#4673),#4677);
#4673 = LINE('',#4674,#4675);
#4674 = CARTESIAN_POINT('',(-15.4999998447,49.79999961704));
#4675 = VECTOR('',#4676,1.);
#4676 = DIRECTION('',(1.,0.));
#4677 = ( GEOMETRIC_REPRESENTATION_CONTEXT(2) 
PARAMETRIC_REPRESENTATION_CONTEXT() REPRESENTATION_CONTEXT('2D SPACE',''
  ) );
#4678 = ORIENTED_EDGE('',*,*,#4679,.T.);
#4679 = EDGE_CURVE('',#4657,#1534,#4680,.T.);
#4680 = SURFACE_CURVE('',#4681,(#4685,#4692),.PCURVE_S1.);
#4681 = LINE('',#4682,#4683);
#4682 = CARTESIAN_POINT('',(-30.9999994412,12.799999848008,10.));
#4683 = VECTOR('',#4684,1.);
#4684 = DIRECTION('',(0.,0.,-1.));
#4685 = PCURVE('',#1549,#4686);
#4686 = DEFINITIONAL_REPRESENTATION('',(#4687),#4691);
#4687 = LINE('',#4688,#4689);
#4688 = CARTESIAN_POINT('',(0.,0.));
#4689 = VECTOR('',#4690,1.);
#4690 = DIRECTION('',(0.,1.));
#4691 = ( GEOMETRIC_REPRESENTATION_CONTEXT(2) 
PARAMETRIC_REPRESENTATION_CONTEXT() REPRESENTATION_CONTEXT('2D SPACE',''
  ) );
#4692 = PCURVE('',#1575,#4693);
#4693 = DEFINITIONAL_REPRESENTATION('',(#4694),#4698);
#4694 = LINE('',#4695,#4696);
#4695 = CARTESIAN_POINT('',(12.,0.));
#4696 = VECTOR('',#4697,1.);
#4697 = DIRECTION('',(0.,1.));
#4698 = ( GEOMETRIC_REPRESENTATION_CONTEXT(2) 
PARAMETRIC_REPRESENTATION_CONTEXT() REPRESENTATION_CONTEXT('2D SPACE',''
  ) );
#4699 = ORIENTED_EDGE('',*,*,#1533,.F.);
#4700 = ORIENTED_EDGE('',*,*,#4630,.F.);
#4701 = ADVANCED_FACE('',(#4702),#1575,.F.);
#4702 = FACE_BOUND('',#4703,.T.);
#4703 = EDGE_LOOP('',(#4704,#4725,#4726,#4727));
#4704 = ORIENTED_EDGE('',*,*,#4705,.F.);
#4705 = EDGE_CURVE('',#4539,#4657,#4706,.T.);
#4706 = SURFACE_CURVE('',#4707,(#4711,#4718),.PCURVE_S1.);
#4707 = LINE('',#4708,#4709);
#4708 = CARTESIAN_POINT('',(-30.9999994412,-18.09999996051,10.));
#4709 = VECTOR('',#4710,1.);
#4710 = DIRECTION('',(0.,1.,0.));
#4711 = PCURVE('',#1575,#4712);
#4712 = DEFINITIONAL_REPRESENTATION('',(#4713),#4717);
#4713 = LINE('',#4714,#4715);
#4714 = CARTESIAN_POINT('',(-18.89999980852,0.));
#4715 = VECTOR('',#4716,1.);
#4716 = DIRECTION('',(1.,0.));
#4717 = ( GEOMETRIC_REPRESENTATION_CONTEXT(2) 
PARAMETRIC_REPRESENTATION_CONTEXT() REPRESENTATION_CONTEXT('2D SPACE',''
  ) );
#4718 = PCURVE('',#94,#4719);
#4719 = DEFINITIONAL_REPRESENTATION('',(#4720),#4724);
#4720 = LINE('',#4721,#4722);
#4721 = CARTESIAN_POINT('',(-30.99999968941,18.89999980852));
#4722 = VECTOR('',#4723,1.);
#4723 = DIRECTION('',(0.,1.));
#4724 = ( GEOMETRIC_REPRESENTATION_CONTEXT(2) 
PARAMETRIC_REPRESENTATION_CONTEXT() REPRESENTATION_CONTEXT('2D SPACE',''
  ) );
#4725 = ORIENTED_EDGE('',*,*,#4583,.T.);
#4726 = ORIENTED_EDGE('',*,*,#1561,.F.);
#4727 = ORIENTED_EDGE('',*,*,#4679,.F.);
#4728 = ADVANCED_FACE('',(#4729),#1379,.F.);
#4729 = FACE_BOUND('',#4730,.T.);
#4730 = EDGE_LOOP('',(#4731,#4756,#4777,#4778));
#4731 = ORIENTED_EDGE('',*,*,#4732,.F.);
#4732 = EDGE_CURVE('',#4733,#4735,#4737,.T.);
#4733 = VERTEX_POINT('',#4734);
#4734 = CARTESIAN_POINT('',(-18.9999994412,-17.19999974966,10.));
#4735 = VERTEX_POINT('',#4736);
#4736 = CARTESIAN_POINT('',(-30.9999994412,-17.19999974966,10.));
#4737 = SURFACE_CURVE('',#4738,(#4742,#4749),.PCURVE_S1.);
#4738 = LINE('',#4739,#4740);
#4739 = CARTESIAN_POINT('',(-9.499999596497,-17.19999974966,10.));
#4740 = VECTOR('',#4741,1.);
#4741 = DIRECTION('',(-1.,0.,0.));
#4742 = PCURVE('',#1379,#4743);
#4743 = DEFINITIONAL_REPRESENTATION('',(#4744),#4748);
#4744 = LINE('',#4745,#4746);
#4745 = CARTESIAN_POINT('',(-9.499999844709,-0.));
#4746 = VECTOR('',#4747,1.);
#4747 = DIRECTION('',(1.,0.));
#4748 = ( GEOMETRIC_REPRESENTATION_CONTEXT(2) 
PARAMETRIC_REPRESENTATION_CONTEXT() REPRESENTATION_CONTEXT('2D SPACE',''
  ) );
#4749 = PCURVE('',#94,#4750);
#4750 = DEFINITIONAL_REPRESENTATION('',(#4751),#4755);
#4751 = LINE('',#4752,#4753);
#4752 = CARTESIAN_POINT('',(-9.499999844709,19.800000019372));
#4753 = VECTOR('',#4754,1.);
#4754 = DIRECTION('',(-1.,0.));
#4755 = ( GEOMETRIC_REPRESENTATION_CONTEXT(2) 
PARAMETRIC_REPRESENTATION_CONTEXT() REPRESENTATION_CONTEXT('2D SPACE',''
  ) );
#4756 = ORIENTED_EDGE('',*,*,#4757,.T.);
#4757 = EDGE_CURVE('',#4733,#1364,#4758,.T.);
#4758 = SURFACE_CURVE('',#4759,(#4763,#4770),.PCURVE_S1.);
#4759 = LINE('',#4760,#4761);
#4760 = CARTESIAN_POINT('',(-18.9999994412,-17.19999974966,10.));
#4761 = VECTOR('',#4762,1.);
#4762 = DIRECTION('',(0.,0.,-1.));
#4763 = PCURVE('',#1379,#4764);
#4764 = DEFINITIONAL_REPRESENTATION('',(#4765),#4769);
#4765 = LINE('',#4766,#4767);
#4766 = CARTESIAN_POINT('',(0.,-0.));
#4767 = VECTOR('',#4768,1.);
#4768 = DIRECTION('',(0.,1.));
#4769 = ( GEOMETRIC_REPRESENTATION_CONTEXT(2) 
PARAMETRIC_REPRESENTATION_CONTEXT() REPRESENTATION_CONTEXT('2D SPACE',''
  ) );
#4770 = PCURVE('',#1407,#4771);
#4771 = DEFINITIONAL_REPRESENTATION('',(#4772),#4776);
#4772 = LINE('',#4773,#4774);
#4773 = CARTESIAN_POINT('',(12.,0.));
#4774 = VECTOR('',#4775,1.);
#4775 = DIRECTION('',(0.,1.));
#4776 = ( GEOMETRIC_REPRESENTATION_CONTEXT(2) 
PARAMETRIC_REPRESENTATION_CONTEXT() REPRESENTATION_CONTEXT('2D SPACE',''
  ) );
#4777 = ORIENTED_EDGE('',*,*,#1361,.F.);
#4778 = ORIENTED_EDGE('',*,*,#4779,.F.);
#4779 = EDGE_CURVE('',#4735,#1362,#4780,.T.);
#4780 = SURFACE_CURVE('',#4781,(#4785,#4792),.PCURVE_S1.);
#4781 = LINE('',#4782,#4783);
#4782 = CARTESIAN_POINT('',(-30.9999994412,-17.19999974966,10.));
#4783 = VECTOR('',#4784,1.);
#4784 = DIRECTION('',(0.,0.,-1.));
#4785 = PCURVE('',#1379,#4786);
#4786 = DEFINITIONAL_REPRESENTATION('',(#4787),#4791);
#4787 = LINE('',#4788,#4789);
#4788 = CARTESIAN_POINT('',(12.,0.));
#4789 = VECTOR('',#4790,1.);
#4790 = DIRECTION('',(0.,1.));
#4791 = ( GEOMETRIC_REPRESENTATION_CONTEXT(2) 
PARAMETRIC_REPRESENTATION_CONTEXT() REPRESENTATION_CONTEXT('2D SPACE',''
  ) );
#4792 = PCURVE('',#1461,#4793);
#4793 = DEFINITIONAL_REPRESENTATION('',(#4794),#4798);
#4794 = LINE('',#4795,#4796);
#4795 = CARTESIAN_POINT('',(0.,0.));
#4796 = VECTOR('',#4797,1.);
#4797 = DIRECTION('',(0.,1.));
#4798 = ( GEOMETRIC_REPRESENTATION_CONTEXT(2) 
PARAMETRIC_REPRESENTATION_CONTEXT() REPRESENTATION_CONTEXT('2D SPACE',''
  ) );
#4799 = ADVANCED_FACE('',(#4800),#1407,.F.);
#4800 = FACE_BOUND('',#4801,.T.);
#4801 = EDGE_LOOP('',(#4802,#4825,#4846,#4847));
#4802 = ORIENTED_EDGE('',*,*,#4803,.F.);
#4803 = EDGE_CURVE('',#4804,#4733,#4806,.T.);
#4804 = VERTEX_POINT('',#4805);
#4805 = CARTESIAN_POINT('',(-18.9999994412,-5.19999974966,10.));
#4806 = SURFACE_CURVE('',#4807,(#4811,#4818),.PCURVE_S1.);
#4807 = LINE('',#4808,#4809);
#4808 = CARTESIAN_POINT('',(-18.9999994412,-21.09999975934,10.));
#4809 = VECTOR('',#4810,1.);
#4810 = DIRECTION('',(0.,-1.,0.));
#4811 = PCURVE('',#1407,#4812);
#4812 = DEFINITIONAL_REPRESENTATION('',(#4813),#4817);
#4813 = LINE('',#4814,#4815);
#4814 = CARTESIAN_POINT('',(15.900000009686,0.));
#4815 = VECTOR('',#4816,1.);
#4816 = DIRECTION('',(1.,0.));
#4817 = ( GEOMETRIC_REPRESENTATION_CONTEXT(2) 
PARAMETRIC_REPRESENTATION_CONTEXT() REPRESENTATION_CONTEXT('2D SPACE',''
  ) );
#4818 = PCURVE('',#94,#4819);
#4819 = DEFINITIONAL_REPRESENTATION('',(#4820),#4824);
#4820 = LINE('',#4821,#4822);
#4821 = CARTESIAN_POINT('',(-18.99999968941,15.900000009686));
#4822 = VECTOR('',#4823,1.);
#4823 = DIRECTION('',(0.,-1.));
#4824 = ( GEOMETRIC_REPRESENTATION_CONTEXT(2) 
PARAMETRIC_REPRESENTATION_CONTEXT() REPRESENTATION_CONTEXT('2D SPACE',''
  ) );
#4825 = ORIENTED_EDGE('',*,*,#4826,.T.);
#4826 = EDGE_CURVE('',#4804,#1392,#4827,.T.);
#4827 = SURFACE_CURVE('',#4828,(#4832,#4839),.PCURVE_S1.);
#4828 = LINE('',#4829,#4830);
#4829 = CARTESIAN_POINT('',(-18.9999994412,-5.19999974966,10.));
#4830 = VECTOR('',#4831,1.);
#4831 = DIRECTION('',(0.,0.,-1.));
#4832 = PCURVE('',#1407,#4833);
#4833 = DEFINITIONAL_REPRESENTATION('',(#4834),#4838);
#4834 = LINE('',#4835,#4836);
#4835 = CARTESIAN_POINT('',(0.,0.));
#4836 = VECTOR('',#4837,1.);
#4837 = DIRECTION('',(0.,1.));
#4838 = ( GEOMETRIC_REPRESENTATION_CONTEXT(2) 
PARAMETRIC_REPRESENTATION_CONTEXT() REPRESENTATION_CONTEXT('2D SPACE',''
  ) );
#4839 = PCURVE('',#1435,#4840);
#4840 = DEFINITIONAL_REPRESENTATION('',(#4841),#4845);
#4841 = LINE('',#4842,#4843);
#4842 = CARTESIAN_POINT('',(12.,0.));
#4843 = VECTOR('',#4844,1.);
#4844 = DIRECTION('',(0.,1.));
#4845 = ( GEOMETRIC_REPRESENTATION_CONTEXT(2) 
PARAMETRIC_REPRESENTATION_CONTEXT() REPRESENTATION_CONTEXT('2D SPACE',''
  ) );
#4846 = ORIENTED_EDGE('',*,*,#1391,.F.);
#4847 = ORIENTED_EDGE('',*,*,#4757,.F.);
#4848 = ADVANCED_FACE('',(#4849),#1435,.F.);
#4849 = FACE_BOUND('',#4850,.T.);
#4850 = EDGE_LOOP('',(#4851,#4874,#4895,#4896));
#4851 = ORIENTED_EDGE('',*,*,#4852,.F.);
#4852 = EDGE_CURVE('',#4853,#4804,#4855,.T.);
#4853 = VERTEX_POINT('',#4854);
#4854 = CARTESIAN_POINT('',(-30.9999994412,-5.19999974966,10.));
#4855 = SURFACE_CURVE('',#4856,(#4860,#4867),.PCURVE_S1.);
#4856 = LINE('',#4857,#4858);
#4857 = CARTESIAN_POINT('',(-15.49999959649,-5.19999974966,10.));
#4858 = VECTOR('',#4859,1.);
#4859 = DIRECTION('',(1.,0.,0.));
#4860 = PCURVE('',#1435,#4861);
#4861 = DEFINITIONAL_REPRESENTATION('',(#4862),#4866);
#4862 = LINE('',#4863,#4864);
#4863 = CARTESIAN_POINT('',(15.499999844709,0.));
#4864 = VECTOR('',#4865,1.);
#4865 = DIRECTION('',(1.,0.));
#4866 = ( GEOMETRIC_REPRESENTATION_CONTEXT(2) 
PARAMETRIC_REPRESENTATION_CONTEXT() REPRESENTATION_CONTEXT('2D SPACE',''
  ) );
#4867 = PCURVE('',#94,#4868);
#4868 = DEFINITIONAL_REPRESENTATION('',(#4869),#4873);
#4869 = LINE('',#4870,#4871);
#4870 = CARTESIAN_POINT('',(-15.4999998447,31.800000019372));
#4871 = VECTOR('',#4872,1.);
#4872 = DIRECTION('',(1.,0.));
#4873 = ( GEOMETRIC_REPRESENTATION_CONTEXT(2) 
PARAMETRIC_REPRESENTATION_CONTEXT() REPRESENTATION_CONTEXT('2D SPACE',''
  ) );
#4874 = ORIENTED_EDGE('',*,*,#4875,.T.);
#4875 = EDGE_CURVE('',#4853,#1420,#4876,.T.);
#4876 = SURFACE_CURVE('',#4877,(#4881,#4888),.PCURVE_S1.);
#4877 = LINE('',#4878,#4879);
#4878 = CARTESIAN_POINT('',(-30.9999994412,-5.19999974966,10.));
#4879 = VECTOR('',#4880,1.);
#4880 = DIRECTION('',(0.,0.,-1.));
#4881 = PCURVE('',#1435,#4882);
#4882 = DEFINITIONAL_REPRESENTATION('',(#4883),#4887);
#4883 = LINE('',#4884,#4885);
#4884 = CARTESIAN_POINT('',(0.,0.));
#4885 = VECTOR('',#4886,1.);
#4886 = DIRECTION('',(0.,1.));
#4887 = ( GEOMETRIC_REPRESENTATION_CONTEXT(2) 
PARAMETRIC_REPRESENTATION_CONTEXT() REPRESENTATION_CONTEXT('2D SPACE',''
  ) );
#4888 = PCURVE('',#1461,#4889);
#4889 = DEFINITIONAL_REPRESENTATION('',(#4890),#4894);
#4890 = LINE('',#4891,#4892);
#4891 = CARTESIAN_POINT('',(12.,0.));
#4892 = VECTOR('',#4893,1.);
#4893 = DIRECTION('',(0.,1.));
#4894 = ( GEOMETRIC_REPRESENTATION_CONTEXT(2) 
PARAMETRIC_REPRESENTATION_CONTEXT() REPRESENTATION_CONTEXT('2D SPACE',''
  ) );
#4895 = ORIENTED_EDGE('',*,*,#1419,.F.);
#4896 = ORIENTED_EDGE('',*,*,#4826,.F.);
#4897 = ADVANCED_FACE('',(#4898),#1461,.F.);
#4898 = FACE_BOUND('',#4899,.T.);
#4899 = EDGE_LOOP('',(#4900,#4921,#4922,#4923));
#4900 = ORIENTED_EDGE('',*,*,#4901,.F.);
#4901 = EDGE_CURVE('',#4735,#4853,#4902,.T.);
#4902 = SURFACE_CURVE('',#4903,(#4907,#4914),.PCURVE_S1.);
#4903 = LINE('',#4904,#4905);
#4904 = CARTESIAN_POINT('',(-30.9999994412,-27.09999975934,10.));
#4905 = VECTOR('',#4906,1.);
#4906 = DIRECTION('',(0.,1.,0.));
#4907 = PCURVE('',#1461,#4908);
#4908 = DEFINITIONAL_REPRESENTATION('',(#4909),#4913);
#4909 = LINE('',#4910,#4911);
#4910 = CARTESIAN_POINT('',(-9.900000009686,0.));
#4911 = VECTOR('',#4912,1.);
#4912 = DIRECTION('',(1.,0.));
#4913 = ( GEOMETRIC_REPRESENTATION_CONTEXT(2) 
PARAMETRIC_REPRESENTATION_CONTEXT() REPRESENTATION_CONTEXT('2D SPACE',''
  ) );
#4914 = PCURVE('',#94,#4915);
#4915 = DEFINITIONAL_REPRESENTATION('',(#4916),#4920);
#4916 = LINE('',#4917,#4918);
#4917 = CARTESIAN_POINT('',(-30.99999968941,9.900000009686));
#4918 = VECTOR('',#4919,1.);
#4919 = DIRECTION('',(0.,1.));
#4920 = ( GEOMETRIC_REPRESENTATION_CONTEXT(2) 
PARAMETRIC_REPRESENTATION_CONTEXT() REPRESENTATION_CONTEXT('2D SPACE',''
  ) );
#4921 = ORIENTED_EDGE('',*,*,#4779,.T.);
#4922 = ORIENTED_EDGE('',*,*,#1447,.F.);
#4923 = ORIENTED_EDGE('',*,*,#4875,.F.);
#4924 = ADVANCED_FACE('',(#4925),#1265,.F.);
#4925 = FACE_BOUND('',#4926,.T.);
#4926 = EDGE_LOOP('',(#4927,#4952,#4973,#4974));
#4927 = ORIENTED_EDGE('',*,*,#4928,.F.);
#4928 = EDGE_CURVE('',#4929,#4931,#4933,.T.);
#4929 = VERTEX_POINT('',#4930);
#4930 = CARTESIAN_POINT('',(41.999804161036,-39.00352454037,10.));
#4931 = VERTEX_POINT('',#4932);
#4932 = CARTESIAN_POINT('',(29.999804161036,-39.00352454037,10.));
#4933 = SURFACE_CURVE('',#4934,(#4938,#4945),.PCURVE_S1.);
#4934 = LINE('',#4935,#4936);
#4935 = CARTESIAN_POINT('',(20.999902204624,-39.00352454037,10.));
#4936 = VECTOR('',#4937,1.);
#4937 = DIRECTION('',(-1.,0.,0.));
#4938 = PCURVE('',#1265,#4939);
#4939 = DEFINITIONAL_REPRESENTATION('',(#4940),#4944);
#4940 = LINE('',#4941,#4942);
#4941 = CARTESIAN_POINT('',(20.999901956412,0.));
#4942 = VECTOR('',#4943,1.);
#4943 = DIRECTION('',(1.,0.));
#4944 = ( GEOMETRIC_REPRESENTATION_CONTEXT(2) 
PARAMETRIC_REPRESENTATION_CONTEXT() REPRESENTATION_CONTEXT('2D SPACE',''
  ) );
#4945 = PCURVE('',#94,#4946);
#4946 = DEFINITIONAL_REPRESENTATION('',(#4947),#4951);
#4947 = LINE('',#4948,#4949);
#4948 = CARTESIAN_POINT('',(20.999901956412,-2.003524771345));
#4949 = VECTOR('',#4950,1.);
#4950 = DIRECTION('',(-1.,0.));
#4951 = ( GEOMETRIC_REPRESENTATION_CONTEXT(2) 
PARAMETRIC_REPRESENTATION_CONTEXT() REPRESENTATION_CONTEXT('2D SPACE',''
  ) );
#4952 = ORIENTED_EDGE('',*,*,#4953,.T.);
#4953 = EDGE_CURVE('',#4929,#1250,#4954,.T.);
#4954 = SURFACE_CURVE('',#4955,(#4959,#4966),.PCURVE_S1.);
#4955 = LINE('',#4956,#4957);
#4956 = CARTESIAN_POINT('',(41.999804161036,-39.00352454037,10.));
#4957 = VECTOR('',#4958,1.);
#4958 = DIRECTION('',(0.,0.,-1.));
#4959 = PCURVE('',#1265,#4960);
#4960 = DEFINITIONAL_REPRESENTATION('',(#4961),#4965);
#4961 = LINE('',#4962,#4963);
#4962 = CARTESIAN_POINT('',(0.,-0.));
#4963 = VECTOR('',#4964,1.);
#4964 = DIRECTION('',(0.,1.));
#4965 = ( GEOMETRIC_REPRESENTATION_CONTEXT(2) 
PARAMETRIC_REPRESENTATION_CONTEXT() REPRESENTATION_CONTEXT('2D SPACE',''
  ) );
#4966 = PCURVE('',#1293,#4967);
#4967 = DEFINITIONAL_REPRESENTATION('',(#4968),#4972);
#4968 = LINE('',#4969,#4970);
#4969 = CARTESIAN_POINT('',(12.,0.));
#4970 = VECTOR('',#4971,1.);
#4971 = DIRECTION('',(0.,1.));
#4972 = ( GEOMETRIC_REPRESENTATION_CONTEXT(2) 
PARAMETRIC_REPRESENTATION_CONTEXT() REPRESENTATION_CONTEXT('2D SPACE',''
  ) );
#4973 = ORIENTED_EDGE('',*,*,#1247,.F.);
#4974 = ORIENTED_EDGE('',*,*,#4975,.F.);
#4975 = EDGE_CURVE('',#4931,#1248,#4976,.T.);
#4976 = SURFACE_CURVE('',#4977,(#4981,#4988),.PCURVE_S1.);
#4977 = LINE('',#4978,#4979);
#4978 = CARTESIAN_POINT('',(29.999804161036,-39.00352454037,10.));
#4979 = VECTOR('',#4980,1.);
#4980 = DIRECTION('',(0.,0.,-1.));
#4981 = PCURVE('',#1265,#4982);
#4982 = DEFINITIONAL_REPRESENTATION('',(#4983),#4987);
#4983 = LINE('',#4984,#4985);
#4984 = CARTESIAN_POINT('',(12.,0.));
#4985 = VECTOR('',#4986,1.);
#4986 = DIRECTION('',(0.,1.));
#4987 = ( GEOMETRIC_REPRESENTATION_CONTEXT(2) 
PARAMETRIC_REPRESENTATION_CONTEXT() REPRESENTATION_CONTEXT('2D SPACE',''
  ) );
#4988 = PCURVE('',#1347,#4989);
#4989 = DEFINITIONAL_REPRESENTATION('',(#4990),#4994);
#4990 = LINE('',#4991,#4992);
#4991 = CARTESIAN_POINT('',(0.,0.));
#4992 = VECTOR('',#4993,1.);
#4993 = DIRECTION('',(0.,1.));
#4994 = ( GEOMETRIC_REPRESENTATION_CONTEXT(2) 
PARAMETRIC_REPRESENTATION_CONTEXT() REPRESENTATION_CONTEXT('2D SPACE',''
  ) );
#4995 = ADVANCED_FACE('',(#4996),#1293,.F.);
#4996 = FACE_BOUND('',#4997,.T.);
#4997 = EDGE_LOOP('',(#4998,#5021,#5042,#5043));
#4998 = ORIENTED_EDGE('',*,*,#4999,.F.);
#4999 = EDGE_CURVE('',#5000,#4929,#5002,.T.);
#5000 = VERTEX_POINT('',#5001);
#5001 = CARTESIAN_POINT('',(41.999804161036,-27.00352454037,10.));
#5002 = SURFACE_CURVE('',#5003,(#5007,#5014),.PCURVE_S1.);
#5003 = LINE('',#5004,#5005);
#5004 = CARTESIAN_POINT('',(41.999804161036,-32.0017621547,10.));
#5005 = VECTOR('',#5006,1.);
#5006 = DIRECTION('',(0.,-1.,0.));
#5007 = PCURVE('',#1293,#5008);
#5008 = DEFINITIONAL_REPRESENTATION('',(#5009),#5013);
#5009 = LINE('',#5010,#5011);
#5010 = CARTESIAN_POINT('',(4.998237614328,0.));
#5011 = VECTOR('',#5012,1.);
#5012 = DIRECTION('',(1.,0.));
#5013 = ( GEOMETRIC_REPRESENTATION_CONTEXT(2) 
PARAMETRIC_REPRESENTATION_CONTEXT() REPRESENTATION_CONTEXT('2D SPACE',''
  ) );
#5014 = PCURVE('',#94,#5015);
#5015 = DEFINITIONAL_REPRESENTATION('',(#5016),#5020);
#5016 = LINE('',#5017,#5018);
#5017 = CARTESIAN_POINT('',(41.999803912824,4.998237614328));
#5018 = VECTOR('',#5019,1.);
#5019 = DIRECTION('',(0.,-1.));
#5020 = ( GEOMETRIC_REPRESENTATION_CONTEXT(2) 
PARAMETRIC_REPRESENTATION_CONTEXT() REPRESENTATION_CONTEXT('2D SPACE',''
  ) );
#5021 = ORIENTED_EDGE('',*,*,#5022,.T.);
#5022 = EDGE_CURVE('',#5000,#1278,#5023,.T.);
#5023 = SURFACE_CURVE('',#5024,(#5028,#5035),.PCURVE_S1.);
#5024 = LINE('',#5025,#5026);
#5025 = CARTESIAN_POINT('',(41.999804161036,-27.00352454037,10.));
#5026 = VECTOR('',#5027,1.);
#5027 = DIRECTION('',(0.,0.,-1.));
#5028 = PCURVE('',#1293,#5029);
#5029 = DEFINITIONAL_REPRESENTATION('',(#5030),#5034);
#5030 = LINE('',#5031,#5032);
#5031 = CARTESIAN_POINT('',(0.,0.));
#5032 = VECTOR('',#5033,1.);
#5033 = DIRECTION('',(0.,1.));
#5034 = ( GEOMETRIC_REPRESENTATION_CONTEXT(2) 
PARAMETRIC_REPRESENTATION_CONTEXT() REPRESENTATION_CONTEXT('2D SPACE',''
  ) );
#5035 = PCURVE('',#1321,#5036);
#5036 = DEFINITIONAL_REPRESENTATION('',(#5037),#5041);
#5037 = LINE('',#5038,#5039);
#5038 = CARTESIAN_POINT('',(12.,0.));
#5039 = VECTOR('',#5040,1.);
#5040 = DIRECTION('',(0.,1.));
#5041 = ( GEOMETRIC_REPRESENTATION_CONTEXT(2) 
PARAMETRIC_REPRESENTATION_CONTEXT() REPRESENTATION_CONTEXT('2D SPACE',''
  ) );
#5042 = ORIENTED_EDGE('',*,*,#1277,.F.);
#5043 = ORIENTED_EDGE('',*,*,#4953,.F.);
#5044 = ADVANCED_FACE('',(#5045),#1321,.F.);
#5045 = FACE_BOUND('',#5046,.T.);
#5046 = EDGE_LOOP('',(#5047,#5070,#5091,#5092));
#5047 = ORIENTED_EDGE('',*,*,#5048,.F.);
#5048 = EDGE_CURVE('',#5049,#5000,#5051,.T.);
#5049 = VERTEX_POINT('',#5050);
#5050 = CARTESIAN_POINT('',(29.999804161036,-27.00352454037,10.));
#5051 = SURFACE_CURVE('',#5052,(#5056,#5063),.PCURVE_S1.);
#5052 = LINE('',#5053,#5054);
#5053 = CARTESIAN_POINT('',(14.999902204624,-27.00352454037,10.));
#5054 = VECTOR('',#5055,1.);
#5055 = DIRECTION('',(1.,0.,0.));
#5056 = PCURVE('',#1321,#5057);
#5057 = DEFINITIONAL_REPRESENTATION('',(#5058),#5062);
#5058 = LINE('',#5059,#5060);
#5059 = CARTESIAN_POINT('',(-14.99990195641,0.));
#5060 = VECTOR('',#5061,1.);
#5061 = DIRECTION('',(1.,0.));
#5062 = ( GEOMETRIC_REPRESENTATION_CONTEXT(2) 
PARAMETRIC_REPRESENTATION_CONTEXT() REPRESENTATION_CONTEXT('2D SPACE',''
  ) );
#5063 = PCURVE('',#94,#5064);
#5064 = DEFINITIONAL_REPRESENTATION('',(#5065),#5069);
#5065 = LINE('',#5066,#5067);
#5066 = CARTESIAN_POINT('',(14.999901956412,9.996475228655));
#5067 = VECTOR('',#5068,1.);
#5068 = DIRECTION('',(1.,0.));
#5069 = ( GEOMETRIC_REPRESENTATION_CONTEXT(2) 
PARAMETRIC_REPRESENTATION_CONTEXT() REPRESENTATION_CONTEXT('2D SPACE',''
  ) );
#5070 = ORIENTED_EDGE('',*,*,#5071,.T.);
#5071 = EDGE_CURVE('',#5049,#1306,#5072,.T.);
#5072 = SURFACE_CURVE('',#5073,(#5077,#5084),.PCURVE_S1.);
#5073 = LINE('',#5074,#5075);
#5074 = CARTESIAN_POINT('',(29.999804161036,-27.00352454037,10.));
#5075 = VECTOR('',#5076,1.);
#5076 = DIRECTION('',(0.,0.,-1.));
#5077 = PCURVE('',#1321,#5078);
#5078 = DEFINITIONAL_REPRESENTATION('',(#5079),#5083);
#5079 = LINE('',#5080,#5081);
#5080 = CARTESIAN_POINT('',(0.,0.));
#5081 = VECTOR('',#5082,1.);
#5082 = DIRECTION('',(0.,1.));
#5083 = ( GEOMETRIC_REPRESENTATION_CONTEXT(2) 
PARAMETRIC_REPRESENTATION_CONTEXT() REPRESENTATION_CONTEXT('2D SPACE',''
  ) );
#5084 = PCURVE('',#1347,#5085);
#5085 = DEFINITIONAL_REPRESENTATION('',(#5086),#5090);
#5086 = LINE('',#5087,#5088);
#5087 = CARTESIAN_POINT('',(12.,0.));
#5088 = VECTOR('',#5089,1.);
#5089 = DIRECTION('',(0.,1.));
#5090 = ( GEOMETRIC_REPRESENTATION_CONTEXT(2) 
PARAMETRIC_REPRESENTATION_CONTEXT() REPRESENTATION_CONTEXT('2D SPACE',''
  ) );
#5091 = ORIENTED_EDGE('',*,*,#1305,.F.);
#5092 = ORIENTED_EDGE('',*,*,#5022,.F.);
#5093 = ADVANCED_FACE('',(#5094),#1347,.F.);
#5094 = FACE_BOUND('',#5095,.T.);
#5095 = EDGE_LOOP('',(#5096,#5117,#5118,#5119));
#5096 = ORIENTED_EDGE('',*,*,#5097,.F.);
#5097 = EDGE_CURVE('',#4931,#5049,#5098,.T.);
#5098 = SURFACE_CURVE('',#5099,(#5103,#5110),.PCURVE_S1.);
#5099 = LINE('',#5100,#5101);
#5100 = CARTESIAN_POINT('',(29.999804161036,-38.0017621547,10.));
#5101 = VECTOR('',#5102,1.);
#5102 = DIRECTION('',(0.,1.,0.));
#5103 = PCURVE('',#1347,#5104);
#5104 = DEFINITIONAL_REPRESENTATION('',(#5105),#5109);
#5105 = LINE('',#5106,#5107);
#5106 = CARTESIAN_POINT('',(1.001762385672,0.));
#5107 = VECTOR('',#5108,1.);
#5108 = DIRECTION('',(1.,0.));
#5109 = ( GEOMETRIC_REPRESENTATION_CONTEXT(2) 
PARAMETRIC_REPRESENTATION_CONTEXT() REPRESENTATION_CONTEXT('2D SPACE',''
  ) );
#5110 = PCURVE('',#94,#5111);
#5111 = DEFINITIONAL_REPRESENTATION('',(#5112),#5116);
#5112 = LINE('',#5113,#5114);
#5113 = CARTESIAN_POINT('',(29.999803912824,-1.001762385672));
#5114 = VECTOR('',#5115,1.);
#5115 = DIRECTION('',(0.,1.));
#5116 = ( GEOMETRIC_REPRESENTATION_CONTEXT(2) 
PARAMETRIC_REPRESENTATION_CONTEXT() REPRESENTATION_CONTEXT('2D SPACE',''
  ) );
#5117 = ORIENTED_EDGE('',*,*,#4975,.T.);
#5118 = ORIENTED_EDGE('',*,*,#1333,.F.);
#5119 = ORIENTED_EDGE('',*,*,#5071,.F.);
#5120 = ADVANCED_FACE('',(#5121),#903,.F.);
#5121 = FACE_BOUND('',#5122,.F.);
#5122 = EDGE_LOOP('',(#5123,#5371,#5372,#5421));
#5123 = ORIENTED_EDGE('',*,*,#5124,.F.);
#5124 = EDGE_CURVE('',#860,#5125,#5127,.T.);
#5125 = VERTEX_POINT('',#5126);
#5126 = CARTESIAN_POINT('',(-65.68807796828,-102.,10.));
#5127 = SURFACE_CURVE('',#5128,(#5181,#5276),.PCURVE_S1.);
#5128 = B_SPLINE_CURVE_WITH_KNOTS('',3,(#5129,#5130,#5131,#5132,#5133,
    #5134,#5135,#5136,#5137,#5138,#5139,#5140,#5141,#5142,#5143,#5144,
    #5145,#5146,#5147,#5148,#5149,#5150,#5151,#5152,#5153,#5154,#5155,
    #5156,#5157,#5158,#5159,#5160,#5161,#5162,#5163,#5164,#5165,#5166,
    #5167,#5168,#5169,#5170,#5171,#5172,#5173,#5174,#5175,#5176,#5177,
    #5178,#5179,#5180),.UNSPECIFIED.,.F.,.F.,(4,3,3,3,3,3,3,3,3,3,3,3,3,
    3,3,3,3,4),(0.,2.996235902152E-02,6.036693859447E-02,
    9.08592504302E-02,0.116410303379,0.146929224567,0.177308421746,
    0.202842174586,0.233254805798,0.263420087064,0.294049171087,
    0.324846030379,0.35096984504,0.381709629207,0.412129298847,
    0.4427277665,0.473326234152,0.474112844186),.UNSPECIFIED.);
#5129 = CARTESIAN_POINT('',(-66.05138008954,-105.,7.));
#5130 = CARTESIAN_POINT('',(-66.05138008954,-105.,7.099874530072));
#5131 = CARTESIAN_POINT('',(-66.05073730447,-104.9948360325,
    7.199520979451));
#5132 = CARTESIAN_POINT('',(-66.04949496928,-104.9847191219,
    7.298572337604));
#5133 = CARTESIAN_POINT('',(-66.04823429822,-104.9744528939,
    7.399085614901));
#5134 = CARTESIAN_POINT('',(-66.0463562042,-104.9590862729,
    7.498986949406));
#5135 = CARTESIAN_POINT('',(-66.04389180345,-104.93878701,7.597895922128
    ));
#5136 = CARTESIAN_POINT('',(-66.04142029167,-104.9184291736,
    7.697090296198));
#5137 = CARTESIAN_POINT('',(-66.03835901795,-104.8931099292,
    7.795287453636));
#5138 = CARTESIAN_POINT('',(-66.03472621132,-104.8629491921,
    7.892093709018));
#5139 = CARTESIAN_POINT('',(-66.0316820986,-104.8376759825,
    7.973212574994));
#5140 = CARTESIAN_POINT('',(-66.02823642883,-104.8090023269,
    8.053354894888));
#5141 = CARTESIAN_POINT('',(-66.02439334444,-104.7769742092,
    8.132276825627));
#5142 = CARTESIAN_POINT('',(-66.0198030526,-104.7387188935,
    8.226543476362));
#5143 = CARTESIAN_POINT('',(-66.01466944544,-104.6958734712,
    8.318590183208));
#5144 = CARTESIAN_POINT('',(-66.00900790628,-104.64861508,8.408044338251
    ));
#5145 = CARTESIAN_POINT('',(-66.0033722872,-104.6015730506,
    8.497088947585));
#5146 = CARTESIAN_POINT('',(-65.99721347156,-104.5501580285,
    8.583565537364));
#5147 = CARTESIAN_POINT('',(-65.99053445402,-104.4944977991,
    8.667090775418));
#5148 = CARTESIAN_POINT('',(-65.9849207315,-104.4477153074,
    8.737293841413));
#5149 = CARTESIAN_POINT('',(-65.97893928553,-104.3979329295,
    8.805411935094));
#5150 = CARTESIAN_POINT('',(-65.9725858366,-104.3452032289,
    8.871202147709));
#5151 = CARTESIAN_POINT('',(-65.9650183983,-104.2823981666,
    8.949563267839));
#5152 = CARTESIAN_POINT('',(-65.95692327315,-104.2154121407,
    9.024623110604));
#5153 = CARTESIAN_POINT('',(-65.94835147259,-104.1445739706,
    9.096214806669));
#5154 = CARTESIAN_POINT('',(-65.93984938763,-104.0743119367,
    9.167224238014));
#5155 = CARTESIAN_POINT('',(-65.93091992449,-104.0006025138,
    9.234476258038));
#5156 = CARTESIAN_POINT('',(-65.92161801606,-103.9238358307,
    9.297876273256));
#5157 = CARTESIAN_POINT('',(-65.91217308722,-103.8458888304,
    9.362251087998));
#5158 = CARTESIAN_POINT('',(-65.90234400162,-103.7647891714,
    9.422654999512));
#5159 = CARTESIAN_POINT('',(-65.89217856301,-103.6809045604,
    9.478953557879));
#5160 = CARTESIAN_POINT('',(-65.88195744173,-103.5965604592,
    9.535560499801));
#5161 = CARTESIAN_POINT('',(-65.87139608106,-103.509400063,
    9.588017432993));
#5162 = CARTESIAN_POINT('',(-65.86053610473,-103.419767122,
    9.636145359037));
#5163 = CARTESIAN_POINT('',(-65.85132399625,-103.3437348774,
    9.676970464221));
#5164 = CARTESIAN_POINT('',(-65.84189683702,-103.2659227562,
    9.714680065845));
#5165 = CARTESIAN_POINT('',(-65.8322776898,-103.1865298619,
    9.749137605836));
#5166 = CARTESIAN_POINT('',(-65.82095887922,-103.0931085731,
    9.789683649972));
#5167 = CARTESIAN_POINT('',(-65.80941548619,-102.9978411462,
    9.825579414948));
#5168 = CARTESIAN_POINT('',(-65.79768519154,-102.9010786209,
    9.856658399295));
#5169 = CARTESIAN_POINT('',(-65.78607705251,-102.8053237505,
    9.88741373679));
#5170 = CARTESIAN_POINT('',(-65.77428568882,-102.7081039805,
    9.91345239995));
#5171 = CARTESIAN_POINT('',(-65.76234458839,-102.6097434643,
    9.934565511316));
#5172 = CARTESIAN_POINT('',(-65.75033330163,-102.5108048135,
    9.955802719439));
#5173 = CARTESIAN_POINT('',(-65.73819972971,-102.4109526469,
    9.972004582991));
#5174 = CARTESIAN_POINT('',(-65.72597686498,-102.3105214923,
    9.982980685938));
#5175 = CARTESIAN_POINT('',(-65.71375400024,-102.2100903377,
    9.993956788885));
#5176 = CARTESIAN_POINT('',(-65.70144165204,-102.109079439,
    9.999707527877));
#5177 = CARTESIAN_POINT('',(-65.68907239515,-102.0078167658,
    9.999989138753));
#5178 = CARTESIAN_POINT('',(-65.6887544125,-102.0052135559,
    9.999996378264));
#5179 = CARTESIAN_POINT('',(-65.68843640208,-102.0026102614,10.));
#5180 = CARTESIAN_POINT('',(-65.68811836443,-102.000006888,10.));
#5181 = PCURVE('',#903,#5182);
#5182 = DEFINITIONAL_REPRESENTATION('',(#5183),#5275);
#5183 = B_SPLINE_CURVE_WITH_KNOTS('',3,(#5184,#5185,#5186,#5187,#5188,
    #5189,#5190,#5191,#5192,#5193,#5194,#5195,#5196,#5197,#5198,#5199,
    #5200,#5201,#5202,#5203,#5204,#5205,#5206,#5207,#5208,#5209,#5210,
    #5211,#5212,#5213,#5214,#5215,#5216,#5217,#5218,#5219,#5220,#5221,
    #5222,#5223,#5224,#5225,#5226,#5227,#5228,#5229,#5230,#5231,#5232,
    #5233,#5234,#5235,#5236,#5237,#5238,#5239,#5240,#5241,#5242,#5243,
    #5244,#5245,#5246,#5247,#5248,#5249,#5250,#5251,#5252,#5253,#5254,
    #5255,#5256,#5257,#5258,#5259,#5260,#5261,#5262,#5263,#5264,#5265,
    #5266,#5267,#5268,#5269,#5270,#5271,#5272,#5273,#5274),
  .UNSPECIFIED.,.F.,.F.,(4,1,1,1,1,1,1,1,1,1,1,1,1,1,1,1,1,1,1,1,1,1,1,1
    ,1,1,1,1,1,1,1,1,1,1,1,1,1,1,1,1,1,1,1,1,1,1,1,1,1,1,1,1,1,1,1,1,1,1
    ,1,1,1,1,1,1,1,1,1,1,1,1,1,1,1,1,1,1,1,1,1,1,1,1,1,1,1,1,1,1,4),(0.,
    5.387645956664E-03,1.077529191333E-02,1.616293786999E-02,
    2.155058382666E-02,2.693822978332E-02,3.232587573998E-02,
    3.771352169665E-02,4.310116765331E-02,4.848881360997E-02,
    5.387645956664E-02,5.92641055233E-02,6.465175147997E-02,
    7.003939743663E-02,7.542704339329E-02,8.081468934996E-02,
    8.620233530662E-02,9.158998126328E-02,9.697762721995E-02,
    0.102365273177,0.107752919133,0.11314056509,0.118528211047,
    0.123915857003,0.12930350296,0.134691148917,0.140078794873,
    0.14546644083,0.150854086787,0.156241732743,0.1616293787,
    0.167017024657,0.172404670613,0.17779231657,0.183179962527,
    0.188567608483,0.19395525444,0.199342900397,0.204730546353,
    0.21011819231,0.215505838267,0.220893484223,0.22628113018,
    0.231668776137,0.237056422093,0.24244406805,0.247831714007,
    0.253219359963,0.25860700592,0.263994651877,0.269382297833,
    0.27476994379,0.280157589747,0.285545235703,0.29093288166,
    0.296320527617,0.301708173573,0.30709581953,0.312483465486,
    0.317871111443,0.3232587574,0.328646403356,0.334034049313,
    0.33942169527,0.344809341226,0.350196987183,0.35558463314,
    0.360972279096,0.366359925053,0.37174757101,0.377135216966,
    0.382522862923,0.38791050888,0.393298154836,0.398685800793,
    0.40407344675,0.409461092706,0.414848738663,0.42023638462,
    0.425624030576,0.431011676533,0.43639932249,0.441786968446,
    0.447174614403,0.45256226036,0.457949906316,0.463337552273,
    0.46872519823,0.474112844186),.QUASI_UNIFORM_KNOTS.);
#5184 = CARTESIAN_POINT('',(1.,1.463158278389E-16));
#5185 = CARTESIAN_POINT('',(0.996189020889,6.040650493411E-11));
#5186 = CARTESIAN_POINT('',(0.988570523108,3.737952143414E-06));
#5187 = CARTESIAN_POINT('',(0.977152229076,2.053240936163E-05));
#5188 = CARTESIAN_POINT('',(0.965742453914,4.848850218257E-05));
#5189 = CARTESIAN_POINT('',(0.954340281663,8.758126457255E-05));
#5190 = CARTESIAN_POINT('',(0.942944808183,1.377862388382E-04));
#5191 = CARTESIAN_POINT('',(0.931555163875,1.990801317353E-04));
#5192 = CARTESIAN_POINT('',(0.920170423541,2.714382716122E-04));
#5193 = CARTESIAN_POINT('',(0.908789664536,3.548341705555E-04));
#5194 = CARTESIAN_POINT('',(0.897411971148,4.492424994701E-04));
#5195 = CARTESIAN_POINT('',(0.886036430524,5.546384742685E-04));
#5196 = CARTESIAN_POINT('',(0.87466214037,6.709978902312E-04));
#5197 = CARTESIAN_POINT('',(0.863288199277,7.98297543347E-04));
#5198 = CARTESIAN_POINT('',(0.85191368061,9.365115443485E-04));
#5199 = CARTESIAN_POINT('',(0.840537689999,1.085613950197E-03));
#5200 = CARTESIAN_POINT('',(0.829159316275,1.24557962069E-03));
#5201 = CARTESIAN_POINT('',(0.817777643293,1.416383952569E-03));
#5202 = CARTESIAN_POINT('',(0.806391762655,1.598003069505E-03));
#5203 = CARTESIAN_POINT('',(0.795000725267,1.790413253825E-03));
#5204 = CARTESIAN_POINT('',(0.783603718678,1.993586620576E-03));
#5205 = CARTESIAN_POINT('',(0.772199569665,2.207503933928E-03));
#5206 = CARTESIAN_POINT('',(0.760788384214,2.432118241326E-03));
#5207 = CARTESIAN_POINT('',(0.749365419638,2.667488378586E-03));
#5208 = CARTESIAN_POINT('',(0.737953477304,2.913081993589E-03));
#5209 = CARTESIAN_POINT('',(0.726551327301,3.168827115549E-03));
#5210 = CARTESIAN_POINT('',(0.715158122684,3.434651360691E-03));
#5211 = CARTESIAN_POINT('',(0.703772932597,3.710483021611E-03));
#5212 = CARTESIAN_POINT('',(0.6923948698,3.996250674252E-03));
#5213 = CARTESIAN_POINT('',(0.681023062613,4.291883591173E-03));
#5214 = CARTESIAN_POINT('',(0.669656571114,4.597309398348E-03));
#5215 = CARTESIAN_POINT('',(0.65829448303,4.912455558474E-03));
#5216 = CARTESIAN_POINT('',(0.64693588355,5.237250081787E-03));
#5217 = CARTESIAN_POINT('',(0.635579862692,5.571621290353E-03));
#5218 = CARTESIAN_POINT('',(0.62422552566,5.915498021841E-03));
#5219 = CARTESIAN_POINT('',(0.612871960631,6.268808986674E-03));
#5220 = CARTESIAN_POINT('',(0.601518255928,6.631481488862E-03));
#5221 = CARTESIAN_POINT('',(0.590163507784,7.003443515388E-03));
#5222 = CARTESIAN_POINT('',(0.578806802686,7.384623295294E-03));
#5223 = CARTESIAN_POINT('',(0.567447232216,7.774949579866E-03));
#5224 = CARTESIAN_POINT('',(0.55608386278,8.174350786724E-03));
#5225 = CARTESIAN_POINT('',(0.544715825093,8.582754208386E-03));
#5226 = CARTESIAN_POINT('',(0.533342177115,9.00008943538E-03));
#5227 = CARTESIAN_POINT('',(0.521962161184,9.426279016473E-03));
#5228 = CARTESIAN_POINT('',(0.51057428219,9.861272415509E-03));
#5229 = CARTESIAN_POINT('',(0.49917975667,1.030491943389E-02));
#5230 = CARTESIAN_POINT('',(0.487799254035,1.075628355241E-02));
#5231 = CARTESIAN_POINT('',(0.476427438192,1.121542105768E-02));
#5232 = CARTESIAN_POINT('',(0.465064576397,1.168217521674E-02));
#5233 = CARTESIAN_POINT('',(0.453709451598,1.215644623151E-02));
#5234 = CARTESIAN_POINT('',(0.442361277931,1.263811890032E-02));
#5235 = CARTESIAN_POINT('',(0.431019144993,1.312708190136E-02));
#5236 = CARTESIAN_POINT('',(0.419682128778,1.362322355507E-02));
#5237 = CARTESIAN_POINT('',(0.408349319926,1.412643233887E-02));
#5238 = CARTESIAN_POINT('',(0.397019811669,1.463659646757E-02));
#5239 = CARTESIAN_POINT('',(0.385692703771,1.515360401986E-02));
#5240 = CARTESIAN_POINT('',(0.374367115722,1.56773427524E-02));
#5241 = CARTESIAN_POINT('',(0.363042126328,1.620770064171E-02));
#5242 = CARTESIAN_POINT('',(0.351716841025,1.67445664711E-02));
#5243 = CARTESIAN_POINT('',(0.340390358682,1.728782861904E-02));
#5244 = CARTESIAN_POINT('',(0.329061773616,1.783737529016E-02));
#5245 = CARTESIAN_POINT('',(0.317730183086,1.839309434499E-02));
#5246 = CARTESIAN_POINT('',(0.306394670208,1.895487366073E-02));
#5247 = CARTESIAN_POINT('',(0.295054356347,1.952260045132E-02));
#5248 = CARTESIAN_POINT('',(0.283708263365,2.00961683961E-02));
#5249 = CARTESIAN_POINT('',(0.272355851922,2.067544685157E-02));
#5250 = CARTESIAN_POINT('',(0.260994851337,2.126039423917E-02));
#5251 = CARTESIAN_POINT('',(0.249629409935,2.185063519172E-02));
#5252 = CARTESIAN_POINT('',(0.238271799324,2.244534897787E-02));
#5253 = CARTESIAN_POINT('',(0.226917816243,2.304457091996E-02));
#5254 = CARTESIAN_POINT('',(0.215567435104,2.364811891914E-02));
#5255 = CARTESIAN_POINT('',(0.204219515712,2.425586852348E-02));
#5256 = CARTESIAN_POINT('',(0.1928732354,2.486767912641E-02));
#5257 = CARTESIAN_POINT('',(0.181527665559,2.548341403086E-02));
#5258 = CARTESIAN_POINT('',(0.170181903217,2.610293817176E-02));
#5259 = CARTESIAN_POINT('',(0.158835071694,2.672611450629E-02));
#5260 = CARTESIAN_POINT('',(0.14748618731,2.735281106131E-02));
#5261 = CARTESIAN_POINT('',(0.136134634888,2.798287433042E-02));
#5262 = CARTESIAN_POINT('',(0.124778416029,2.861622856689E-02));
#5263 = CARTESIAN_POINT('',(0.113428133756,2.925208930342E-02));
#5264 = CARTESIAN_POINT('',(0.102081715286,2.989037286942E-02));
#5265 = CARTESIAN_POINT('',(9.073856707096E-02,3.053091368261E-02));
#5266 = CARTESIAN_POINT('',(7.939770275211E-02,3.117356725753E-02));
#5267 = CARTESIAN_POINT('',(6.805825180537E-02,3.181818271902E-02));
#5268 = CARTESIAN_POINT('',(5.671931527046E-02,3.246460968135E-02));
#5269 = CARTESIAN_POINT('',(4.537998209577E-02,3.31127001855E-02));
#5270 = CARTESIAN_POINT('',(3.403936303049E-02,3.376230656838E-02));
#5271 = CARTESIAN_POINT('',(2.269656007157E-02,3.441327986215E-02));
#5272 = CARTESIAN_POINT('',(1.135064942643E-02,3.506547196418E-02));
#5273 = CARTESIAN_POINT('',(3.784082827691E-03,3.550097631024E-02));
#5274 = CARTESIAN_POINT('',(0.,3.571888045371E-02));
#5275 = ( GEOMETRIC_REPRESENTATION_CONTEXT(2) 
PARAMETRIC_REPRESENTATION_CONTEXT() REPRESENTATION_CONTEXT('2D SPACE',''
  ) );
#5276 = PCURVE('',#875,#5277);
#5277 = DEFINITIONAL_REPRESENTATION('',(#5278),#5370);
#5278 = B_SPLINE_CURVE_WITH_KNOTS('',3,(#5279,#5280,#5281,#5282,#5283,
    #5284,#5285,#5286,#5287,#5288,#5289,#5290,#5291,#5292,#5293,#5294,
    #5295,#5296,#5297,#5298,#5299,#5300,#5301,#5302,#5303,#5304,#5305,
    #5306,#5307,#5308,#5309,#5310,#5311,#5312,#5313,#5314,#5315,#5316,
    #5317,#5318,#5319,#5320,#5321,#5322,#5323,#5324,#5325,#5326,#5327,
    #5328,#5329,#5330,#5331,#5332,#5333,#5334,#5335,#5336,#5337,#5338,
    #5339,#5340,#5341,#5342,#5343,#5344,#5345,#5346,#5347,#5348,#5349,
    #5350,#5351,#5352,#5353,#5354,#5355,#5356,#5357,#5358,#5359,#5360,
    #5361,#5362,#5363,#5364,#5365,#5366,#5367,#5368,#5369),
  .UNSPECIFIED.,.F.,.F.,(4,1,1,1,1,1,1,1,1,1,1,1,1,1,1,1,1,1,1,1,1,1,1,1
    ,1,1,1,1,1,1,1,1,1,1,1,1,1,1,1,1,1,1,1,1,1,1,1,1,1,1,1,1,1,1,1,1,1,1
    ,1,1,1,1,1,1,1,1,1,1,1,1,1,1,1,1,1,1,1,1,1,1,1,1,1,1,1,1,1,1,4),(0.,
    5.387645956664E-03,1.077529191333E-02,1.616293786999E-02,
    2.155058382666E-02,2.693822978332E-02,3.232587573998E-02,
    3.771352169665E-02,4.310116765331E-02,4.848881360997E-02,
    5.387645956664E-02,5.92641055233E-02,6.465175147997E-02,
    7.003939743663E-02,7.542704339329E-02,8.081468934996E-02,
    8.620233530662E-02,9.158998126328E-02,9.697762721995E-02,
    0.102365273177,0.107752919133,0.11314056509,0.118528211047,
    0.123915857003,0.12930350296,0.134691148917,0.140078794873,
    0.14546644083,0.150854086787,0.156241732743,0.1616293787,
    0.167017024657,0.172404670613,0.17779231657,0.183179962527,
    0.188567608483,0.19395525444,0.199342900397,0.204730546353,
    0.21011819231,0.215505838267,0.220893484223,0.22628113018,
    0.231668776137,0.237056422093,0.24244406805,0.247831714007,
    0.253219359963,0.25860700592,0.263994651877,0.269382297833,
    0.27476994379,0.280157589747,0.285545235703,0.29093288166,
    0.296320527617,0.301708173573,0.30709581953,0.312483465486,
    0.317871111443,0.3232587574,0.328646403356,0.334034049313,
    0.33942169527,0.344809341226,0.350196987183,0.35558463314,
    0.360972279096,0.366359925053,0.37174757101,0.377135216966,
    0.382522862923,0.38791050888,0.393298154836,0.398685800793,
    0.40407344675,0.409461092706,0.414848738663,0.42023638462,
    0.425624030576,0.431011676533,0.43639932249,0.441786968446,
    0.447174614403,0.45256226036,0.457949906316,0.463337552273,
    0.46872519823,0.474112844186),.QUASI_UNIFORM_KNOTS.);
#5279 = CARTESIAN_POINT('',(5.497787143782,33.025690168876));
#5280 = CARTESIAN_POINT('',(5.503773404923,33.025690168876));
#5281 = CARTESIAN_POINT('',(5.515741057047,33.025648602496));
#5282 = CARTESIAN_POINT('',(5.533679829977,33.025463062265));
#5283 = CARTESIAN_POINT('',(5.551607859888,33.025155838686));
#5284 = CARTESIAN_POINT('',(5.569526909449,33.024728443149));
#5285 = CARTESIAN_POINT('',(5.587438620986,33.024182371911));
#5286 = CARTESIAN_POINT('',(5.605344473011,33.023519177682));
#5287 = CARTESIAN_POINT('',(5.623245932056,33.022740158017));
#5288 = CARTESIAN_POINT('',(5.641144366278,33.021846302632));
#5289 = CARTESIAN_POINT('',(5.65904104942,33.020838662808));
#5290 = CARTESIAN_POINT('',(5.676937174634,33.019718276302));
#5291 = CARTESIAN_POINT('',(5.694833850152,33.018486173412));
#5292 = CARTESIAN_POINT('',(5.712732122884,33.017143427788));
#5293 = CARTESIAN_POINT('',(5.730633021935,33.015690704356));
#5294 = CARTESIAN_POINT('',(5.748537478955,33.01412859003));
#5295 = CARTESIAN_POINT('',(5.76644641438,33.012457694259));
#5296 = CARTESIAN_POINT('',(5.784360726184,33.010678612205));
#5297 = CARTESIAN_POINT('',(5.802281278224,33.008791973634));
#5298 = CARTESIAN_POINT('',(5.820208982276,33.006798279611));
#5299 = CARTESIAN_POINT('',(5.838144524084,33.004697730656));
#5300 = CARTESIAN_POINT('',(5.856089158492,33.002490512093));
#5301 = CARTESIAN_POINT('',(5.874042137534,33.000177080166));
#5302 = CARTESIAN_POINT('',(5.892010354997,32.997756822642));
#5303 = CARTESIAN_POINT('',(5.909957413692,32.995235197998));
#5304 = CARTESIAN_POINT('',(5.927884766093,32.992612681128));
#5305 = CARTESIAN_POINT('',(5.945793306577,32.989889787956));
#5306 = CARTESIAN_POINT('',(5.96368411609,32.987067026675));
#5307 = CARTESIAN_POINT('',(5.98155826797,32.984144895377));
#5308 = CARTESIAN_POINT('',(5.999416880811,32.981123940293));
#5309 = CARTESIAN_POINT('',(6.017261250208,32.97800434132));
#5310 = CARTESIAN_POINT('',(6.035092708995,32.974786178197));
#5311 = CARTESIAN_POINT('',(6.052912683819,32.971469557911));
#5312 = CARTESIAN_POINT('',(6.070722690042,32.968054574109));
#5313 = CARTESIAN_POINT('',(6.088524323675,32.964541346552));
#5314 = CARTESIAN_POINT('',(6.106319316587,32.960929902149));
#5315 = CARTESIAN_POINT('',(6.124109512117,32.957219958434));
#5316 = CARTESIAN_POINT('',(6.141896862916,32.953411275315));
#5317 = CARTESIAN_POINT('',(6.159683481583,32.949503648351));
#5318 = CARTESIAN_POINT('',(6.177471562355,32.945496688126));
#5319 = CARTESIAN_POINT('',(6.195263693185,32.94139079725));
#5320 = CARTESIAN_POINT('',(6.213062662496,32.937187890553));
#5321 = CARTESIAN_POINT('',(6.230871144215,32.932889597448));
#5322 = CARTESIAN_POINT('',(6.248691403543,32.928497694982));
#5323 = CARTESIAN_POINT('',(6.2665267176,32.92401365507));
#5324 = CARTESIAN_POINT('',(6.284375991204,32.919440022527));
#5325 = CARTESIAN_POINT('',(6.302207506792,32.914787303379));
#5326 = CARTESIAN_POINT('',(6.320030143385,32.91005561643));
#5327 = CARTESIAN_POINT('',(6.33784388687,32.905247311753));
#5328 = CARTESIAN_POINT('',(6.355650935662,32.900364137297));
#5329 = CARTESIAN_POINT('',(6.37345270917,32.895408018228));
#5330 = CARTESIAN_POINT('',(6.391250721944,32.89038077151));
#5331 = CARTESIAN_POINT('',(6.409046406642,32.885283929933));
#5332 = CARTESIAN_POINT('',(6.426841090868,32.880119061617));
#5333 = CARTESIAN_POINT('',(6.4446360213,32.874887727408));
#5334 = CARTESIAN_POINT('',(6.462432364384,32.869591481918));
#5335 = CARTESIAN_POINT('',(6.480231193919,32.864231911971));
#5336 = CARTESIAN_POINT('',(6.498033584854,32.85881044625));
#5337 = CARTESIAN_POINT('',(6.515840516142,32.853328399515));
#5338 = CARTESIAN_POINT('',(6.533652936466,32.847787114804));
#5339 = CARTESIAN_POINT('',(6.551471766311,32.842187927921));
#5340 = CARTESIAN_POINT('',(6.569297893281,32.836532175324));
#5341 = CARTESIAN_POINT('',(6.587132206038,32.830821198097));
#5342 = CARTESIAN_POINT('',(6.6049755133,32.825056205484));
#5343 = CARTESIAN_POINT('',(6.622828774709,32.819238362935));
#5344 = CARTESIAN_POINT('',(6.640692259693,32.813369073294));
#5345 = CARTESIAN_POINT('',(6.658568969845,32.807448842581));
#5346 = CARTESIAN_POINT('',(6.676451819489,32.801481526712));
#5347 = CARTESIAN_POINT('',(6.69432095983,32.795475213568));
#5348 = CARTESIAN_POINT('',(6.712182502677,32.78942940492));
#5349 = CARTESIAN_POINT('',(6.73003602602,32.78334577838));
#5350 = CARTESIAN_POINT('',(6.747882909184,32.777225425003));
#5351 = CARTESIAN_POINT('',(6.765724086383,32.771069606229));
#5352 = CARTESIAN_POINT('',(6.783560717769,32.76487948566));
#5353 = CARTESIAN_POINT('',(6.801393992428,32.758656159236));
#5354 = CARTESIAN_POINT('',(6.81922513409,32.752400759509));
#5355 = CARTESIAN_POINT('',(6.837055616148,32.746114358012));
#5356 = CARTESIAN_POINT('',(6.85488642222,32.739798233743));
#5357 = CARTESIAN_POINT('',(6.872720802574,32.733452896863));
#5358 = CARTESIAN_POINT('',(6.890542325079,32.727085874832));
#5359 = CARTESIAN_POINT('',(6.908354577276,32.720697593446));
#5360 = CARTESIAN_POINT('',(6.926158936158,32.71428930892));
#5361 = CARTESIAN_POINT('',(6.943957515429,32.707862054166));
#5362 = CARTESIAN_POINT('',(6.961752372784,32.701416924881));
#5363 = CARTESIAN_POINT('',(6.979545741601,32.69495498893));
#5364 = CARTESIAN_POINT('',(6.997340015338,32.688477282554));
#5365 = CARTESIAN_POINT('',(7.015137697927,32.681984879315));
#5366 = CARTESIAN_POINT('',(7.03294146059,32.675478847049));
#5367 = CARTESIAN_POINT('',(7.050754154624,32.668960242358));
#5368 = CARTESIAN_POINT('',(7.062637193141,32.664606862451));
#5369 = CARTESIAN_POINT('',(7.068581174559,32.662428443765));
#5370 = ( GEOMETRIC_REPRESENTATION_CONTEXT(2) 
PARAMETRIC_REPRESENTATION_CONTEXT() REPRESENTATION_CONTEXT('2D SPACE',''
  ) );
#5371 = ORIENTED_EDGE('',*,*,#887,.F.);
#5372 = ORIENTED_EDGE('',*,*,#5373,.F.);
#5373 = EDGE_CURVE('',#5374,#888,#5376,.T.);
#5374 = VERTEX_POINT('',#5375);
#5375 = CARTESIAN_POINT('',(-85.72906218481,-58.02472023906,10.));
#5376 = SURFACE_CURVE('',#5377,(#5385,#5392),.PCURVE_S1.);
#5377 = B_SPLINE_CURVE_WITH_KNOTS('',3,(#5378,#5379,#5380,#5381,#5382,
    #5383,#5384),.UNSPECIFIED.,.F.,.F.,(4,3,4),(0.,0.571430302623,
    1.00000302462),.UNSPECIFIED.);
#5378 = CARTESIAN_POINT('',(-85.72906229557,-58.02472024378,10.));
#5379 = CARTESIAN_POINT('',(-86.62604481893,-58.05827893019,10.));
#5380 = CARTESIAN_POINT('',(-87.51338634552,-58.09140511754,
    9.569469781289));
#5381 = CARTESIAN_POINT('',(-88.07272797809,-58.11053820261,
    8.871202147709));
#5382 = CARTESIAN_POINT('',(-88.49223419765,-58.12488801625,
    8.347501428598));
#5383 = CARTESIAN_POINT('',(-88.72724043805,-58.13136765006,
    7.673198421308));
#5384 = CARTESIAN_POINT('',(-88.7273906702,-58.12784134942,7.));
#5385 = PCURVE('',#903,#5386);
#5386 = DEFINITIONAL_REPRESENTATION('',(#5387),#5391);
#5387 = LINE('',#5388,#5389);
#5388 = CARTESIAN_POINT('',(2.391940684518E-15,5.404274200435));
#5389 = VECTOR('',#5390,1.);
#5390 = DIRECTION('',(0.999996975347,2.459531869726E-03));
#5391 = ( GEOMETRIC_REPRESENTATION_CONTEXT(2) 
PARAMETRIC_REPRESENTATION_CONTEXT() REPRESENTATION_CONTEXT('2D SPACE',''
  ) );
#5392 = PCURVE('',#1014,#5393);
#5393 = DEFINITIONAL_REPRESENTATION('',(#5394),#5420);
#5394 = B_SPLINE_CURVE_WITH_KNOTS('',3,(#5395,#5396,#5397,#5398,#5399,
    #5400,#5401,#5402,#5403,#5404,#5405,#5406,#5407,#5408,#5409,#5410,
    #5411,#5412,#5413,#5414,#5415,#5416,#5417,#5418,#5419),
  .UNSPECIFIED.,.F.,.F.,(4,1,1,1,1,1,1,1,1,1,1,1,1,1,1,1,1,1,1,1,1,1,4),
  (0.,4.545468293727E-02,9.090936587454E-02,0.136364048812,
    0.181818731749,0.227273414686,0.272728097624,0.318182780561,
    0.363637463498,0.409092146435,0.454546829373,0.50000151231,
    0.545456195247,0.590910878184,0.636365561122,0.681820244059,
    0.727274926996,0.772729609934,0.818184292871,0.863638975808,
    0.909093658745,0.954548341683,1.00000302462),.QUASI_UNIFORM_KNOTS.);
#5395 = CARTESIAN_POINT('',(0.785398269474,-49.90012328502));
#5396 = CARTESIAN_POINT('',(0.761602613403,-49.90092406287));
#5397 = CARTESIAN_POINT('',(0.714040041938,-49.90252334093));
#5398 = CARTESIAN_POINT('',(0.642726235479,-49.90489965418));
#5399 = CARTESIAN_POINT('',(0.571372912085,-49.9072375926));
#5400 = CARTESIAN_POINT('',(0.499957391425,-49.90952138522));
#5401 = CARTESIAN_POINT('',(0.428480031314,-49.91173526105));
#5402 = CARTESIAN_POINT('',(0.356962042543,-49.91386344921));
#5403 = CARTESIAN_POINT('',(0.285436735641,-49.91589017838));
#5404 = CARTESIAN_POINT('',(0.213941993094,-49.91779967885));
#5405 = CARTESIAN_POINT('',(0.142512133732,-49.91957617497));
#5406 = CARTESIAN_POINT('',(7.117013341807E-02,-49.92120391321));
#5407 = CARTESIAN_POINT('',(-8.027810010619E-05,-49.92266705749));
#5408 = CARTESIAN_POINT('',(-7.126024891024E-02,-49.92395007981));
#5409 = CARTESIAN_POINT('',(-0.142427133971,-49.92503630241));
#5410 = CARTESIAN_POINT('',(-0.213658336812,-49.92591415464));
#5411 = CARTESIAN_POINT('',(-0.284983867529,-49.92657884323));
#5412 = CARTESIAN_POINT('',(-0.356406420364,-49.92702423838));
#5413 = CARTESIAN_POINT('',(-0.427906297101,-49.92724456844));
#5414 = CARTESIAN_POINT('',(-0.49945030286,-49.92723396578));
#5415 = CARTESIAN_POINT('',(-0.570999855017,-49.92698658848));
#5416 = CARTESIAN_POINT('',(-0.642520628475,-49.92649658774));
#5417 = CARTESIAN_POINT('',(-0.713987797435,-49.92575811661));
#5418 = CARTESIAN_POINT('',(-0.761600427399,-49.92509625729));
#5419 = CARTESIAN_POINT('',(-0.785398163397,-49.92472196677));
#5420 = ( GEOMETRIC_REPRESENTATION_CONTEXT(2) 
PARAMETRIC_REPRESENTATION_CONTEXT() REPRESENTATION_CONTEXT('2D SPACE',''
  ) );
#5421 = ORIENTED_EDGE('',*,*,#5422,.F.);
#5422 = EDGE_CURVE('',#5125,#5374,#5423,.T.);
#5423 = SURFACE_CURVE('',#5424,(#5438,#5445),.PCURVE_S1.);
#5424 = B_SPLINE_CURVE_WITH_KNOTS('',3,(#5425,#5426,#5427,#5428,#5429,
    #5430,#5431,#5432,#5433,#5434,#5435,#5436,#5437),.UNSPECIFIED.,.F.,
  .F.,(4,1,1,1,1,1,1,1,1,1,4),(3.5715125359E-02,0.386195267125,
    0.772390534249,1.158585801374,1.351683434936,1.544781068498,
    1.930976335623,2.317171602748,3.089562136997,3.861952671246,
    5.404274200436),.UNSPECIFIED.);
#5425 = CARTESIAN_POINT('',(-65.68808191725,-102.0000159256,10.));
#5426 = CARTESIAN_POINT('',(-66.82200918136,-101.7188436052,10.));
#5427 = CARTESIAN_POINT('',(-69.19316447733,-101.0787271537,10.));
#5428 = CARTESIAN_POINT('',(-72.7360318855,-99.86127408015,10.));
#5429 = CARTESIAN_POINT('',(-75.63805735602,-98.44069882476,10.));
#5430 = CARTESIAN_POINT('',(-77.72219639751,-96.9201275642,10.));
#5431 = CARTESIAN_POINT('',(-79.56341271187,-95.10423392019,10.));
#5432 = CARTESIAN_POINT('',(-81.25567787621,-92.32983465997,10.));
#5433 = CARTESIAN_POINT('',(-82.93794436085,-87.45061037174,10.));
#5434 = CARTESIAN_POINT('',(-84.06801701969,-81.09665392354,10.));
#5435 = CARTESIAN_POINT('',(-85.11367183956,-70.8593140003,10.));
#5436 = CARTESIAN_POINT('',(-85.51009029264,-63.16111045626,10.));
#5437 = CARTESIAN_POINT('',(-85.72906229557,-58.02472024378,10.));
#5438 = PCURVE('',#903,#5439);
#5439 = DEFINITIONAL_REPRESENTATION('',(#5440),#5444);
#5440 = LINE('',#5441,#5442);
#5441 = CARTESIAN_POINT('',(-8.591320966927E-15,1.755540157689E-15));
#5442 = VECTOR('',#5443,1.);
#5443 = DIRECTION('',(3.68624885121E-16,1.));
#5444 = ( GEOMETRIC_REPRESENTATION_CONTEXT(2) 
PARAMETRIC_REPRESENTATION_CONTEXT() REPRESENTATION_CONTEXT('2D SPACE',''
  ) );
#5445 = PCURVE('',#94,#5446);
#5446 = DEFINITIONAL_REPRESENTATION('',(#5447),#5461);
#5447 = B_SPLINE_CURVE_WITH_KNOTS('',3,(#5448,#5449,#5450,#5451,#5452,
    #5453,#5454,#5455,#5456,#5457,#5458,#5459,#5460),.UNSPECIFIED.,.F.,
  .F.,(4,1,1,1,1,1,1,1,1,1,4),(3.5715125359E-02,0.386195267125,
    0.772390534249,1.158585801374,1.351683434936,1.544781068498,
    1.930976335623,2.317171602748,3.089562136997,3.861952671246,
    5.404274200436),.UNSPECIFIED.);
#5448 = CARTESIAN_POINT('',(-65.68808216546,-65.00001615659));
#5449 = CARTESIAN_POINT('',(-66.82200942958,-64.71884383619));
#5450 = CARTESIAN_POINT('',(-69.19316472554,-64.07872738468));
#5451 = CARTESIAN_POINT('',(-72.73603213371,-62.86127431111));
#5452 = CARTESIAN_POINT('',(-75.63805760423,-61.44069905573));
#5453 = CARTESIAN_POINT('',(-77.72219664572,-59.92012779517));
#5454 = CARTESIAN_POINT('',(-79.56341296009,-58.10423415115));
#5455 = CARTESIAN_POINT('',(-81.25567812442,-55.32983489094));
#5456 = CARTESIAN_POINT('',(-82.93794460906,-50.45061060271));
#5457 = CARTESIAN_POINT('',(-84.0680172679,-44.09665415451));
#5458 = CARTESIAN_POINT('',(-85.11367208777,-33.85931423127));
#5459 = CARTESIAN_POINT('',(-85.51009054085,-26.16111068723));
#5460 = CARTESIAN_POINT('',(-85.72906254378,-21.02472047475));
#5461 = ( GEOMETRIC_REPRESENTATION_CONTEXT(2) 
PARAMETRIC_REPRESENTATION_CONTEXT() REPRESENTATION_CONTEXT('2D SPACE',''
  ) );
#5462 = ADVANCED_FACE('',(#5463),#1014,.T.);
#5463 = FACE_BOUND('',#5464,.T.);
#5464 = EDGE_LOOP('',(#5465,#5466,#5489,#5533));
#5465 = ORIENTED_EDGE('',*,*,#5373,.F.);
#5466 = ORIENTED_EDGE('',*,*,#5467,.T.);
#5467 = EDGE_CURVE('',#5374,#5468,#5470,.T.);
#5468 = VERTEX_POINT('',#5469);
#5469 = CARTESIAN_POINT('',(-87.85009843425,22.974369848629,10.));
#5470 = SURFACE_CURVE('',#5471,(#5475,#5482),.PCURVE_S1.);
#5471 = LINE('',#5472,#5473);
#5472 = CARTESIAN_POINT('',(-87.03529556148,-8.141696493053,10.));
#5473 = VECTOR('',#5474,1.);
#5474 = DIRECTION('',(-2.617694830787E-02,0.999657324976,0.));
#5475 = PCURVE('',#1014,#5476);
#5476 = DEFINITIONAL_REPRESENTATION('',(#5477),#5481);
#5477 = LINE('',#5478,#5479);
#5478 = CARTESIAN_POINT('',(0.785398163397,-7.105427357601E-15));
#5479 = VECTOR('',#5480,1.);
#5480 = DIRECTION('',(2.055287122795E-17,1.));
#5481 = ( GEOMETRIC_REPRESENTATION_CONTEXT(2) 
PARAMETRIC_REPRESENTATION_CONTEXT() REPRESENTATION_CONTEXT('2D SPACE',''
  ) );
#5482 = PCURVE('',#94,#5483);
#5483 = DEFINITIONAL_REPRESENTATION('',(#5484),#5488);
#5484 = LINE('',#5485,#5486);
#5485 = CARTESIAN_POINT('',(-87.03529580969,28.858303275979));
#5486 = VECTOR('',#5487,1.);
#5487 = DIRECTION('',(-2.617694830787E-02,0.999657324976));
#5488 = ( GEOMETRIC_REPRESENTATION_CONTEXT(2) 
PARAMETRIC_REPRESENTATION_CONTEXT() REPRESENTATION_CONTEXT('2D SPACE',''
  ) );
#5489 = ORIENTED_EDGE('',*,*,#5490,.T.);
#5490 = EDGE_CURVE('',#5468,#999,#5491,.T.);
#5491 = SURFACE_CURVE('',#5492,(#5497,#5504),.PCURVE_S1.);
#5492 = CIRCLE('',#5493,3.);
#5493 = AXIS2_PLACEMENT_3D('',#5494,#5495,#5496);
#5494 = CARTESIAN_POINT('',(-87.85009843425,22.974369848629,7.));
#5495 = DIRECTION('',(2.617694830787E-02,-0.999657324976,0.));
#5496 = DIRECTION('',(0.,0.,1.));
#5497 = PCURVE('',#1014,#5498);
#5498 = DEFINITIONAL_REPRESENTATION('',(#5499),#5503);
#5499 = LINE('',#5500,#5501);
#5500 = CARTESIAN_POINT('',(0.785398163397,31.126732695569));
#5501 = VECTOR('',#5502,1.);
#5502 = DIRECTION('',(-1.,0.));
#5503 = ( GEOMETRIC_REPRESENTATION_CONTEXT(2) 
PARAMETRIC_REPRESENTATION_CONTEXT() REPRESENTATION_CONTEXT('2D SPACE',''
  ) );
#5504 = PCURVE('',#1043,#5505);
#5505 = DEFINITIONAL_REPRESENTATION('',(#5506),#5532);
#5506 = B_SPLINE_CURVE_WITH_KNOTS('',3,(#5507,#5508,#5509,#5510,#5511,
    #5512,#5513,#5514,#5515,#5516,#5517,#5518,#5519,#5520,#5521,#5522,
    #5523,#5524,#5525,#5526,#5527,#5528,#5529,#5530,#5531),
  .UNSPECIFIED.,.F.,.F.,(4,1,1,1,1,1,1,1,1,1,1,1,1,1,1,1,1,1,1,1,1,1,4),
  (0.,7.139983303613E-02,0.142799666072,0.214199499108,0.285599332145,
    0.356999165181,0.428398998217,0.499798831253,0.571198664289,
    0.642598497325,0.713998330361,0.785398163397,0.856797996434,
    0.92819782947,0.999597662506,1.070997495542,1.142397328578,
    1.213797161614,1.28519699465,1.356596827687,1.427996660723,
    1.499396493759,1.570796326795),.QUASI_UNIFORM_KNOTS.);
#5507 = CARTESIAN_POINT('',(6.28318530718,-1.025567684706));
#5508 = CARTESIAN_POINT('',(6.257281230534,-1.005931420227));
#5509 = CARTESIAN_POINT('',(6.210218798242,-0.965829955555));
#5510 = CARTESIAN_POINT('',(6.151201300054,-0.903686820972));
#5511 = CARTESIAN_POINT('',(6.100799625198,-0.840112747217));
#5512 = CARTESIAN_POINT('',(6.057101046341,-0.775443281792));
#5513 = CARTESIAN_POINT('',(6.018611036097,-0.709936017829));
#5514 = CARTESIAN_POINT('',(5.984222918438,-0.643776010245));
#5515 = CARTESIAN_POINT('',(5.953084229105,-0.577103450835));
#5516 = CARTESIAN_POINT('',(5.924532657855,-0.510025546366));
#5517 = CARTESIAN_POINT('',(5.898042711869,-0.442626357298));
#5518 = CARTESIAN_POINT('',(5.87318976304,-0.374973129387));
#5519 = CARTESIAN_POINT('',(5.849623362875,-0.307120907462));
#5520 = CARTESIAN_POINT('',(5.827047660861,-0.23911584395));
#5521 = CARTESIAN_POINT('',(5.805206528726,-0.170997672632));
#5522 = CARTESIAN_POINT('',(5.783871964199,-0.10280160912));
#5523 = CARTESIAN_POINT('',(5.762834692459,-3.455987348087E-02));
#5524 = CARTESIAN_POINT('',(5.741896163677,3.369702497757E-02));
#5525 = CARTESIAN_POINT('',(5.720861376598,0.101939142308));
#5526 = CARTESIAN_POINT('',(5.69953179793,0.170135971601));
#5527 = CARTESIAN_POINT('',(5.67769862385,0.238255368849));
#5528 = CARTESIAN_POINT('',(5.65513306493,0.306261989718));
#5529 = CARTESIAN_POINT('',(5.631583442927,0.374116823474));
#5530 = CARTESIAN_POINT('',(5.615020789065,0.419219853248));
#5531 = CARTESIAN_POINT('',(5.606474811024,0.441730354919));
#5532 = ( GEOMETRIC_REPRESENTATION_CONTEXT(2) 
PARAMETRIC_REPRESENTATION_CONTEXT() REPRESENTATION_CONTEXT('2D SPACE',''
  ) );
#5533 = ORIENTED_EDGE('',*,*,#998,.F.);
#5534 = ADVANCED_FACE('',(#5535),#769,.F.);
#5535 = FACE_BOUND('',#5536,.F.);
#5536 = EDGE_LOOP('',(#5537,#5785,#5826,#5872));
#5537 = ORIENTED_EDGE('',*,*,#5538,.F.);
#5538 = EDGE_CURVE('',#5539,#754,#5541,.T.);
#5539 = VERTEX_POINT('',#5540);
#5540 = CARTESIAN_POINT('',(65.688077968282,-102.,10.));
#5541 = SURFACE_CURVE('',#5542,(#5595,#5690),.PCURVE_S1.);
#5542 = B_SPLINE_CURVE_WITH_KNOTS('',3,(#5543,#5544,#5545,#5546,#5547,
    #5548,#5549,#5550,#5551,#5552,#5553,#5554,#5555,#5556,#5557,#5558,
    #5559,#5560,#5561,#5562,#5563,#5564,#5565,#5566,#5567,#5568,#5569,
    #5570,#5571,#5572,#5573,#5574,#5575,#5576,#5577,#5578,#5579,#5580,
    #5581,#5582,#5583,#5584,#5585,#5586,#5587,#5588,#5589,#5590,#5591,
    #5592,#5593,#5594),.UNSPECIFIED.,.F.,.F.,(4,3,3,3,3,3,3,3,3,3,3,3,3,
    3,3,3,3,4),(-7.86988039027E-04,0.,3.060671322345E-02,
    6.12134264469E-02,9.196091528937E-02,0.122389362503,0.15319945559,
    0.183988256281,0.214126424959,0.240136273205,0.270557137706,
    0.300840787204,0.33140458401,0.357012412244,0.387523833798,
    0.418067259965,0.448004923743,0.473454239305),.UNSPECIFIED.);
#5543 = CARTESIAN_POINT('',(65.688182314052,-102.0001050755,10.));
#5544 = CARTESIAN_POINT('',(65.688500233638,-102.0027088829,10.));
#5545 = CARTESIAN_POINT('',(65.688818126503,-102.0053126113,
    9.999996376745));
#5546 = CARTESIAN_POINT('',(65.689135992096,-102.007916255,
    9.999989134198));
#5547 = CARTESIAN_POINT('',(65.701498087285,-102.1091744347,
    9.999707464668));
#5548 = CARTESIAN_POINT('',(65.713804071639,-102.210180724,
    9.993956682668));
#5549 = CARTESIAN_POINT('',(65.726021298571,-102.3106072411,
    9.982980551296));
#5550 = CARTESIAN_POINT('',(65.738238525502,-102.4110337583,
    9.972004419924));
#5551 = CARTESIAN_POINT('',(65.750367185205,-102.5108812597,
    9.955802542532));
#5552 = CARTESIAN_POINT('',(65.762374196534,-102.6098153032,
    9.934565334385));
#5553 = CARTESIAN_POINT('',(65.774436434127,-102.7092043939,
    9.91323044567));
#5554 = CARTESIAN_POINT('',(65.786346428626,-102.8074287389,
    9.886866086189));
#5555 = CARTESIAN_POINT('',(65.798069506642,-102.9041538766,
    9.855687515417));
#5556 = CARTESIAN_POINT('',(65.809670943834,-102.9998753763,
    9.82483245926));
#5557 = CARTESIAN_POINT('',(65.821089507819,-103.0941293418,
    9.789262105731));
#5558 = CARTESIAN_POINT('',(65.832288553035,-103.1865755214,
    9.749137581106));
#5559 = CARTESIAN_POINT('',(65.843628061199,-103.2801811984,
    9.708509798489));
#5560 = CARTESIAN_POINT('',(65.854701184799,-103.3715898578,
    9.663362179743));
#5561 = CARTESIAN_POINT('',(65.86546976893,-103.4604740388,
    9.613914718893));
#5562 = CARTESIAN_POINT('',(65.876230911053,-103.5492967933,
    9.564501430447));
#5563 = CARTESIAN_POINT('',(65.886688131245,-103.6355993295,
    9.510793810823));
#5564 = CARTESIAN_POINT('',(65.896798907118,-103.7190346592,
    9.452963753931));
#5565 = CARTESIAN_POINT('',(65.906696021065,-103.8007068251,
    9.39635576758));
#5566 = CARTESIAN_POINT('',(65.91626133845,-103.8796323052,
    9.335797220886));
#5567 = CARTESIAN_POINT('',(65.925448112735,-103.955456144,
    9.271410863886));
#5568 = CARTESIAN_POINT('',(65.933376484481,-104.0208936483,
    9.215844137433));
#5569 = CARTESIAN_POINT('',(65.941022877644,-104.084020848,
    9.157425710038));
#5570 = CARTESIAN_POINT('',(65.9483516056,-104.1445859262,9.09621479221)
  );
#5571 = CARTESIAN_POINT('',(65.956923214245,-104.2154222501,
    9.024623100495));
#5572 = CARTESIAN_POINT('',(65.965018243183,-104.2824067091,
    8.949563262562));
#5573 = CARTESIAN_POINT('',(65.972585632268,-104.34521045,8.871202147708
    ));
#5574 = CARTESIAN_POINT('',(65.980118888224,-104.4077309112,
    8.793194485022));
#5575 = CARTESIAN_POINT('',(65.987129449473,-104.4661089764,
    8.711914839955));
#5576 = CARTESIAN_POINT('',(65.993623590452,-104.5202537951,
    8.627765636681));
#5577 = CARTESIAN_POINT('',(66.000177807285,-104.5748994954,
    8.542837987839));
#5578 = CARTESIAN_POINT('',(66.006206095779,-104.6252336193,
    8.454986616894));
#5579 = CARTESIAN_POINT('',(66.011703504786,-104.6711188233,
    8.364598146473));
#5580 = CARTESIAN_POINT('',(66.016309500123,-104.709563668,
    8.288866311206));
#5581 = CARTESIAN_POINT('',(66.020542648638,-104.7448847412,
    8.211352722436));
#5582 = CARTESIAN_POINT('',(66.02439325153,-104.7769750852,
    8.132276837416));
#5583 = CARTESIAN_POINT('',(66.028981198895,-104.815210347,
    8.038058864672));
#5584 = CARTESIAN_POINT('',(66.03300304462,-104.8486660801,
    7.942102281254));
#5585 = CARTESIAN_POINT('',(66.036450778099,-104.8772604137,
    7.844819764048));
#5586 = CARTESIAN_POINT('',(66.039902128039,-104.9058847411,
    7.747435203435));
#5587 = CARTESIAN_POINT('',(66.042778231226,-104.9296377424,
    7.648721036595));
#5588 = CARTESIAN_POINT('',(66.045058700474,-104.9483911623,
    7.549070074614));
#5589 = CARTESIAN_POINT('',(66.047293941577,-104.966772649,
    7.451395472607));
#5590 = CARTESIAN_POINT('',(66.048956968623,-104.9803510106,
    7.352820015353));
#5591 = CARTESIAN_POINT('',(66.0500160644,-104.9889585669,7.253706210245
    ));
#5592 = CARTESIAN_POINT('',(66.050916377225,-104.9962756515,
    7.169451856885));
#5593 = CARTESIAN_POINT('',(66.051380089541,-105.,7.084808086945));
#5594 = CARTESIAN_POINT('',(66.051380089541,-105.,7.));
#5595 = PCURVE('',#769,#5596);
#5596 = DEFINITIONAL_REPRESENTATION('',(#5597),#5689);
#5597 = B_SPLINE_CURVE_WITH_KNOTS('',3,(#5598,#5599,#5600,#5601,#5602,
    #5603,#5604,#5605,#5606,#5607,#5608,#5609,#5610,#5611,#5612,#5613,
    #5614,#5615,#5616,#5617,#5618,#5619,#5620,#5621,#5622,#5623,#5624,
    #5625,#5626,#5627,#5628,#5629,#5630,#5631,#5632,#5633,#5634,#5635,
    #5636,#5637,#5638,#5639,#5640,#5641,#5642,#5643,#5644,#5645,#5646,
    #5647,#5648,#5649,#5650,#5651,#5652,#5653,#5654,#5655,#5656,#5657,
    #5658,#5659,#5660,#5661,#5662,#5663,#5664,#5665,#5666,#5667,#5668,
    #5669,#5670,#5671,#5672,#5673,#5674,#5675,#5676,#5677,#5678,#5679,
    #5680,#5681,#5682,#5683,#5684,#5685,#5686,#5687,#5688),
  .UNSPECIFIED.,.F.,.F.,(4,1,1,1,1,1,1,1,1,1,1,1,1,1,1,1,1,1,1,1,1,1,1,1
    ,1,1,1,1,1,1,1,1,1,1,1,1,1,1,1,1,1,1,1,1,1,1,1,1,1,1,1,1,1,1,1,1,1,1
    ,1,1,1,1,1,1,1,1,1,1,1,1,1,1,1,1,1,1,1,1,1,1,1,1,1,1,1,1,1,1,4),(
    -7.86988039027E-04,4.602116817151E-03,9.991221673328E-03,
    1.538032652951E-02,2.076943138568E-02,2.615853624186E-02,
    3.154764109804E-02,3.693674595422E-02,4.232585081039E-02,
    4.771495566657E-02,5.310406052275E-02,5.849316537893E-02,
    6.38822702351E-02,6.927137509128E-02,7.466047994746E-02,
    8.004958480364E-02,8.543868965981E-02,9.082779451599E-02,
    9.621689937217E-02,0.101606004228,0.106995109085,0.112384213941,
    0.117773318797,0.123162423653,0.128551528509,0.133940633365,
    0.139329738222,0.144718843078,0.150107947934,0.15549705279,
    0.160886157646,0.166275262502,0.171664367359,0.177053472215,
    0.182442577071,0.187831681927,0.193220786783,0.19860989164,
    0.203998996496,0.209388101352,0.214777206208,0.220166311064,
    0.22555541592,0.230944520777,0.236333625633,0.241722730489,
    0.247111835345,0.252500940201,0.257890045057,0.263279149914,
    0.26866825477,0.274057359626,0.279446464482,0.284835569338,
    0.290224674195,0.295613779051,0.301002883907,0.306391988763,
    0.311781093619,0.317170198475,0.322559303332,0.327948408188,
    0.333337513044,0.3387266179,0.344115722756,0.349504827613,
    0.354893932469,0.360283037325,0.365672142181,0.371061247037,
    0.376450351893,0.38183945675,0.387228561606,0.392617666462,
    0.398006771318,0.403395876174,0.40878498103,0.414174085887,
    0.419563190743,0.424952295599,0.430341400455,0.435730505311,
    0.441119610168,0.446508715024,0.45189781988,0.457286924736,
    0.462676029592,0.468065134448,0.473454239305),.UNSPECIFIED.);
#5598 = CARTESIAN_POINT('',(0.,5.371128095922));
#5599 = CARTESIAN_POINT('',(3.784082860201E-03,5.371346002159));
#5600 = CARTESIAN_POINT('',(1.135064953622E-02,5.37178151066));
#5601 = CARTESIAN_POINT('',(2.269656030629E-02,5.372433708911));
#5602 = CARTESIAN_POINT('',(3.403936335836E-02,5.373084688287));
#5603 = CARTESIAN_POINT('',(4.537998248964E-02,5.373734300689));
#5604 = CARTESIAN_POINT('',(5.671931570386E-02,5.374382397142));
#5605 = CARTESIAN_POINT('',(6.805825226265E-02,5.375028829957));
#5606 = CARTESIAN_POINT('',(7.939770323582E-02,5.375673451157));
#5607 = CARTESIAN_POINT('',(9.073856756217E-02,5.376316110382));
#5608 = CARTESIAN_POINT('',(0.10208171575,5.376956656763));
#5609 = CARTESIAN_POINT('',(0.113428134167,5.377594945816));
#5610 = CARTESIAN_POINT('',(0.124778416333,5.378230811946));
#5611 = CARTESIAN_POINT('',(0.136134635187,5.378864171463));
#5612 = CARTESIAN_POINT('',(0.147486187711,5.37949423993));
#5613 = CARTESIAN_POINT('',(0.158835072004,5.380120941583));
#5614 = CARTESIAN_POINT('',(0.170181903378,5.380744122903));
#5615 = CARTESIAN_POINT('',(0.181527665445,5.381363651902));
#5616 = CARTESIAN_POINT('',(0.192873236085,5.381979391504));
#5617 = CARTESIAN_POINT('',(0.204219515471,5.38259120666));
#5618 = CARTESIAN_POINT('',(0.215567434911,5.383198960772));
#5619 = CARTESIAN_POINT('',(0.226917816326,5.38380251319));
#5620 = CARTESIAN_POINT('',(0.238271799775,5.384401739451));
#5621 = CARTESIAN_POINT('',(0.249629410342,5.384996457452));
#5622 = CARTESIAN_POINT('',(0.260994852495,5.385586702444));
#5623 = CARTESIAN_POINT('',(0.272355849907,5.3861716539));
#5624 = CARTESIAN_POINT('',(0.283708253943,5.386750936398));
#5625 = CARTESIAN_POINT('',(0.295054340221,5.387324508197));
#5626 = CARTESIAN_POINT('',(0.306394650983,5.387892238562));
#5627 = CARTESIAN_POINT('',(0.317730181402,5.388454020935));
#5628 = CARTESIAN_POINT('',(0.329061776969,5.38900974284));
#5629 = CARTESIAN_POINT('',(0.340390365119,5.389559292837));
#5630 = CARTESIAN_POINT('',(0.351716847496,5.390102558367));
#5631 = CARTESIAN_POINT('',(0.363042128658,5.39063942746));
#5632 = CARTESIAN_POINT('',(0.374367113596,5.391169788316));
#5633 = CARTESIAN_POINT('',(0.385692703087,5.391693529362));
#5634 = CARTESIAN_POINT('',(0.397019799656,5.392210539368));
#5635 = CARTESIAN_POINT('',(0.408349317667,5.39272070616));
#5636 = CARTESIAN_POINT('',(0.41968213615,5.393223917588));
#5637 = CARTESIAN_POINT('',(0.431019156155,5.39372006174));
#5638 = CARTESIAN_POINT('',(0.442361287563,5.394209026927));
#5639 = CARTESIAN_POINT('',(0.453709436745,5.39469070142));
#5640 = CARTESIAN_POINT('',(0.465064552255,5.395164974421));
#5641 = CARTESIAN_POINT('',(0.476427419825,5.395631730527));
#5642 = CARTESIAN_POINT('',(0.487799245394,5.396090869923));
#5643 = CARTESIAN_POINT('',(0.499179756534,5.396542235826));
#5644 = CARTESIAN_POINT('',(0.510574282747,5.396985884473));
#5645 = CARTESIAN_POINT('',(0.521962161556,5.397420879413));
#5646 = CARTESIAN_POINT('',(0.533342177538,5.397847070444));
#5647 = CARTESIAN_POINT('',(0.54471582549,5.398264407022));
#5648 = CARTESIAN_POINT('',(0.556083863185,5.398672811698));
#5649 = CARTESIAN_POINT('',(0.567447232536,5.399072214079));
#5650 = CARTESIAN_POINT('',(0.578806803253,5.399462541454));
#5651 = CARTESIAN_POINT('',(0.590163508243,5.399843722031));
#5652 = CARTESIAN_POINT('',(0.601518254616,5.400215684774));
#5653 = CARTESIAN_POINT('',(0.612871955853,5.400578358069));
#5654 = CARTESIAN_POINT('',(0.624225523839,5.400931670009));
#5655 = CARTESIAN_POINT('',(0.635579857586,5.401275548314));
#5656 = CARTESIAN_POINT('',(0.646935876705,5.401609920327));
#5657 = CARTESIAN_POINT('',(0.658294486783,5.40193471511));
#5658 = CARTESIAN_POINT('',(0.669656582272,5.402249861366));
#5659 = CARTESIAN_POINT('',(0.681023073404,5.402555287403));
#5660 = CARTESIAN_POINT('',(0.692394875312,5.402850921211));
#5661 = CARTESIAN_POINT('',(0.703772907896,5.403136690115));
#5662 = CARTESIAN_POINT('',(0.715158095911,5.403412522246));
#5663 = CARTESIAN_POINT('',(0.726551308816,5.403678346663));
#5664 = CARTESIAN_POINT('',(0.737953470465,5.403934091771));
#5665 = CARTESIAN_POINT('',(0.749365420664,5.404179685405));
#5666 = CARTESIAN_POINT('',(0.760788384199,5.404415055792));
#5667 = CARTESIAN_POINT('',(0.77219956202,5.404639669893));
#5668 = CARTESIAN_POINT('',(0.783603701144,5.404853586965));
#5669 = CARTESIAN_POINT('',(0.795000701208,5.405056760322));
#5670 = CARTESIAN_POINT('',(0.80639174582,5.405249170898));
#5671 = CARTESIAN_POINT('',(0.817777649873,5.405430791514));
#5672 = CARTESIAN_POINT('',(0.829159323573,5.405601596242));
#5673 = CARTESIAN_POINT('',(0.840537698443,5.405761561404));
#5674 = CARTESIAN_POINT('',(0.851913683737,5.40591066308));
#5675 = CARTESIAN_POINT('',(0.863288193812,5.406048876622));
#5676 = CARTESIAN_POINT('',(0.87466214045,5.406176176858));
#5677 = CARTESIAN_POINT('',(0.886036421079,5.406292537716));
#5678 = CARTESIAN_POINT('',(0.897411965772,5.406397933564));
#5679 = CARTESIAN_POINT('',(0.908789668978,5.406492341209));
#5680 = CARTESIAN_POINT('',(0.920170433635,5.406575736366));
#5681 = CARTESIAN_POINT('',(0.931555173204,5.406648094186));
#5682 = CARTESIAN_POINT('',(0.942944804481,5.40670938923));
#5683 = CARTESIAN_POINT('',(0.954340256684,5.406759595003));
#5684 = CARTESIAN_POINT('',(0.965742432787,5.406798687716));
#5685 = CARTESIAN_POINT('',(0.977152216922,5.406826643432));
#5686 = CARTESIAN_POINT('',(0.988570520324,5.406843437421));
#5687 = CARTESIAN_POINT('',(0.996189021078,5.406847175145));
#5688 = CARTESIAN_POINT('',(1.,5.406847175205));
#5689 = ( GEOMETRIC_REPRESENTATION_CONTEXT(2) 
PARAMETRIC_REPRESENTATION_CONTEXT() REPRESENTATION_CONTEXT('2D SPACE',''
  ) );
#5690 = PCURVE('',#875,#5691);
#5691 = DEFINITIONAL_REPRESENTATION('',(#5692),#5784);
#5692 = B_SPLINE_CURVE_WITH_KNOTS('',3,(#5693,#5694,#5695,#5696,#5697,
    #5698,#5699,#5700,#5701,#5702,#5703,#5704,#5705,#5706,#5707,#5708,
    #5709,#5710,#5711,#5712,#5713,#5714,#5715,#5716,#5717,#5718,#5719,
    #5720,#5721,#5722,#5723,#5724,#5725,#5726,#5727,#5728,#5729,#5730,
    #5731,#5732,#5733,#5734,#5735,#5736,#5737,#5738,#5739,#5740,#5741,
    #5742,#5743,#5744,#5745,#5746,#5747,#5748,#5749,#5750,#5751,#5752,
    #5753,#5754,#5755,#5756,#5757,#5758,#5759,#5760,#5761,#5762,#5763,
    #5764,#5765,#5766,#5767,#5768,#5769,#5770,#5771,#5772,#5773,#5774,
    #5775,#5776,#5777,#5778,#5779,#5780,#5781,#5782,#5783),
  .UNSPECIFIED.,.F.,.F.,(4,1,1,1,1,1,1,1,1,1,1,1,1,1,1,1,1,1,1,1,1,1,1,1
    ,1,1,1,1,1,1,1,1,1,1,1,1,1,1,1,1,1,1,1,1,1,1,1,1,1,1,1,1,1,1,1,1,1,1
    ,1,1,1,1,1,1,1,1,1,1,1,1,1,1,1,1,1,1,1,1,1,1,1,1,1,1,1,1,1,1,4),(
    -7.86988039027E-04,4.602116817151E-03,9.991221673328E-03,
    1.538032652951E-02,2.076943138568E-02,2.615853624186E-02,
    3.154764109804E-02,3.693674595422E-02,4.232585081039E-02,
    4.771495566657E-02,5.310406052275E-02,5.849316537893E-02,
    6.38822702351E-02,6.927137509128E-02,7.466047994746E-02,
    8.004958480364E-02,8.543868965981E-02,9.082779451599E-02,
    9.621689937217E-02,0.101606004228,0.106995109085,0.112384213941,
    0.117773318797,0.123162423653,0.128551528509,0.133940633365,
    0.139329738222,0.144718843078,0.150107947934,0.15549705279,
    0.160886157646,0.166275262502,0.171664367359,0.177053472215,
    0.182442577071,0.187831681927,0.193220786783,0.19860989164,
    0.203998996496,0.209388101352,0.214777206208,0.220166311064,
    0.22555541592,0.230944520777,0.236333625633,0.241722730489,
    0.247111835345,0.252500940201,0.257890045057,0.263279149914,
    0.26866825477,0.274057359626,0.279446464482,0.284835569338,
    0.290224674195,0.295613779051,0.301002883907,0.306391988763,
    0.311781093619,0.317170198475,0.322559303332,0.327948408188,
    0.333337513044,0.3387266179,0.344115722756,0.349504827613,
    0.354893932469,0.360283037325,0.365672142181,0.371061247037,
    0.376450351893,0.38183945675,0.387228561606,0.392617666462,
    0.398006771318,0.403395876174,0.40878498103,0.414174085887,
    0.419563190743,0.424952295599,0.430341400455,0.435730505311,
    0.441119610168,0.446508715024,0.45189781988,0.457286924736,
    0.462676029592,0.468065134448,0.473454239305),.UNSPECIFIED.);
#5693 = CARTESIAN_POINT('',(7.068548445392,-98.71387223471));
#5694 = CARTESIAN_POINT('',(7.062604719439,-98.71604938812));
#5695 = CARTESIAN_POINT('',(7.050722197484,-98.72040028707));
#5696 = CARTESIAN_POINT('',(7.032910293626,-98.72691531671));
#5697 = CARTESIAN_POINT('',(7.015107334909,-98.73341791798));
#5698 = CARTESIAN_POINT('',(6.997310468416,-98.73990703193));
#5699 = CARTESIAN_POINT('',(6.979517021313,-98.74638158834));
#5700 = CARTESIAN_POINT('',(6.961724488054,-98.75284051134));
#5701 = CARTESIAN_POINT('',(6.943930473545,-98.75928276216));
#5702 = CARTESIAN_POINT('',(6.926132742791,-98.76570726998));
#5703 = CARTESIAN_POINT('',(6.908329236495,-98.77211293619));
#5704 = CARTESIAN_POINT('',(6.890517839347,-98.77849872496));
#5705 = CARTESIAN_POINT('',(6.872697172792,-98.7848633772));
#5706 = CARTESIAN_POINT('',(6.854863647586,-98.79120646406));
#5707 = CARTESIAN_POINT('',(6.837033693415,-98.79752045759));
#5708 = CARTESIAN_POINT('',(6.819204059076,-98.80380484332));
#5709 = CARTESIAN_POINT('',(6.801373759267,-98.81005833858));
#5710 = CARTESIAN_POINT('',(6.783541319292,-98.81627986778));
#5711 = CARTESIAN_POINT('',(6.765705512207,-98.82246829517));
#5712 = CARTESIAN_POINT('',(6.747865151858,-98.82862251852));
#5713 = CARTESIAN_POINT('',(6.730019072686,-98.83474137675));
#5714 = CARTESIAN_POINT('',(6.712166340427,-98.84082360314));
#5715 = CARTESIAN_POINT('',(6.694305574825,-98.84686810241));
#5716 = CARTESIAN_POINT('',(6.676437197537,-98.85287319353));
#5717 = CARTESIAN_POINT('',(6.658555093962,-98.85883936705));
#5718 = CARTESIAN_POINT('',(6.640679118742,-98.86475854472));
#5719 = CARTESIAN_POINT('',(6.622816356931,-98.87062686445));
#5720 = CARTESIAN_POINT('',(6.60496379831,-98.8764438076));
#5721 = CARTESIAN_POINT('',(6.587121167907,-98.88220796023));
#5722 = CARTESIAN_POINT('',(6.569287478314,-98.88791814613));
#5723 = CARTESIAN_POINT('',(6.551461971505,-98.89357313343));
#5724 = CARTESIAN_POINT('',(6.533643746008,-98.89917168387));
#5725 = CARTESIAN_POINT('',(6.515831914023,-98.90471241141));
#5726 = CARTESIAN_POINT('',(6.498025555549,-98.91019395217));
#5727 = CARTESIAN_POINT('',(6.480223714663,-98.91561493868));
#5728 = CARTESIAN_POINT('',(6.462425399795,-98.92097399567));
#5729 = CARTESIAN_POINT('',(6.444629569412,-98.92626978264));
#5730 = CARTESIAN_POINT('',(6.426835099881,-98.93150078937));
#5731 = CARTESIAN_POINT('',(6.409040855352,-98.93666539059));
#5732 = CARTESIAN_POINT('',(6.391245596768,-98.94176198897));
#5733 = CARTESIAN_POINT('',(6.373447994238,-98.94678897748));
#5734 = CARTESIAN_POINT('',(6.35564664056,-98.95174475989));
#5735 = CARTESIAN_POINT('',(6.337839969735,-98.95662770547));
#5736 = CARTESIAN_POINT('',(6.320026561396,-98.96143585379));
#5737 = CARTESIAN_POINT('',(6.302204234048,-98.96616743173));
#5738 = CARTESIAN_POINT('',(6.284373009404,-98.97082006485));
#5739 = CARTESIAN_POINT('',(6.266524018021,-98.97539359671));
#5740 = CARTESIAN_POINT('',(6.248688967803,-98.97987754775));
#5741 = CARTESIAN_POINT('',(6.230868953119,-98.9842693788));
#5742 = CARTESIAN_POINT('',(6.213060698007,-98.98856761428));
#5743 = CARTESIAN_POINT('',(6.19526193786,-98.99277047639));
#5744 = CARTESIAN_POINT('',(6.177469999648,-98.99687633268));
#5745 = CARTESIAN_POINT('',(6.159682095212,-99.00088327146));
#5746 = CARTESIAN_POINT('',(6.141895639364,-99.00479092462));
#5747 = CARTESIAN_POINT('',(6.124108439493,-99.0085996414));
#5748 = CARTESIAN_POINT('',(6.106318383251,-99.01230959715));
#5749 = CARTESIAN_POINT('',(6.088523505804,-99.01592101417));
#5750 = CARTESIAN_POINT('',(6.070721983221,-99.01943410084));
#5751 = CARTESIAN_POINT('',(6.052912077258,-99.02284907427));
#5752 = CARTESIAN_POINT('',(6.035092174484,-99.02616577446));
#5753 = CARTESIAN_POINT('',(6.017260783205,-99.02938403711));
#5754 = CARTESIAN_POINT('',(5.999416483813,-99.03250370234));
#5755 = CARTESIAN_POINT('',(5.981557938342,-99.03552459689));
#5756 = CARTESIAN_POINT('',(5.963683884436,-99.0384465966));
#5757 = CARTESIAN_POINT('',(5.945793123958,-99.04126935879));
#5758 = CARTESIAN_POINT('',(5.92788461061,-99.04399229849));
#5759 = CARTESIAN_POINT('',(5.909957274724,-99.04661488682));
#5760 = CARTESIAN_POINT('',(5.892010233177,-99.04913657002));
#5761 = CARTESIAN_POINT('',(5.874042041668,-99.05155683776));
#5762 = CARTESIAN_POINT('',(5.856089095608,-99.05387033104));
#5763 = CARTESIAN_POINT('',(5.838144494183,-99.05607761025));
#5764 = CARTESIAN_POINT('',(5.820208976583,-99.05817818908));
#5765 = CARTESIAN_POINT('',(5.802281271809,-99.06017186336));
#5766 = CARTESIAN_POINT('',(5.784360689617,-99.0620583471));
#5767 = CARTESIAN_POINT('',(5.766446383161,-99.06383739935));
#5768 = CARTESIAN_POINT('',(5.748537452153,-99.06550837247));
#5769 = CARTESIAN_POINT('',(5.730633008667,-99.06707058767));
#5770 = CARTESIAN_POINT('',(5.712732126779,-99.06852337656));
#5771 = CARTESIAN_POINT('',(5.694833846659,-99.06986606008));
#5772 = CARTESIAN_POINT('',(5.676937185796,-99.07109799146));
#5773 = CARTESIAN_POINT('',(5.659041055453,-99.07221839727));
#5774 = CARTESIAN_POINT('',(5.641144358359,-99.07322612397));
#5775 = CARTESIAN_POINT('',(5.623245916429,-99.07412007249));
#5776 = CARTESIAN_POINT('',(5.605344459001,-99.07489913235));
#5777 = CARTESIAN_POINT('',(5.5874386265,-99.07556218427));
#5778 = CARTESIAN_POINT('',(5.569526947967,-99.07610815557));
#5779 = CARTESIAN_POINT('',(5.55160789256,-99.07653555575));
#5780 = CARTESIAN_POINT('',(5.533679848863,-99.07684282511));
#5781 = CARTESIAN_POINT('',(5.515741061403,-99.07702842304));
#5782 = CARTESIAN_POINT('',(5.503773404644,-99.0770700102));
#5783 = CARTESIAN_POINT('',(5.497787143782,-99.0770700102));
#5784 = ( GEOMETRIC_REPRESENTATION_CONTEXT(2) 
PARAMETRIC_REPRESENTATION_CONTEXT() REPRESENTATION_CONTEXT('2D SPACE',''
  ) );
#5785 = ORIENTED_EDGE('',*,*,#5786,.F.);
#5786 = EDGE_CURVE('',#5787,#5539,#5789,.T.);
#5787 = VERTEX_POINT('',#5788);
#5788 = CARTESIAN_POINT('',(85.729062184812,-58.02472023903,10.));
#5789 = SURFACE_CURVE('',#5790,(#5803,#5810),.PCURVE_S1.);
#5790 = B_SPLINE_CURVE_WITH_KNOTS('',3,(#5791,#5792,#5793,#5794,#5795,
    #5796,#5797,#5798,#5799,#5800,#5801,#5802),.UNSPECIFIED.,.F.,.F.,(4,
    1,1,1,1,1,1,1,1,4),(2.459537257226E-03,0.772406739315,2.317220217945
    ,3.08962695726,3.475830326918,3.862033696575,4.055135381404,
    4.248237066233,4.63444043589,5.371135701005),.UNSPECIFIED.);
#5791 = CARTESIAN_POINT('',(85.729062043615,-58.02472023301,10.));
#5792 = CARTESIAN_POINT('',(85.619695631391,-60.58887584979,10.));
#5793 = CARTESIAN_POINT('',(85.232338101206,-68.29345128002,10.));
#5794 = CARTESIAN_POINT('',(84.498964387917,-78.54576409793,10.));
#5795 = CARTESIAN_POINT('',(82.943823704513,-87.45155825734,10.));
#5796 = CARTESIAN_POINT('',(81.256543633661,-92.32911418268,10.));
#5797 = CARTESIAN_POINT('',(79.563455718141,-95.10486940132,10.));
#5798 = CARTESIAN_POINT('',(77.722362417795,-96.92006578262,10.));
#5799 = CARTESIAN_POINT('',(75.63825451211,-98.44168118457,10.));
#5800 = CARTESIAN_POINT('',(71.679021021889,-100.3728126657,10.));
#5801 = CARTESIAN_POINT('',(68.072403034662,-101.4104245027,10.));
#5802 = CARTESIAN_POINT('',(65.688108473116,-102.0001233383,10.));
#5803 = PCURVE('',#769,#5804);
#5804 = DEFINITIONAL_REPRESENTATION('',(#5805),#5809);
#5805 = LINE('',#5806,#5807);
#5806 = CARTESIAN_POINT('',(2.907490782168E-15,1.311450947838E-15));
#5807 = VECTOR('',#5808,1.);
#5808 = DIRECTION('',(-3.26046743563E-14,1.));
#5809 = ( GEOMETRIC_REPRESENTATION_CONTEXT(2) 
PARAMETRIC_REPRESENTATION_CONTEXT() REPRESENTATION_CONTEXT('2D SPACE',''
  ) );
#5810 = PCURVE('',#94,#5811);
#5811 = DEFINITIONAL_REPRESENTATION('',(#5812),#5825);
#5812 = B_SPLINE_CURVE_WITH_KNOTS('',3,(#5813,#5814,#5815,#5816,#5817,
    #5818,#5819,#5820,#5821,#5822,#5823,#5824),.UNSPECIFIED.,.F.,.F.,(4,
    1,1,1,1,1,1,1,1,4),(2.459537257226E-03,0.772406739315,2.317220217945
    ,3.08962695726,3.475830326918,3.862033696575,4.055135381404,
    4.248237066233,4.63444043589,5.371135701005),.UNSPECIFIED.);
#5813 = CARTESIAN_POINT('',(85.729061795404,-21.02472046398));
#5814 = CARTESIAN_POINT('',(85.61969538318,-23.58887608075));
#5815 = CARTESIAN_POINT('',(85.232337852995,-31.29345151098));
#5816 = CARTESIAN_POINT('',(84.498964139706,-41.54576432889));
#5817 = CARTESIAN_POINT('',(82.943823456301,-50.45155848831));
#5818 = CARTESIAN_POINT('',(81.256543385449,-55.32911441365));
#5819 = CARTESIAN_POINT('',(79.563455469929,-58.10486963229));
#5820 = CARTESIAN_POINT('',(77.722362169583,-59.92006601359));
#5821 = CARTESIAN_POINT('',(75.638254263898,-61.44168141554));
#5822 = CARTESIAN_POINT('',(71.679020773678,-63.37281289674));
#5823 = CARTESIAN_POINT('',(68.07240278645,-64.41042473371));
#5824 = CARTESIAN_POINT('',(65.688108224905,-65.00012356936));
#5825 = ( GEOMETRIC_REPRESENTATION_CONTEXT(2) 
PARAMETRIC_REPRESENTATION_CONTEXT() REPRESENTATION_CONTEXT('2D SPACE',''
  ) );
#5826 = ORIENTED_EDGE('',*,*,#5827,.F.);
#5827 = EDGE_CURVE('',#726,#5787,#5828,.T.);
#5828 = SURFACE_CURVE('',#5829,(#5837,#5843),.PCURVE_S1.);
#5829 = B_SPLINE_CURVE_WITH_KNOTS('',3,(#5830,#5831,#5832,#5833,#5834,
    #5835,#5836),.UNSPECIFIED.,.F.,.F.,(4,3,4),(0.,0.428572730854,
    1.000003024617),.UNSPECIFIED.);
#5830 = CARTESIAN_POINT('',(88.727390670204,-58.1278413494,7.));
#5831 = CARTESIAN_POINT('',(88.727240438117,-58.13136764862,
    7.673198435222));
#5832 = CARTESIAN_POINT('',(88.49223417478,-58.1248880107,8.347501436351
    ));
#5833 = CARTESIAN_POINT('',(88.072727929232,-58.11053819594,
    8.871202147708));
#5834 = CARTESIAN_POINT('',(87.513386282247,-58.09140511006,
    9.569469745691));
#5835 = CARTESIAN_POINT('',(86.626044758437,-58.05827892569,
    9.999999954809));
#5836 = CARTESIAN_POINT('',(85.729062184812,-58.02472023903,10.));
#5837 = PCURVE('',#769,#5838);
#5838 = DEFINITIONAL_REPRESENTATION('',(#5839),#5842);
#5839 = B_SPLINE_CURVE_WITH_KNOTS('',1,(#5840,#5841),.UNSPECIFIED.,.F.,
  .F.,(2,2),(0.,1.000003024617),.PIECEWISE_BEZIER_KNOTS.);
#5840 = CARTESIAN_POINT('',(1.,-5.112699916398E-16));
#5841 = CARTESIAN_POINT('',(2.999012000719E-08,2.459537257224E-03));
#5842 = ( GEOMETRIC_REPRESENTATION_CONTEXT(2) 
PARAMETRIC_REPRESENTATION_CONTEXT() REPRESENTATION_CONTEXT('2D SPACE',''
  ) );
#5843 = PCURVE('',#741,#5844);
#5844 = DEFINITIONAL_REPRESENTATION('',(#5845),#5871);
#5845 = B_SPLINE_CURVE_WITH_KNOTS('',3,(#5846,#5847,#5848,#5849,#5850,
    #5851,#5852,#5853,#5854,#5855,#5856,#5857,#5858,#5859,#5860,#5861,
    #5862,#5863,#5864,#5865,#5866,#5867,#5868,#5869,#5870),
  .UNSPECIFIED.,.F.,.F.,(4,1,1,1,1,1,1,1,1,1,1,1,1,1,1,1,1,1,1,1,1,1,4),
  (0.,4.545468293715E-02,9.09093658743E-02,0.136364048811,0.181818731749
    ,0.227273414686,0.272728097623,0.31818278056,0.363637463497,
    0.409092146434,0.454546829372,0.500001512309,0.545456195246,
    0.590910878183,0.63636556112,0.681820244057,0.727274926994,
    0.772729609932,0.818184292869,0.863638975806,0.909093658743,
    0.95454834168,1.000003024617),.QUASI_UNIFORM_KNOTS.);
#5846 = CARTESIAN_POINT('',(-0.785398163397,9.398994642085));
#5847 = CARTESIAN_POINT('',(-0.761600427399,9.399368932447));
#5848 = CARTESIAN_POINT('',(-0.713987797586,9.400030791408));
#5849 = CARTESIAN_POINT('',(-0.642520629175,9.400769261908));
#5850 = CARTESIAN_POINT('',(-0.570999856457,9.401259261956));
#5851 = CARTESIAN_POINT('',(-0.49945030511,9.401506638545));
#5852 = CARTESIAN_POINT('',(-0.427906300115,9.401517240514));
#5853 = CARTESIAN_POINT('',(-0.356406423999,9.401296909813));
#5854 = CARTESIAN_POINT('',(-0.28498387156,9.400851514104));
#5855 = CARTESIAN_POINT('',(-0.213658340955,9.40018682509));
#5856 = CARTESIAN_POINT('',(-0.142427137901,9.399308972593));
#5857 = CARTESIAN_POINT('',(-7.126025229624E-02,9.398222749926));
#5858 = CARTESIAN_POINT('',(-8.028049057303E-05,9.396939727643));
#5859 = CARTESIAN_POINT('',(7.117013247667E-02,9.395476583497));
#5860 = CARTESIAN_POINT('',(0.14251213471,9.393848845472));
#5861 = CARTESIAN_POINT('',(0.213941996467,9.392072349631));
#5862 = CARTESIAN_POINT('',(0.285436741884,9.390162849487));
#5863 = CARTESIAN_POINT('',(0.356962052118,9.388136120673));
#5864 = CARTESIAN_POINT('',(0.428480044659,9.386007932895));
#5865 = CARTESIAN_POINT('',(0.499957408939,9.383794057446));
#5866 = CARTESIAN_POINT('',(0.571372934119,9.381510265196));
#5867 = CARTESIAN_POINT('',(0.642726262315,9.379172327126));
#5868 = CARTESIAN_POINT('',(0.71404007378,9.376796014189));
#5869 = CARTESIAN_POINT('',(0.76160264865,9.375196736292));
#5870 = CARTESIAN_POINT('',(0.785398306424,9.374395958519));
#5871 = ( GEOMETRIC_REPRESENTATION_CONTEXT(2) 
PARAMETRIC_REPRESENTATION_CONTEXT() REPRESENTATION_CONTEXT('2D SPACE',''
  ) );
#5872 = ORIENTED_EDGE('',*,*,#753,.T.);
#5873 = ADVANCED_FACE('',(#5874),#741,.T.);
#5874 = FACE_BOUND('',#5875,.T.);
#5875 = EDGE_LOOP('',(#5876,#5877,#5878,#5924));
#5876 = ORIENTED_EDGE('',*,*,#5827,.F.);
#5877 = ORIENTED_EDGE('',*,*,#725,.T.);
#5878 = ORIENTED_EDGE('',*,*,#5879,.T.);
#5879 = EDGE_CURVE('',#675,#5880,#5882,.T.);
#5880 = VERTEX_POINT('',#5881);
#5881 = CARTESIAN_POINT('',(87.850098930673,22.974388806272,10.));
#5882 = SURFACE_CURVE('',#5883,(#5888,#5895),.PCURVE_S1.);
#5883 = CIRCLE('',#5884,3.);
#5884 = AXIS2_PLACEMENT_3D('',#5885,#5886,#5887);
#5885 = CARTESIAN_POINT('',(87.850098930673,22.974388806272,7.));
#5886 = DIRECTION('',(-2.617694830788E-02,-0.999657324976,0.));
#5887 = DIRECTION('',(0.999657324976,-2.617694830788E-02,
    -3.700743415417E-16));
#5888 = PCURVE('',#741,#5889);
#5889 = DEFINITIONAL_REPRESENTATION('',(#5890),#5894);
#5890 = LINE('',#5891,#5892);
#5891 = CARTESIAN_POINT('',(-0.785398163397,-71.65247898437));
#5892 = VECTOR('',#5893,1.);
#5893 = DIRECTION('',(1.,-9.046911093941E-15));
#5894 = ( GEOMETRIC_REPRESENTATION_CONTEXT(2) 
PARAMETRIC_REPRESENTATION_CONTEXT() REPRESENTATION_CONTEXT('2D SPACE',''
  ) );
#5895 = PCURVE('',#691,#5896);
#5896 = DEFINITIONAL_REPRESENTATION('',(#5897),#5923);
#5897 = B_SPLINE_CURVE_WITH_KNOTS('',3,(#5898,#5899,#5900,#5901,#5902,
    #5903,#5904,#5905,#5906,#5907,#5908,#5909,#5910,#5911,#5912,#5913,
    #5914,#5915,#5916,#5917,#5918,#5919,#5920,#5921,#5922),
  .UNSPECIFIED.,.F.,.F.,(4,1,1,1,1,1,1,1,1,1,1,1,1,1,1,1,1,1,1,1,1,1,4),
  (0.,7.139983303613E-02,0.142799666072,0.214199499108,0.285599332145,
    0.356999165181,0.428398998217,0.499798831253,0.571198664289,
    0.642598497325,0.713998330361,0.785398163397,0.856797996434,
    0.92819782947,0.999597662506,1.070997495542,1.142397328578,
    1.213797161614,1.28519699465,1.356596827687,1.427996660723,
    1.499396493759,1.570796326795),.QUASI_UNIFORM_KNOTS.);
#5898 = CARTESIAN_POINT('',(0.676705614835,0.441730730126));
#5899 = CARTESIAN_POINT('',(0.668159705665,0.41922020661));
#5900 = CARTESIAN_POINT('',(0.651597186252,0.374117134424));
#5901 = CARTESIAN_POINT('',(0.628047757748,0.306262240185));
#5902 = CARTESIAN_POINT('',(0.605482385902,0.238255561232));
#5903 = CARTESIAN_POINT('',(0.583649394031,0.170136107692));
#5904 = CARTESIAN_POINT('',(0.562319994177,0.101939223343));
#5905 = CARTESIAN_POINT('',(0.541285383909,3.369705168224E-02));
#5906 = CARTESIAN_POINT('',(0.520347031281,-3.455990086987E-02));
#5907 = CARTESIAN_POINT('',(0.499309936368,-0.102801690845));
#5908 = CARTESIAN_POINT('',(0.477975550691,-0.170997809425));
#5909 = CARTESIAN_POINT('',(0.456134600818,-0.239116037055));
#5910 = CARTESIAN_POINT('',(0.433559085946,-0.307121158676));
#5911 = CARTESIAN_POINT('',(0.409992879379,-0.374973441125));
#5912 = CARTESIAN_POINT('',(0.38514013231,-0.442626732677));
#5913 = CARTESIAN_POINT('',(0.358650398113,-0.510025989326));
#5914 = CARTESIAN_POINT('',(0.330099050711,-0.57710396629));
#5915 = CARTESIAN_POINT('',(0.298960599458,-0.643776604291));
#5916 = CARTESIAN_POINT('',(0.264572736346,-0.709936698006));
#5917 = CARTESIAN_POINT('',(0.226082999158,-0.775444057431));
#5918 = CARTESIAN_POINT('',(0.182384713356,-0.840113629873));
#5919 = CARTESIAN_POINT('',(0.131983350977,-0.903687824975));
#5920 = CARTESIAN_POINT('',(7.296618176469E-02,-0.965831098592));
#5921 = CARTESIAN_POINT('',(2.590396894594E-02,-1.005932670445));
#5922 = CARTESIAN_POINT('',(0.,-1.025568992779));
#5923 = ( GEOMETRIC_REPRESENTATION_CONTEXT(2) 
PARAMETRIC_REPRESENTATION_CONTEXT() REPRESENTATION_CONTEXT('2D SPACE',''
  ) );
#5924 = ORIENTED_EDGE('',*,*,#5925,.T.);
#5925 = EDGE_CURVE('',#5880,#5787,#5926,.T.);
#5926 = SURFACE_CURVE('',#5927,(#5931,#5938),.PCURVE_S1.);
#5927 = LINE('',#5928,#5929);
#5928 = CARTESIAN_POINT('',(85.974455692168,-48.65353666311,10.));
#5929 = VECTOR('',#5930,1.);
#5930 = DIRECTION('',(-2.617694830787E-02,-0.999657324976,0.));
#5931 = PCURVE('',#741,#5932);
#5932 = DEFINITIONAL_REPRESENTATION('',(#5933),#5937);
#5933 = LINE('',#5934,#5935);
#5934 = CARTESIAN_POINT('',(0.785398163397,0.));
#5935 = VECTOR('',#5936,1.);
#5936 = DIRECTION('',(-2.055286641761E-17,1.));
#5937 = ( GEOMETRIC_REPRESENTATION_CONTEXT(2) 
PARAMETRIC_REPRESENTATION_CONTEXT() REPRESENTATION_CONTEXT('2D SPACE',''
  ) );
#5938 = PCURVE('',#94,#5939);
#5939 = DEFINITIONAL_REPRESENTATION('',(#5940),#5944);
#5940 = LINE('',#5941,#5942);
#5941 = CARTESIAN_POINT('',(85.974455443957,-11.65353689408));
#5942 = VECTOR('',#5943,1.);
#5943 = DIRECTION('',(-2.617694830787E-02,-0.999657324976));
#5944 = ( GEOMETRIC_REPRESENTATION_CONTEXT(2) 
PARAMETRIC_REPRESENTATION_CONTEXT() REPRESENTATION_CONTEXT('2D SPACE',''
  ) );
#5945 = ADVANCED_FACE('',(#5946),#875,.T.);
#5946 = FACE_BOUND('',#5947,.T.);
#5947 = EDGE_LOOP('',(#5948,#5949,#5950,#5971));
#5948 = ORIENTED_EDGE('',*,*,#859,.T.);
#5949 = ORIENTED_EDGE('',*,*,#5538,.F.);
#5950 = ORIENTED_EDGE('',*,*,#5951,.T.);
#5951 = EDGE_CURVE('',#5539,#5125,#5952,.T.);
#5952 = SURFACE_CURVE('',#5953,(#5957,#5964),.PCURVE_S1.);
#5953 = LINE('',#5954,#5955);
#5954 = CARTESIAN_POINT('',(-33.02568992066,-102.,10.));
#5955 = VECTOR('',#5956,1.);
#5956 = DIRECTION('',(-1.,0.,0.));
#5957 = PCURVE('',#875,#5958);
#5958 = DEFINITIONAL_REPRESENTATION('',(#5959),#5963);
#5959 = LINE('',#5960,#5961);
#5960 = CARTESIAN_POINT('',(7.068583470577,0.));
#5961 = VECTOR('',#5962,1.);
#5962 = DIRECTION('',(0.,1.));
#5963 = ( GEOMETRIC_REPRESENTATION_CONTEXT(2) 
PARAMETRIC_REPRESENTATION_CONTEXT() REPRESENTATION_CONTEXT('2D SPACE',''
  ) );
#5964 = PCURVE('',#94,#5965);
#5965 = DEFINITIONAL_REPRESENTATION('',(#5966),#5970);
#5966 = LINE('',#5967,#5968);
#5967 = CARTESIAN_POINT('',(-33.02569016887,-65.00000023096));
#5968 = VECTOR('',#5969,1.);
#5969 = DIRECTION('',(-1.,0.));
#5970 = ( GEOMETRIC_REPRESENTATION_CONTEXT(2) 
PARAMETRIC_REPRESENTATION_CONTEXT() REPRESENTATION_CONTEXT('2D SPACE',''
  ) );
#5971 = ORIENTED_EDGE('',*,*,#5124,.F.);
#5972 = ADVANCED_FACE('',(#5973),#1093,.T.);
#5973 = FACE_BOUND('',#5974,.T.);
#5974 = EDGE_LOOP('',(#5975,#6019,#6042,#6086));
#5975 = ORIENTED_EDGE('',*,*,#5976,.T.);
#5976 = EDGE_CURVE('',#1027,#5468,#5977,.T.);
#5977 = SURFACE_CURVE('',#5978,(#5983,#5990),.PCURVE_S1.);
#5978 = CIRCLE('',#5979,3.);
#5979 = AXIS2_PLACEMENT_3D('',#5980,#5981,#5982);
#5980 = CARTESIAN_POINT('',(-87.85009843425,22.974369848629,7.));
#5981 = DIRECTION('',(0.923615246036,0.383320854233,2.465190328816E-32)
  );
#5982 = DIRECTION('',(-0.383320854233,0.923615246036,-3.700743415417E-16
    ));
#5983 = PCURVE('',#1093,#5984);
#5984 = DEFINITIONAL_REPRESENTATION('',(#5985),#5989);
#5985 = LINE('',#5986,#5987);
#5986 = CARTESIAN_POINT('',(5.497787143782,-35.63051572774));
#5987 = VECTOR('',#5988,1.);
#5988 = DIRECTION('',(1.,-9.046911093941E-15));
#5989 = ( GEOMETRIC_REPRESENTATION_CONTEXT(2) 
PARAMETRIC_REPRESENTATION_CONTEXT() REPRESENTATION_CONTEXT('2D SPACE',''
  ) );
#5990 = PCURVE('',#1043,#5991);
#5991 = DEFINITIONAL_REPRESENTATION('',(#5992),#6018);
#5992 = B_SPLINE_CURVE_WITH_KNOTS('',3,(#5993,#5994,#5995,#5996,#5997,
    #5998,#5999,#6000,#6001,#6002,#6003,#6004,#6005,#6006,#6007,#6008,
    #6009,#6010,#6011,#6012,#6013,#6014,#6015,#6016,#6017),
  .UNSPECIFIED.,.F.,.F.,(4,1,1,1,1,1,1,1,1,1,1,1,1,1,1,1,1,1,1,1,1,1,4),
  (0.,7.139983303613E-02,0.142799666072,0.214199499108,0.285599332145,
    0.356999165181,0.428398998217,0.499798831253,0.571198664289,
    0.642598497325,0.713998330361,0.785398163397,0.856797996434,
    0.92819782947,0.999597662506,1.070997495542,1.142397328578,
    1.213797161614,1.28519699465,1.356596827687,1.427996660723,
    1.499396493759,1.570796326795),.QUASI_UNIFORM_KNOTS.);
#5993 = CARTESIAN_POINT('',(6.959895803335,0.441730354919));
#5994 = CARTESIAN_POINT('',(6.951349825295,0.419219853248));
#5995 = CARTESIAN_POINT('',(6.934787171432,0.374116823474));
#5996 = CARTESIAN_POINT('',(6.91123754943,0.306261989718));
#5997 = CARTESIAN_POINT('',(6.88867199051,0.238255368849));
#5998 = CARTESIAN_POINT('',(6.86683881643,0.170135971601));
#5999 = CARTESIAN_POINT('',(6.845509237761,0.101939142308));
#6000 = CARTESIAN_POINT('',(6.824474450682,3.369702497757E-02));
#6001 = CARTESIAN_POINT('',(6.8035359219,-3.455987348087E-02));
#6002 = CARTESIAN_POINT('',(6.78249865016,-0.10280160912));
#6003 = CARTESIAN_POINT('',(6.761164085633,-0.170997672632));
#6004 = CARTESIAN_POINT('',(6.739322953498,-0.23911584395));
#6005 = CARTESIAN_POINT('',(6.716747251484,-0.307120907462));
#6006 = CARTESIAN_POINT('',(6.693180851319,-0.374973129387));
#6007 = CARTESIAN_POINT('',(6.66832790249,-0.442626357298));
#6008 = CARTESIAN_POINT('',(6.641837956504,-0.510025546366));
#6009 = CARTESIAN_POINT('',(6.613286385254,-0.577103450835));
#6010 = CARTESIAN_POINT('',(6.582147695922,-0.643776010245));
#6011 = CARTESIAN_POINT('',(6.547759578262,-0.709936017829));
#6012 = CARTESIAN_POINT('',(6.509269568018,-0.775443281792));
#6013 = CARTESIAN_POINT('',(6.465570989161,-0.840112747217));
#6014 = CARTESIAN_POINT('',(6.415169314306,-0.903686820972));
#6015 = CARTESIAN_POINT('',(6.356151816117,-0.965829955555));
#6016 = CARTESIAN_POINT('',(6.309089383826,-1.005931420227));
#6017 = CARTESIAN_POINT('',(6.28318530718,-1.025567684706));
#6018 = ( GEOMETRIC_REPRESENTATION_CONTEXT(2) 
PARAMETRIC_REPRESENTATION_CONTEXT() REPRESENTATION_CONTEXT('2D SPACE',''
  ) );
#6019 = ORIENTED_EDGE('',*,*,#6020,.T.);
#6020 = EDGE_CURVE('',#5468,#6021,#6023,.T.);
#6021 = VERTEX_POINT('',#6022);
#6022 = CARTESIAN_POINT('',(-75.74079364654,28.000000461936,10.));
#6023 = SURFACE_CURVE('',#6024,(#6028,#6035),.PCURVE_S1.);
#6024 = LINE('',#6025,#6026);
#6025 = CARTESIAN_POINT('',(-54.94121088398,36.632289574165,10.));
#6026 = VECTOR('',#6027,1.);
#6027 = DIRECTION('',(0.923615246036,0.383320854233,0.));
#6028 = PCURVE('',#1093,#6029);
#6029 = DEFINITIONAL_REPRESENTATION('',(#6030),#6034);
#6030 = LINE('',#6031,#6032);
#6031 = CARTESIAN_POINT('',(7.068583470577,0.));
#6032 = VECTOR('',#6033,1.);
#6033 = DIRECTION('',(0.,1.));
#6034 = ( GEOMETRIC_REPRESENTATION_CONTEXT(2) 
PARAMETRIC_REPRESENTATION_CONTEXT() REPRESENTATION_CONTEXT('2D SPACE',''
  ) );
#6035 = PCURVE('',#94,#6036);
#6036 = DEFINITIONAL_REPRESENTATION('',(#6037),#6041);
#6037 = LINE('',#6038,#6039);
#6038 = CARTESIAN_POINT('',(-54.94121113219,73.632289343197));
#6039 = VECTOR('',#6040,1.);
#6040 = DIRECTION('',(0.923615246036,0.383320854233));
#6041 = ( GEOMETRIC_REPRESENTATION_CONTEXT(2) 
PARAMETRIC_REPRESENTATION_CONTEXT() REPRESENTATION_CONTEXT('2D SPACE',''
  ) );
#6042 = ORIENTED_EDGE('',*,*,#6043,.T.);
#6043 = EDGE_CURVE('',#6021,#1078,#6044,.T.);
#6044 = SURFACE_CURVE('',#6045,(#6050,#6057),.PCURVE_S1.);
#6045 = CIRCLE('',#6046,3.);
#6046 = AXIS2_PLACEMENT_3D('',#6047,#6048,#6049);
#6047 = CARTESIAN_POINT('',(-75.74079364654,28.000000461936,7.));
#6048 = DIRECTION('',(-0.923615246036,-0.383320854233,0.));
#6049 = DIRECTION('',(0.,0.,1.));
#6050 = PCURVE('',#1093,#6051);
#6051 = DEFINITIONAL_REPRESENTATION('',(#6052),#6056);
#6052 = LINE('',#6053,#6054);
#6053 = CARTESIAN_POINT('',(7.068583470577,-22.51974818717));
#6054 = VECTOR('',#6055,1.);
#6055 = DIRECTION('',(-1.,0.));
#6056 = ( GEOMETRIC_REPRESENTATION_CONTEXT(2) 
PARAMETRIC_REPRESENTATION_CONTEXT() REPRESENTATION_CONTEXT('2D SPACE',''
  ) );
#6057 = PCURVE('',#1120,#6058);
#6058 = DEFINITIONAL_REPRESENTATION('',(#6059),#6085);
#6059 = B_SPLINE_CURVE_WITH_KNOTS('',3,(#6060,#6061,#6062,#6063,#6064,
    #6065,#6066,#6067,#6068,#6069,#6070,#6071,#6072,#6073,#6074,#6075,
    #6076,#6077,#6078,#6079,#6080,#6081,#6082,#6083,#6084),
  .UNSPECIFIED.,.F.,.F.,(4,1,1,1,1,1,1,1,1,1,1,1,1,1,1,1,1,1,1,1,1,1,4),
  (0.,7.139983303613E-02,0.142799666072,0.214199499108,0.285599332145,
    0.356999165181,0.428398998217,0.499798831253,0.571198664289,
    0.642598497325,0.713998330361,0.785398163397,0.856797996434,
    0.92819782947,0.999597662506,1.070997495542,1.142397328578,
    1.213797161614,1.28519699465,1.356596827687,1.427996660723,
    1.499396493759,1.570796326795),.QUASI_UNIFORM_KNOTS.);
#6060 = CARTESIAN_POINT('',(5.185522796414,-8.039350100024E-02));
#6061 = CARTESIAN_POINT('',(5.208728230976,-7.478754690185E-02));
#6062 = CARTESIAN_POINT('',(5.255075423127,-6.34460934338E-02));
#6063 = CARTESIAN_POINT('',(5.324445222153,-4.612909817347E-02));
#6064 = CARTESIAN_POINT('',(5.393703278114,-2.859088232713E-02));
#6065 = CARTESIAN_POINT('',(5.462891621695,-1.091583235863E-02));
#6066 = CARTESIAN_POINT('',(5.532053205286,6.811419060741E-03));
#6067 = CARTESIAN_POINT('',(5.601231490733,2.450610135033E-02));
#6068 = CARTESIAN_POINT('',(5.67046964514,4.208352309933E-02));
#6069 = CARTESIAN_POINT('',(5.739809842345,5.945926177478E-02));
#6070 = CARTESIAN_POINT('',(5.809292540787,7.654937270496E-02));
#6071 = CARTESIAN_POINT('',(5.878955777401,9.32706146281E-02));
#6072 = CARTESIAN_POINT('',(5.948834473615,0.109540701608));
#6073 = CARTESIAN_POINT('',(6.018959763515,0.125278586713));
#6074 = CARTESIAN_POINT('',(6.089358353401,0.140404782545));
#6075 = CARTESIAN_POINT('',(6.16005192519,0.154841722101));
#6076 = CARTESIAN_POINT('',(6.231056598969,0.168514161058));
#6077 = CARTESIAN_POINT('',(6.302382470252,0.181349622677));
#6078 = CARTESIAN_POINT('',(6.374033246803,0.193278875637));
#6079 = CARTESIAN_POINT('',(6.446005982115,0.204236464049));
#6080 = CARTESIAN_POINT('',(6.518291008721,0.214161188603));
#6081 = CARTESIAN_POINT('',(6.590871775337,0.222996873912));
#6082 = CARTESIAN_POINT('',(6.66372577099,0.230692117562));
#6083 = CARTESIAN_POINT('',(6.712456711025,0.235033255463));
#6084 = CARTESIAN_POINT('',(6.736857843082,0.236998990173));
#6085 = ( GEOMETRIC_REPRESENTATION_CONTEXT(2) 
PARAMETRIC_REPRESENTATION_CONTEXT() REPRESENTATION_CONTEXT('2D SPACE',''
  ) );
#6086 = ORIENTED_EDGE('',*,*,#1077,.F.);
#6087 = ADVANCED_FACE('',(#6088),#1043,.T.);
#6088 = FACE_BOUND('',#6089,.T.);
#6089 = EDGE_LOOP('',(#6090,#6091,#6092));
#6090 = ORIENTED_EDGE('',*,*,#5976,.F.);
#6091 = ORIENTED_EDGE('',*,*,#1026,.T.);
#6092 = ORIENTED_EDGE('',*,*,#5490,.F.);
#6093 = ADVANCED_FACE('',(#6094),#606,.T.);
#6094 = FACE_BOUND('',#6095,.T.);
#6095 = EDGE_LOOP('',(#6096,#6140,#6163,#6207));
#6096 = ORIENTED_EDGE('',*,*,#6097,.T.);
#6097 = EDGE_CURVE('',#591,#6021,#6098,.T.);
#6098 = SURFACE_CURVE('',#6099,(#6104,#6111),.PCURVE_S1.);
#6099 = CIRCLE('',#6100,3.);
#6100 = AXIS2_PLACEMENT_3D('',#6101,#6102,#6103);
#6101 = CARTESIAN_POINT('',(-75.74079364654,28.000000461936,7.));
#6102 = DIRECTION('',(1.,-2.960594732334E-15,0.));
#6103 = DIRECTION('',(2.960594732334E-15,1.,-3.700743415417E-16));
#6104 = PCURVE('',#606,#6105);
#6105 = DEFINITIONAL_REPRESENTATION('',(#6106),#6110);
#6106 = LINE('',#6107,#6108);
#6107 = CARTESIAN_POINT('',(5.497787143782,-113.6113605949));
#6108 = VECTOR('',#6109,1.);
#6109 = DIRECTION('',(1.,0.));
#6110 = ( GEOMETRIC_REPRESENTATION_CONTEXT(2) 
PARAMETRIC_REPRESENTATION_CONTEXT() REPRESENTATION_CONTEXT('2D SPACE',''
  ) );
#6111 = PCURVE('',#1120,#6112);
#6112 = DEFINITIONAL_REPRESENTATION('',(#6113),#6139);
#6113 = B_SPLINE_CURVE_WITH_KNOTS('',3,(#6114,#6115,#6116,#6117,#6118,
    #6119,#6120,#6121,#6122,#6123,#6124,#6125,#6126,#6127,#6128,#6129,
    #6130,#6131,#6132,#6133,#6134,#6135,#6136,#6137,#6138),
  .UNSPECIFIED.,.F.,.F.,(4,1,1,1,1,1,1,1,1,1,1,1,1,1,1,1,1,1,1,1,1,1,4),
  (0.,7.139983303613E-02,0.142799666072,0.214199499108,0.285599332145,
    0.356999165181,0.428398998217,0.499798831253,0.571198664289,
    0.642598497325,0.713998330361,0.785398163397,0.856797996434,
    0.92819782947,0.999597662506,1.070997495542,1.142397328578,
    1.213797161614,1.28519699465,1.356596827687,1.427996660723,
    1.499396493759,1.570796326795),.QUASI_UNIFORM_KNOTS.);
#6114 = CARTESIAN_POINT('',(6.768916657102,-0.155100744639));
#6115 = CARTESIAN_POINT('',(6.744907460159,-0.157035630935));
#6116 = CARTESIAN_POINT('',(6.696844705947,-0.160640085226));
#6117 = CARTESIAN_POINT('',(6.624634200072,-0.165226127448));
#6118 = CARTESIAN_POINT('',(6.552323138086,-0.16896508417));
#6119 = CARTESIAN_POINT('',(6.479930446333,-0.171836675995));
#6120 = CARTESIAN_POINT('',(6.407476601622,-0.173824902592));
#6121 = CARTESIAN_POINT('',(6.334983498688,-0.174918738607));
#6122 = CARTESIAN_POINT('',(6.262473886371,-0.175112085534));
#6123 = CARTESIAN_POINT('',(6.189970885584,-0.174403867405));
#6124 = CARTESIAN_POINT('',(6.117497468805,-0.172798030073));
#6125 = CARTESIAN_POINT('',(6.045075951216,-0.170303507741));
#6126 = CARTESIAN_POINT('',(5.972727497955,-0.166934140649));
#6127 = CARTESIAN_POINT('',(5.900471663268,-0.162708550781));
#6128 = CARTESIAN_POINT('',(5.828325972809,-0.157649977778));
#6129 = CARTESIAN_POINT('',(5.756305559265,-0.151786079762));
#6130 = CARTESIAN_POINT('',(5.684422859424,-0.145148703915));
#6131 = CARTESIAN_POINT('',(5.612687377495,-0.137773632896));
#6132 = CARTESIAN_POINT('',(5.541105520829,-0.129700310723));
#6133 = CARTESIAN_POINT('',(5.469680498227,-0.120971561505));
#6134 = CARTESIAN_POINT('',(5.398412319895,-0.11163327743));
#6135 = CARTESIAN_POINT('',(5.327297746452,-0.101734188741));
#6136 = CARTESIAN_POINT('',(5.256330741497,-9.132531719001E-02));
#6137 = CARTESIAN_POINT('',(5.209111138562,-8.408218513564E-02));
#6138 = CARTESIAN_POINT('',(5.185522796414,-8.039350100024E-02));
#6139 = ( GEOMETRIC_REPRESENTATION_CONTEXT(2) 
PARAMETRIC_REPRESENTATION_CONTEXT() REPRESENTATION_CONTEXT('2D SPACE',''
  ) );
#6140 = ORIENTED_EDGE('',*,*,#6141,.T.);
#6141 = EDGE_CURVE('',#6021,#6142,#6144,.T.);
#6142 = VERTEX_POINT('',#6143);
#6143 = CARTESIAN_POINT('',(75.741133648509,28.000000461936,10.));
#6144 = SURFACE_CURVE('',#6145,(#6149,#6156),.PCURVE_S1.);
#6145 = LINE('',#6146,#6147);
#6146 = CARTESIAN_POINT('',(37.87056694836,28.000000461936,10.));
#6147 = VECTOR('',#6148,1.);
#6148 = DIRECTION('',(1.,0.,0.));
#6149 = PCURVE('',#606,#6150);
#6150 = DEFINITIONAL_REPRESENTATION('',(#6151),#6155);
#6151 = LINE('',#6152,#6153);
#6152 = CARTESIAN_POINT('',(7.068583470577,0.));
#6153 = VECTOR('',#6154,1.);
#6154 = DIRECTION('',(0.,1.));
#6155 = ( GEOMETRIC_REPRESENTATION_CONTEXT(2) 
PARAMETRIC_REPRESENTATION_CONTEXT() REPRESENTATION_CONTEXT('2D SPACE',''
  ) );
#6156 = PCURVE('',#94,#6157);
#6157 = DEFINITIONAL_REPRESENTATION('',(#6158),#6162);
#6158 = LINE('',#6159,#6160);
#6159 = CARTESIAN_POINT('',(37.870566700149,65.000000230968));
#6160 = VECTOR('',#6161,1.);
#6161 = DIRECTION('',(1.,0.));
#6162 = ( GEOMETRIC_REPRESENTATION_CONTEXT(2) 
PARAMETRIC_REPRESENTATION_CONTEXT() REPRESENTATION_CONTEXT('2D SPACE',''
  ) );
#6163 = ORIENTED_EDGE('',*,*,#6164,.T.);
#6164 = EDGE_CURVE('',#6142,#589,#6165,.T.);
#6165 = SURFACE_CURVE('',#6166,(#6171,#6178),.PCURVE_S1.);
#6166 = CIRCLE('',#6167,3.);
#6167 = AXIS2_PLACEMENT_3D('',#6168,#6169,#6170);
#6168 = CARTESIAN_POINT('',(75.741133648509,28.000000461936,7.));
#6169 = DIRECTION('',(-1.,0.,0.));
#6170 = DIRECTION('',(0.,0.,1.));
#6171 = PCURVE('',#606,#6172);
#6172 = DEFINITIONAL_REPRESENTATION('',(#6173),#6177);
#6173 = LINE('',#6174,#6175);
#6174 = CARTESIAN_POINT('',(7.068583470577,37.870566700149));
#6175 = VECTOR('',#6176,1.);
#6176 = DIRECTION('',(-1.,0.));
#6177 = ( GEOMETRIC_REPRESENTATION_CONTEXT(2) 
PARAMETRIC_REPRESENTATION_CONTEXT() REPRESENTATION_CONTEXT('2D SPACE',''
  ) );
#6178 = PCURVE('',#635,#6179);
#6179 = DEFINITIONAL_REPRESENTATION('',(#6180),#6206);
#6180 = B_SPLINE_CURVE_WITH_KNOTS('',3,(#6181,#6182,#6183,#6184,#6185,
    #6186,#6187,#6188,#6189,#6190,#6191,#6192,#6193,#6194,#6195,#6196,
    #6197,#6198,#6199,#6200,#6201,#6202,#6203,#6204,#6205),
  .UNSPECIFIED.,.F.,.F.,(4,1,1,1,1,1,1,1,1,1,1,1,1,1,1,1,1,1,1,1,1,1,4),
  (0.,7.139983303613E-02,0.142799666072,0.214199499108,0.285599332145,
    0.356999165181,0.428398998217,0.499798831253,0.571198664289,
    0.642598497325,0.713998330361,0.785398163397,0.856797996434,
    0.92819782947,0.999597662506,1.070997495542,1.142397328578,
    1.213797161614,1.28519699465,1.356596827687,1.427996660723,
    1.499396493759,1.570796326795),.QUASI_UNIFORM_KNOTS.);
#6181 = CARTESIAN_POINT('',(5.185523219716,8.039533203768E-02));
#6182 = CARTESIAN_POINT('',(5.209111553049,8.408409423316E-02));
#6183 = CARTESIAN_POINT('',(5.256331140227,9.132737948251E-02));
#6184 = CARTESIAN_POINT('',(5.32729812754,0.10173647091));
#6185 = CARTESIAN_POINT('',(5.398412689758,0.111635768407));
#6186 = CARTESIAN_POINT('',(5.469680863543,0.120974249108));
#6187 = CARTESIAN_POINT('',(5.541105888411,0.129703181697));
#6188 = CARTESIAN_POINT('',(5.612687754158,0.137776672956));
#6189 = CARTESIAN_POINT('',(5.684423251839,0.145151897803));
#6190 = CARTESIAN_POINT('',(5.756305973819,0.151789411314));
#6191 = CARTESIAN_POINT('',(5.828326415465,0.157653430001));
#6192 = CARTESIAN_POINT('',(5.900472139436,0.162712105939));
#6193 = CARTESIAN_POINT('',(5.972728012363,0.166937780358));
#6194 = CARTESIAN_POINT('',(6.045076507805,0.170307213079));
#6195 = CARTESIAN_POINT('',(6.117498070634,0.172801781687));
#6196 = CARTESIAN_POINT('',(6.18997153476,0.174407645638));
#6197 = CARTESIAN_POINT('',(6.262474583994,0.175115870545));
#6198 = CARTESIAN_POINT('',(6.334984244827,0.174922510505));
#6199 = CARTESIAN_POINT('',(6.407477395312,0.173828641563));
#6200 = CARTESIAN_POINT('',(6.479931285599,0.171840362429));
#6201 = CARTESIAN_POINT('',(6.552324019987,0.168968698789));
#6202 = CARTESIAN_POINT('',(6.624635120775,0.165229651432));
#6203 = CARTESIAN_POINT('',(6.696845660807,0.160643500313));
#6204 = CARTESIAN_POINT('',(6.744908434251,0.157038961718));
#6205 = CARTESIAN_POINT('',(6.768917639808,0.155104030454));
#6206 = ( GEOMETRIC_REPRESENTATION_CONTEXT(2) 
PARAMETRIC_REPRESENTATION_CONTEXT() REPRESENTATION_CONTEXT('2D SPACE',''
  ) );
#6207 = ORIENTED_EDGE('',*,*,#588,.T.);
#6208 = ADVANCED_FACE('',(#6209),#1120,.T.);
#6209 = FACE_BOUND('',#6210,.T.);
#6210 = EDGE_LOOP('',(#6211,#6212,#6213));
#6211 = ORIENTED_EDGE('',*,*,#6097,.F.);
#6212 = ORIENTED_EDGE('',*,*,#1105,.T.);
#6213 = ORIENTED_EDGE('',*,*,#6043,.F.);
#6214 = ADVANCED_FACE('',(#6215),#662,.T.);
#6215 = FACE_BOUND('',#6216,.T.);
#6216 = EDGE_LOOP('',(#6217,#6261,#6282,#6326));
#6217 = ORIENTED_EDGE('',*,*,#6218,.T.);
#6218 = EDGE_CURVE('',#619,#6142,#6219,.T.);
#6219 = SURFACE_CURVE('',#6220,(#6225,#6232),.PCURVE_S1.);
#6220 = CIRCLE('',#6221,3.);
#6221 = AXIS2_PLACEMENT_3D('',#6222,#6223,#6224);
#6222 = CARTESIAN_POINT('',(75.741133648509,28.000000461936,7.));
#6223 = DIRECTION('',(0.923611952947,-0.383328788867,-2.465190328816E-32
    ));
#6224 = DIRECTION('',(0.383328788867,0.923611952947,-3.700743415417E-16)
  );
#6225 = PCURVE('',#662,#6226);
#6226 = DEFINITIONAL_REPRESENTATION('',(#6227),#6231);
#6227 = LINE('',#6228,#6229);
#6228 = CARTESIAN_POINT('',(-0.785398163397,15.96429903584));
#6229 = VECTOR('',#6230,1.);
#6230 = DIRECTION('',(1.,4.52345554697E-15));
#6231 = ( GEOMETRIC_REPRESENTATION_CONTEXT(2) 
PARAMETRIC_REPRESENTATION_CONTEXT() REPRESENTATION_CONTEXT('2D SPACE',''
  ) );
#6232 = PCURVE('',#635,#6233);
#6233 = DEFINITIONAL_REPRESENTATION('',(#6234),#6260);
#6234 = B_SPLINE_CURVE_WITH_KNOTS('',3,(#6235,#6236,#6237,#6238,#6239,
    #6240,#6241,#6242,#6243,#6244,#6245,#6246,#6247,#6248,#6249,#6250,
    #6251,#6252,#6253,#6254,#6255,#6256,#6257,#6258,#6259),
  .UNSPECIFIED.,.F.,.F.,(4,1,1,1,1,1,1,1,1,1,1,1,1,1,1,1,1,1,1,1,1,1,4),
  (0.,7.139983303613E-02,0.142799666072,0.214199499108,0.285599332145,
    0.356999165181,0.428398998217,0.499798831253,0.571198664289,
    0.642598497325,0.713998330361,0.785398163397,0.856797996434,
    0.92819782947,0.999597662506,1.070997495542,1.142397328578,
    1.213797161614,1.28519699465,1.356596827687,1.427996660723,
    1.499396493759,1.570796326795),.QUASI_UNIFORM_KNOTS.);
#6235 = CARTESIAN_POINT('',(6.736857376199,-0.237004207511));
#6236 = CARTESIAN_POINT('',(6.71245621739,-0.235038425649));
#6237 = CARTESIAN_POINT('',(6.663725227278,-0.23069718421));
#6238 = CARTESIAN_POINT('',(6.590871168003,-0.223001758878));
#6239 = CARTESIAN_POINT('',(6.518290350594,-0.214165866785));
#6240 = CARTESIAN_POINT('',(6.446005286929,-0.204240911808));
#6241 = CARTESIAN_POINT('',(6.374032528904,-0.193283070889));
#6242 = CARTESIAN_POINT('',(6.302381744269,-0.181353544976));
#6243 = CARTESIAN_POINT('',(6.231055879495,-0.168517791654));
#6244 = CARTESIAN_POINT('',(6.160051226494,-0.154845043972));
#6245 = CARTESIAN_POINT('',(6.089357689144,-0.140407780416));
#6246 = CARTESIAN_POINT('',(6.018959146507,-0.125281247057));
#6247 = CARTESIAN_POINT('',(5.948833915595,-0.109543012637));
#6248 = CARTESIAN_POINT('',(5.878955288845,-9.327256627305E-02));
#6249 = CARTESIAN_POINT('',(5.809292130748,-7.655095659593E-02));
#6250 = CARTESIAN_POINT('',(5.739809518322,-5.946047121412E-02));
#6251 = CARTESIAN_POINT('',(5.670469412971,-4.208435303865E-02));
#6252 = CARTESIAN_POINT('',(5.601231354519,-2.450654836985E-02));
#6253 = CARTESIAN_POINT('',(5.532053167338,-6.811481353154E-03));
#6254 = CARTESIAN_POINT('',(5.462891682505,1.091615499807E-02));
#6255 = CARTESIAN_POINT('',(5.393703436348,2.859158850439E-02));
#6256 = CARTESIAN_POINT('',(5.324445474672,4.613018489197E-02));
#6257 = CARTESIAN_POINT('',(5.255075765021,6.344755608671E-02));
#6258 = CARTESIAN_POINT('',(5.208728628063,7.478925601833E-02));
#6259 = CARTESIAN_POINT('',(5.185523219716,8.039533203768E-02));
#6260 = ( GEOMETRIC_REPRESENTATION_CONTEXT(2) 
PARAMETRIC_REPRESENTATION_CONTEXT() REPRESENTATION_CONTEXT('2D SPACE',''
  ) );
#6261 = ORIENTED_EDGE('',*,*,#6262,.T.);
#6262 = EDGE_CURVE('',#6142,#5880,#6263,.T.);
#6263 = SURFACE_CURVE('',#6264,(#6268,#6275),.PCURVE_S1.);
#6264 = LINE('',#6265,#6266);
#6265 = CARTESIAN_POINT('',(60.996316238591,34.119575876449,10.));
#6266 = VECTOR('',#6267,1.);
#6267 = DIRECTION('',(0.923611952947,-0.383328788867,0.));
#6268 = PCURVE('',#662,#6269);
#6269 = DEFINITIONAL_REPRESENTATION('',(#6270),#6274);
#6270 = LINE('',#6271,#6272);
#6271 = CARTESIAN_POINT('',(0.785398163397,1.06581410364E-14));
#6272 = VECTOR('',#6273,1.);
#6273 = DIRECTION('',(0.,1.));
#6274 = ( GEOMETRIC_REPRESENTATION_CONTEXT(2) 
PARAMETRIC_REPRESENTATION_CONTEXT() REPRESENTATION_CONTEXT('2D SPACE',''
  ) );
#6275 = PCURVE('',#94,#6276);
#6276 = DEFINITIONAL_REPRESENTATION('',(#6277),#6281);
#6277 = LINE('',#6278,#6279);
#6278 = CARTESIAN_POINT('',(60.99631599038,71.11957564548));
#6279 = VECTOR('',#6280,1.);
#6280 = DIRECTION('',(0.923611952947,-0.383328788867));
#6281 = ( GEOMETRIC_REPRESENTATION_CONTEXT(2) 
PARAMETRIC_REPRESENTATION_CONTEXT() REPRESENTATION_CONTEXT('2D SPACE',''
  ) );
#6282 = ORIENTED_EDGE('',*,*,#6283,.T.);
#6283 = EDGE_CURVE('',#5880,#647,#6284,.T.);
#6284 = SURFACE_CURVE('',#6285,(#6290,#6297),.PCURVE_S1.);
#6285 = CIRCLE('',#6286,3.);
#6286 = AXIS2_PLACEMENT_3D('',#6287,#6288,#6289);
#6287 = CARTESIAN_POINT('',(87.850098930673,22.974388806272,7.));
#6288 = DIRECTION('',(-0.923611952947,0.383328788867,0.));
#6289 = DIRECTION('',(0.,0.,1.));
#6290 = PCURVE('',#662,#6291);
#6291 = DEFINITIONAL_REPRESENTATION('',(#6292),#6296);
#6292 = LINE('',#6293,#6294);
#6293 = CARTESIAN_POINT('',(0.785398163397,29.074745737543));
#6294 = VECTOR('',#6295,1.);
#6295 = DIRECTION('',(-1.,9.046911093941E-15));
#6296 = ( GEOMETRIC_REPRESENTATION_CONTEXT(2) 
PARAMETRIC_REPRESENTATION_CONTEXT() REPRESENTATION_CONTEXT('2D SPACE',''
  ) );
#6297 = PCURVE('',#691,#6298);
#6298 = DEFINITIONAL_REPRESENTATION('',(#6299),#6325);
#6299 = B_SPLINE_CURVE_WITH_KNOTS('',3,(#6300,#6301,#6302,#6303,#6304,
    #6305,#6306,#6307,#6308,#6309,#6310,#6311,#6312,#6313,#6314,#6315,
    #6316,#6317,#6318,#6319,#6320,#6321,#6322,#6323,#6324),
  .UNSPECIFIED.,.F.,.F.,(4,1,1,1,1,1,1,1,1,1,1,1,1,1,1,1,1,1,1,1,1,1,4),
  (0.,7.139983303613E-02,0.142799666072,0.214199499108,0.285599332145,
    0.356999165181,0.428398998217,0.499798831253,0.571198664289,
    0.642598497325,0.713998330361,0.785398163397,0.856797996434,
    0.92819782947,0.999597662506,1.070997495542,1.142397328578,
    1.213797161614,1.28519699465,1.356596827687,1.427996660723,
    1.499396493759,1.570796326795),.QUASI_UNIFORM_KNOTS.);
#6300 = CARTESIAN_POINT('',(0.,-1.025568992779));
#6301 = CARTESIAN_POINT('',(-2.590396894587E-02,-1.005932670445));
#6302 = CARTESIAN_POINT('',(-7.296618176456E-02,-0.965831098592));
#6303 = CARTESIAN_POINT('',(-0.131983350977,-0.903687824975));
#6304 = CARTESIAN_POINT('',(-0.182384713356,-0.840113629873));
#6305 = CARTESIAN_POINT('',(-0.226082999158,-0.775444057431));
#6306 = CARTESIAN_POINT('',(-0.264572736346,-0.709936698006));
#6307 = CARTESIAN_POINT('',(-0.298960599458,-0.643776604291));
#6308 = CARTESIAN_POINT('',(-0.330099050711,-0.57710396629));
#6309 = CARTESIAN_POINT('',(-0.358650398113,-0.510025989326));
#6310 = CARTESIAN_POINT('',(-0.38514013231,-0.442626732677));
#6311 = CARTESIAN_POINT('',(-0.409992879379,-0.374973441125));
#6312 = CARTESIAN_POINT('',(-0.433559085946,-0.307121158676));
#6313 = CARTESIAN_POINT('',(-0.456134600817,-0.239116037055));
#6314 = CARTESIAN_POINT('',(-0.47797555069,-0.170997809425));
#6315 = CARTESIAN_POINT('',(-0.499309936368,-0.102801690845));
#6316 = CARTESIAN_POINT('',(-0.520347031281,-3.455990086987E-02));
#6317 = CARTESIAN_POINT('',(-0.541285383909,3.369705168225E-02));
#6318 = CARTESIAN_POINT('',(-0.562319994177,0.101939223343));
#6319 = CARTESIAN_POINT('',(-0.583649394031,0.170136107692));
#6320 = CARTESIAN_POINT('',(-0.605482385902,0.238255561232));
#6321 = CARTESIAN_POINT('',(-0.628047757748,0.306262240185));
#6322 = CARTESIAN_POINT('',(-0.651597186252,0.374117134424));
#6323 = CARTESIAN_POINT('',(-0.668159705665,0.41922020661));
#6324 = CARTESIAN_POINT('',(-0.676705614835,0.441730730126));
#6325 = ( GEOMETRIC_REPRESENTATION_CONTEXT(2) 
PARAMETRIC_REPRESENTATION_CONTEXT() REPRESENTATION_CONTEXT('2D SPACE',''
  ) );
#6326 = ORIENTED_EDGE('',*,*,#646,.T.);
#6327 = ADVANCED_FACE('',(#6328),#635,.T.);
#6328 = FACE_BOUND('',#6329,.T.);
#6329 = EDGE_LOOP('',(#6330,#6331,#6332));
#6330 = ORIENTED_EDGE('',*,*,#6218,.F.);
#6331 = ORIENTED_EDGE('',*,*,#618,.T.);
#6332 = ORIENTED_EDGE('',*,*,#6164,.F.);
#6333 = ADVANCED_FACE('',(#6334),#691,.T.);
#6334 = FACE_BOUND('',#6335,.T.);
#6335 = EDGE_LOOP('',(#6336,#6337,#6338));
#6336 = ORIENTED_EDGE('',*,*,#5879,.F.);
#6337 = ORIENTED_EDGE('',*,*,#674,.T.);
#6338 = ORIENTED_EDGE('',*,*,#6283,.F.);
#6339 = ADVANCED_FACE('',(#6340,#6350,#6353,#6356,#6450,#6456,#6462,
    #6468,#6474,#6480,#6506,#6512,#6515,#6518,#6521),#94,.T.);
#6340 = FACE_BOUND('',#6341,.T.);
#6341 = EDGE_LOOP('',(#6342,#6343,#6344,#6345,#6346,#6347,#6348,#6349));
#6342 = ORIENTED_EDGE('',*,*,#5786,.F.);
#6343 = ORIENTED_EDGE('',*,*,#5925,.F.);
#6344 = ORIENTED_EDGE('',*,*,#6262,.F.);
#6345 = ORIENTED_EDGE('',*,*,#6141,.F.);
#6346 = ORIENTED_EDGE('',*,*,#6020,.F.);
#6347 = ORIENTED_EDGE('',*,*,#5467,.F.);
#6348 = ORIENTED_EDGE('',*,*,#5422,.F.);
#6349 = ORIENTED_EDGE('',*,*,#5951,.F.);
#6350 = FACE_BOUND('',#6351,.T.);
#6351 = EDGE_LOOP('',(#6352));
#6352 = ORIENTED_EDGE('',*,*,#2671,.T.);
#6353 = FACE_BOUND('',#6354,.T.);
#6354 = EDGE_LOOP('',(#6355));
#6355 = ORIENTED_EDGE('',*,*,#359,.T.);
#6356 = FACE_BOUND('',#6357,.T.);
#6357 = EDGE_LOOP('',(#6358,#6383,#6406,#6429));
#6358 = ORIENTED_EDGE('',*,*,#6359,.F.);
#6359 = EDGE_CURVE('',#6360,#6362,#6364,.T.);
#6360 = VERTEX_POINT('',#6361);
#6361 = CARTESIAN_POINT('',(39.622425085067,-97.76909863505,10.));
#6362 = VERTEX_POINT('',#6363);
#6363 = CARTESIAN_POINT('',(39.622425085067,-42.16909863505,10.));
#6364 = SURFACE_CURVE('',#6365,(#6369,#6376),.PCURVE_S1.);
#6365 = LINE('',#6366,#6367);
#6366 = CARTESIAN_POINT('',(39.622425085067,-41.08454920204,10.));
#6367 = VECTOR('',#6368,1.);
#6368 = DIRECTION('',(-1.07440937867E-15,1.,0.));
#6369 = PCURVE('',#94,#6370);
#6370 = DEFINITIONAL_REPRESENTATION('',(#6371),#6375);
#6371 = LINE('',#6372,#6373);
#6372 = CARTESIAN_POINT('',(39.622424836855,-4.084549433011));
#6373 = VECTOR('',#6374,1.);
#6374 = DIRECTION('',(-1.07440937867E-15,1.));
#6375 = ( GEOMETRIC_REPRESENTATION_CONTEXT(2) 
PARAMETRIC_REPRESENTATION_CONTEXT() REPRESENTATION_CONTEXT('2D SPACE',''
  ) );
#6376 = PCURVE('',#1151,#6377);
#6377 = DEFINITIONAL_REPRESENTATION('',(#6378),#6382);
#6378 = LINE('',#6379,#6380);
#6379 = CARTESIAN_POINT('',(5.497787143782,0.));
#6380 = VECTOR('',#6381,1.);
#6381 = DIRECTION('',(3.194886401799E-17,-1.));
#6382 = ( GEOMETRIC_REPRESENTATION_CONTEXT(2) 
PARAMETRIC_REPRESENTATION_CONTEXT() REPRESENTATION_CONTEXT('2D SPACE',''
  ) );
#6383 = ORIENTED_EDGE('',*,*,#6384,.F.);
#6384 = EDGE_CURVE('',#6385,#6360,#6387,.T.);
#6385 = VERTEX_POINT('',#6386);
#6386 = CARTESIAN_POINT('',(-35.17757491492,-97.76909863505,10.));
#6387 = SURFACE_CURVE('',#6388,(#6392,#6399),.PCURVE_S1.);
#6388 = LINE('',#6389,#6390);
#6389 = CARTESIAN_POINT('',(18.311212666639,-97.76909863505,10.));
#6390 = VECTOR('',#6391,1.);
#6391 = DIRECTION('',(1.,1.032765604303E-15,0.));
#6392 = PCURVE('',#94,#6393);
#6393 = DEFINITIONAL_REPRESENTATION('',(#6394),#6398);
#6394 = LINE('',#6395,#6396);
#6395 = CARTESIAN_POINT('',(18.311212418428,-60.76909886602));
#6396 = VECTOR('',#6397,1.);
#6397 = DIRECTION('',(1.,1.032765604303E-15));
#6398 = ( GEOMETRIC_REPRESENTATION_CONTEXT(2) 
PARAMETRIC_REPRESENTATION_CONTEXT() REPRESENTATION_CONTEXT('2D SPACE',''
  ) );
#6399 = PCURVE('',#1233,#6400);
#6400 = DEFINITIONAL_REPRESENTATION('',(#6401),#6405);
#6401 = LINE('',#6402,#6403);
#6402 = CARTESIAN_POINT('',(5.497787143782,0.));
#6403 = VECTOR('',#6404,1.);
#6404 = DIRECTION('',(4.749617217648E-17,-1.));
#6405 = ( GEOMETRIC_REPRESENTATION_CONTEXT(2) 
PARAMETRIC_REPRESENTATION_CONTEXT() REPRESENTATION_CONTEXT('2D SPACE',''
  ) );
#6406 = ORIENTED_EDGE('',*,*,#6407,.F.);
#6407 = EDGE_CURVE('',#6408,#6385,#6410,.T.);
#6408 = VERTEX_POINT('',#6409);
#6409 = CARTESIAN_POINT('',(-35.17757491492,-42.16909863505,10.));
#6410 = SURFACE_CURVE('',#6411,(#6415,#6422),.PCURVE_S1.);
#6411 = LINE('',#6412,#6413);
#6412 = CARTESIAN_POINT('',(-35.17757491492,-65.88454920204,10.));
#6413 = VECTOR('',#6414,1.);
#6414 = DIRECTION('',(1.07440937867E-15,-1.,0.));
#6415 = PCURVE('',#94,#6416);
#6416 = DEFINITIONAL_REPRESENTATION('',(#6417),#6421);
#6417 = LINE('',#6418,#6419);
#6418 = CARTESIAN_POINT('',(-35.17757516313,-28.88454943301));
#6419 = VECTOR('',#6420,1.);
#6420 = DIRECTION('',(1.07440937867E-15,-1.));
#6421 = ( GEOMETRIC_REPRESENTATION_CONTEXT(2) 
PARAMETRIC_REPRESENTATION_CONTEXT() REPRESENTATION_CONTEXT('2D SPACE',''
  ) );
#6422 = PCURVE('',#1207,#6423);
#6423 = DEFINITIONAL_REPRESENTATION('',(#6424),#6428);
#6424 = LINE('',#6425,#6426);
#6425 = CARTESIAN_POINT('',(-0.785398163397,-7.105427357601E-15));
#6426 = VECTOR('',#6427,1.);
#6427 = DIRECTION('',(4.792329602699E-17,-1.));
#6428 = ( GEOMETRIC_REPRESENTATION_CONTEXT(2) 
PARAMETRIC_REPRESENTATION_CONTEXT() REPRESENTATION_CONTEXT('2D SPACE',''
  ) );
#6429 = ORIENTED_EDGE('',*,*,#6430,.F.);
#6430 = EDGE_CURVE('',#6362,#6408,#6431,.T.);
#6431 = SURFACE_CURVE('',#6432,(#6436,#6443),.PCURVE_S1.);
#6432 = LINE('',#6433,#6434);
#6433 = CARTESIAN_POINT('',(-16.08878733335,-42.16909863505,10.));
#6434 = VECTOR('',#6435,1.);
#6435 = DIRECTION('',(-1.,-1.290957005378E-15,0.));
#6436 = PCURVE('',#94,#6437);
#6437 = DEFINITIONAL_REPRESENTATION('',(#6438),#6442);
#6438 = LINE('',#6439,#6440);
#6439 = CARTESIAN_POINT('',(-16.08878758156,-5.169098866023));
#6440 = VECTOR('',#6441,1.);
#6441 = DIRECTION('',(-1.,-1.290957005378E-15));
#6442 = ( GEOMETRIC_REPRESENTATION_CONTEXT(2) 
PARAMETRIC_REPRESENTATION_CONTEXT() REPRESENTATION_CONTEXT('2D SPACE',''
  ) );
#6443 = PCURVE('',#1179,#6444);
#6444 = DEFINITIONAL_REPRESENTATION('',(#6445),#6449);
#6445 = LINE('',#6446,#6447);
#6446 = CARTESIAN_POINT('',(5.497787143782,0.));
#6447 = VECTOR('',#6448,1.);
#6448 = DIRECTION('',(0.,-1.));
#6449 = ( GEOMETRIC_REPRESENTATION_CONTEXT(2) 
PARAMETRIC_REPRESENTATION_CONTEXT() REPRESENTATION_CONTEXT('2D SPACE',''
  ) );
#6450 = FACE_BOUND('',#6451,.T.);
#6451 = EDGE_LOOP('',(#6452,#6453,#6454,#6455));
#6452 = ORIENTED_EDGE('',*,*,#4928,.T.);
#6453 = ORIENTED_EDGE('',*,*,#5097,.T.);
#6454 = ORIENTED_EDGE('',*,*,#5048,.T.);
#6455 = ORIENTED_EDGE('',*,*,#4999,.T.);
#6456 = FACE_BOUND('',#6457,.T.);
#6457 = EDGE_LOOP('',(#6458,#6459,#6460,#6461));
#6458 = ORIENTED_EDGE('',*,*,#4732,.T.);
#6459 = ORIENTED_EDGE('',*,*,#4901,.T.);
#6460 = ORIENTED_EDGE('',*,*,#4852,.T.);
#6461 = ORIENTED_EDGE('',*,*,#4803,.T.);
#6462 = FACE_BOUND('',#6463,.T.);
#6463 = EDGE_LOOP('',(#6464,#6465,#6466,#6467));
#6464 = ORIENTED_EDGE('',*,*,#4536,.T.);
#6465 = ORIENTED_EDGE('',*,*,#4705,.T.);
#6466 = ORIENTED_EDGE('',*,*,#4656,.T.);
#6467 = ORIENTED_EDGE('',*,*,#4607,.T.);
#6468 = FACE_BOUND('',#6469,.T.);
#6469 = EDGE_LOOP('',(#6470,#6471,#6472,#6473));
#6470 = ORIENTED_EDGE('',*,*,#4340,.T.);
#6471 = ORIENTED_EDGE('',*,*,#4509,.T.);
#6472 = ORIENTED_EDGE('',*,*,#4460,.T.);
#6473 = ORIENTED_EDGE('',*,*,#4411,.T.);
#6474 = FACE_BOUND('',#6475,.T.);
#6475 = EDGE_LOOP('',(#6476,#6477,#6478,#6479));
#6476 = ORIENTED_EDGE('',*,*,#4144,.T.);
#6477 = ORIENTED_EDGE('',*,*,#4313,.T.);
#6478 = ORIENTED_EDGE('',*,*,#4264,.T.);
#6479 = ORIENTED_EDGE('',*,*,#4215,.T.);
#6480 = FACE_BOUND('',#6481,.T.);
#6481 = EDGE_LOOP('',(#6482,#6483,#6484,#6485,#6486,#6487,#6488,#6489,
    #6490,#6491,#6492,#6493,#6494,#6495,#6496,#6497,#6498,#6499,#6500,
    #6501,#6502,#6503,#6504,#6505));
#6482 = ORIENTED_EDGE('',*,*,#2969,.T.);
#6483 = ORIENTED_EDGE('',*,*,#4117,.T.);
#6484 = ORIENTED_EDGE('',*,*,#4067,.T.);
#6485 = ORIENTED_EDGE('',*,*,#4018,.T.);
#6486 = ORIENTED_EDGE('',*,*,#3989,.T.);
#6487 = ORIENTED_EDGE('',*,*,#3916,.T.);
#6488 = ORIENTED_EDGE('',*,*,#3882,.T.);
#6489 = ORIENTED_EDGE('',*,*,#3810,.T.);
#6490 = ORIENTED_EDGE('',*,*,#3760,.T.);
#6491 = ORIENTED_EDGE('',*,*,#3711,.T.);
#6492 = ORIENTED_EDGE('',*,*,#3682,.T.);
#6493 = ORIENTED_EDGE('',*,*,#3608,.T.);
#6494 = ORIENTED_EDGE('',*,*,#3579,.T.);
#6495 = ORIENTED_EDGE('',*,*,#3505,.T.);
#6496 = ORIENTED_EDGE('',*,*,#3455,.T.);
#6497 = ORIENTED_EDGE('',*,*,#3406,.T.);
#6498 = ORIENTED_EDGE('',*,*,#3377,.T.);
#6499 = ORIENTED_EDGE('',*,*,#3303,.T.);
#6500 = ORIENTED_EDGE('',*,*,#3274,.T.);
#6501 = ORIENTED_EDGE('',*,*,#3200,.T.);
#6502 = ORIENTED_EDGE('',*,*,#3150,.T.);
#6503 = ORIENTED_EDGE('',*,*,#3101,.T.);
#6504 = ORIENTED_EDGE('',*,*,#3072,.T.);
#6505 = ORIENTED_EDGE('',*,*,#2998,.T.);
#6506 = FACE_BOUND('',#6507,.T.);
#6507 = EDGE_LOOP('',(#6508,#6509,#6510,#6511));
#6508 = ORIENTED_EDGE('',*,*,#2726,.T.);
#6509 = ORIENTED_EDGE('',*,*,#2895,.T.);
#6510 = ORIENTED_EDGE('',*,*,#2846,.T.);
#6511 = ORIENTED_EDGE('',*,*,#2797,.T.);
#6512 = FACE_BOUND('',#6513,.T.);
#6513 = EDGE_LOOP('',(#6514));
#6514 = ORIENTED_EDGE('',*,*,#330,.T.);
#6515 = FACE_BOUND('',#6516,.T.);
#6516 = EDGE_LOOP('',(#6517));
#6517 = ORIENTED_EDGE('',*,*,#248,.T.);
#6518 = FACE_BOUND('',#6519,.T.);
#6519 = EDGE_LOOP('',(#6520));
#6520 = ORIENTED_EDGE('',*,*,#166,.T.);
#6521 = FACE_BOUND('',#6522,.T.);
#6522 = EDGE_LOOP('',(#6523));
#6523 = ORIENTED_EDGE('',*,*,#79,.T.);
#6524 = ADVANCED_FACE('',(#6525),#1207,.T.);
#6525 = FACE_BOUND('',#6526,.T.);
#6526 = EDGE_LOOP('',(#6527,#6528,#6594,#6595));
#6527 = ORIENTED_EDGE('',*,*,#6407,.T.);
#6528 = ORIENTED_EDGE('',*,*,#6529,.T.);
#6529 = EDGE_CURVE('',#6385,#1192,#6530,.T.);
#6530 = SURFACE_CURVE('',#6531,(#6536,#6565),.PCURVE_S1.);
#6531 = ELLIPSE('',#6532,4.242640687119,3.);
#6532 = AXIS2_PLACEMENT_3D('',#6533,#6534,#6535);
#6533 = CARTESIAN_POINT('',(-35.17757491492,-97.76909863505,7.));
#6534 = DIRECTION('',(-0.707106781187,0.707106781187,0.));
#6535 = DIRECTION('',(-0.707106781187,-0.707106781187,0.));
#6536 = PCURVE('',#1207,#6537);
#6537 = DEFINITIONAL_REPRESENTATION('',(#6538),#6564);
#6538 = B_SPLINE_CURVE_WITH_KNOTS('',3,(#6539,#6540,#6541,#6542,#6543,
    #6544,#6545,#6546,#6547,#6548,#6549,#6550,#6551,#6552,#6553,#6554,
    #6555,#6556,#6557,#6558,#6559,#6560,#6561,#6562,#6563),
  .UNSPECIFIED.,.F.,.F.,(4,1,1,1,1,1,1,1,1,1,1,1,1,1,1,1,1,1,1,1,1,1,4),
  (1.570796326795,1.642196159831,1.713595992867,1.784995825903,
    1.856395658939,1.927795491976,1.999195325012,2.070595158048,
    2.141994991084,2.21339482412,2.284794657156,2.356194490192,
    2.427594323228,2.498994156265,2.570393989301,2.641793822337,
    2.713193655373,2.784593488409,2.855993321445,2.927393154481,
    2.998792987518,3.070192820554,3.14159265359),.QUASI_UNIFORM_KNOTS.);
#6539 = CARTESIAN_POINT('',(-0.785398163397,-31.88454943301));
#6540 = CARTESIAN_POINT('',(-0.761598219052,-31.8131490443));
#6541 = CARTESIAN_POINT('',(-0.713998330361,-31.67035022752));
#6542 = CARTESIAN_POINT('',(-0.642598497325,-31.45724193769));
#6543 = CARTESIAN_POINT('',(-0.571198664289,-31.24631153085));
#6544 = CARTESIAN_POINT('',(-0.499798831253,-31.038633325));
#6545 = CARTESIAN_POINT('',(-0.428398998217,-30.83526574404));
#6546 = CARTESIAN_POINT('',(-0.356999165181,-30.63724506411));
#6547 = CARTESIAN_POINT('',(-0.285599332145,-30.44558036352));
#6548 = CARTESIAN_POINT('',(-0.214199499108,-30.26124831888));
#6549 = CARTESIAN_POINT('',(-0.142799666072,-30.08518824479));
#6550 = CARTESIAN_POINT('',(-7.139983303611E-02,-29.91829730281));
#6551 = CARTESIAN_POINT('',(1.68753899743E-14,-29.761425931));
#6552 = CARTESIAN_POINT('',(7.139983303614E-02,-29.61537350986));
#6553 = CARTESIAN_POINT('',(0.142799666072,-29.48088428921));
#6554 = CARTESIAN_POINT('',(0.214199499108,-29.35864359469));
#6555 = CARTESIAN_POINT('',(0.285599332145,-29.24927433911));
#6556 = CARTESIAN_POINT('',(0.356999165181,-29.15333383469));
#6557 = CARTESIAN_POINT('',(0.428398998217,-29.07131100377));
#6558 = CARTESIAN_POINT('',(0.499798831253,-29.00362369825));
#6559 = CARTESIAN_POINT('',(0.571198664289,-28.95061727619));
#6560 = CARTESIAN_POINT('',(0.642598497325,-28.91256020753));
#6561 = CARTESIAN_POINT('',(0.713998330361,-28.88965253786));
#6562 = CARTESIAN_POINT('',(0.761598219052,-28.88454296334));
#6563 = CARTESIAN_POINT('',(0.785398163397,-28.88454943301));
#6564 = ( GEOMETRIC_REPRESENTATION_CONTEXT(2) 
PARAMETRIC_REPRESENTATION_CONTEXT() REPRESENTATION_CONTEXT('2D SPACE',''
  ) );
#6565 = PCURVE('',#1233,#6566);
#6566 = DEFINITIONAL_REPRESENTATION('',(#6567),#6593);
#6567 = B_SPLINE_CURVE_WITH_KNOTS('',3,(#6568,#6569,#6570,#6571,#6572,
    #6573,#6574,#6575,#6576,#6577,#6578,#6579,#6580,#6581,#6582,#6583,
    #6584,#6585,#6586,#6587,#6588,#6589,#6590,#6591,#6592),
  .UNSPECIFIED.,.F.,.F.,(4,1,1,1,1,1,1,1,1,1,1,1,1,1,1,1,1,1,1,1,1,1,4),
  (1.570796326795,1.642196159831,1.713595992867,1.784995825903,
    1.856395658939,1.927795491976,1.999195325012,2.070595158048,
    2.141994991084,2.21339482412,2.284794657156,2.356194490192,
    2.427594323228,2.498994156265,2.570393989301,2.641793822337,
    2.713193655373,2.784593488409,2.855993321445,2.927393154481,
    2.998792987518,3.070192820554,3.14159265359),.QUASI_UNIFORM_KNOTS.);
#6568 = CARTESIAN_POINT('',(5.497787143782,53.488787581563));
#6569 = CARTESIAN_POINT('',(5.521587088128,53.417387192858));
#6570 = CARTESIAN_POINT('',(5.569186976818,53.274588376075));
#6571 = CARTESIAN_POINT('',(5.640586809854,53.061480086245));
#6572 = CARTESIAN_POINT('',(5.711986642891,52.850549679405));
#6573 = CARTESIAN_POINT('',(5.783386475927,52.642871473559));
#6574 = CARTESIAN_POINT('',(5.854786308963,52.439503892592));
#6575 = CARTESIAN_POINT('',(5.926186141999,52.241483212669));
#6576 = CARTESIAN_POINT('',(5.997585975035,52.049818512077));
#6577 = CARTESIAN_POINT('',(6.068985808071,51.86548646744));
#6578 = CARTESIAN_POINT('',(6.140385641107,51.689426393342));
#6579 = CARTESIAN_POINT('',(6.211785474143,51.522535451365));
#6580 = CARTESIAN_POINT('',(6.28318530718,51.365664079559));
#6581 = CARTESIAN_POINT('',(6.354585140216,51.219611658418));
#6582 = CARTESIAN_POINT('',(6.425984973252,51.085122437769));
#6583 = CARTESIAN_POINT('',(6.497384806288,50.962881743245));
#6584 = CARTESIAN_POINT('',(6.568784639324,50.853512487668));
#6585 = CARTESIAN_POINT('',(6.64018447236,50.757571983249));
#6586 = CARTESIAN_POINT('',(6.711584305396,50.675549152331));
#6587 = CARTESIAN_POINT('',(6.782984138433,50.607861846809));
#6588 = CARTESIAN_POINT('',(6.854383971469,50.55485542475));
#6589 = CARTESIAN_POINT('',(6.925783804505,50.516798356089));
#6590 = CARTESIAN_POINT('',(6.997183637541,50.493890686417));
#6591 = CARTESIAN_POINT('',(7.044783526232,50.488781111897));
#6592 = CARTESIAN_POINT('',(7.068583470577,50.488787581563));
#6593 = ( GEOMETRIC_REPRESENTATION_CONTEXT(2) 
PARAMETRIC_REPRESENTATION_CONTEXT() REPRESENTATION_CONTEXT('2D SPACE',''
  ) );
#6594 = ORIENTED_EDGE('',*,*,#1191,.F.);
#6595 = ORIENTED_EDGE('',*,*,#6596,.F.);
#6596 = EDGE_CURVE('',#6408,#1164,#6597,.T.);
#6597 = SURFACE_CURVE('',#6598,(#6603,#6632),.PCURVE_S1.);
#6598 = ELLIPSE('',#6599,4.242640687119,3.);
#6599 = AXIS2_PLACEMENT_3D('',#6600,#6601,#6602);
#6600 = CARTESIAN_POINT('',(-35.17757491492,-42.16909863505,7.));
#6601 = DIRECTION('',(0.707106781187,0.707106781187,1.046728305789E-15)
  );
#6602 = DIRECTION('',(-0.707106781187,0.707106781187,1.046728305789E-15)
  );
#6603 = PCURVE('',#1207,#6604);
#6604 = DEFINITIONAL_REPRESENTATION('',(#6605),#6631);
#6605 = B_SPLINE_CURVE_WITH_KNOTS('',3,(#6606,#6607,#6608,#6609,#6610,
    #6611,#6612,#6613,#6614,#6615,#6616,#6617,#6618,#6619,#6620,#6621,
    #6622,#6623,#6624,#6625,#6626,#6627,#6628,#6629,#6630),
  .UNSPECIFIED.,.F.,.F.,(4,1,1,1,1,1,1,1,1,1,1,1,1,1,1,1,1,1,1,1,1,1,4),
  (1.570796326795,1.642196159831,1.713595992867,1.784995825903,
    1.856395658939,1.927795491976,1.999195325012,2.070595158048,
    2.141994991084,2.21339482412,2.284794657156,2.356194490192,
    2.427594323228,2.498994156265,2.570393989301,2.641793822337,
    2.713193655373,2.784593488409,2.855993321445,2.927393154481,
    2.998792987518,3.070192820554,3.14159265359),.QUASI_UNIFORM_KNOTS.);
#6606 = CARTESIAN_POINT('',(-0.785398163397,23.715450566988));
#6607 = CARTESIAN_POINT('',(-0.761598219052,23.644050178283));
#6608 = CARTESIAN_POINT('',(-0.713998330361,23.5012513615));
#6609 = CARTESIAN_POINT('',(-0.642598497325,23.28814307167));
#6610 = CARTESIAN_POINT('',(-0.571198664289,23.077212664831));
#6611 = CARTESIAN_POINT('',(-0.499798831253,22.869534458984));
#6612 = CARTESIAN_POINT('',(-0.428398998217,22.666166878017));
#6613 = CARTESIAN_POINT('',(-0.356999165181,22.468146198094));
#6614 = CARTESIAN_POINT('',(-0.285599332145,22.276481497503));
#6615 = CARTESIAN_POINT('',(-0.214199499108,22.092149452865));
#6616 = CARTESIAN_POINT('',(-0.142799666072,21.916089378768));
#6617 = CARTESIAN_POINT('',(-7.139983303612E-02,21.749198436791));
#6618 = CARTESIAN_POINT('',(1.21512657376E-14,21.592327064985));
#6619 = CARTESIAN_POINT('',(7.139983303614E-02,21.446274643844));
#6620 = CARTESIAN_POINT('',(0.142799666072,21.311785423195));
#6621 = CARTESIAN_POINT('',(0.214199499108,21.18954472867));
#6622 = CARTESIAN_POINT('',(0.285599332145,21.080175473094));
#6623 = CARTESIAN_POINT('',(0.356999165181,20.984234968675));
#6624 = CARTESIAN_POINT('',(0.428398998217,20.902212137756));
#6625 = CARTESIAN_POINT('',(0.499798831253,20.834524832235));
#6626 = CARTESIAN_POINT('',(0.571198664289,20.781518410175));
#6627 = CARTESIAN_POINT('',(0.642598497325,20.743461341514));
#6628 = CARTESIAN_POINT('',(0.713998330361,20.720553671843));
#6629 = CARTESIAN_POINT('',(0.761598219052,20.715444097322));
#6630 = CARTESIAN_POINT('',(0.785398163397,20.715450566988));
#6631 = ( GEOMETRIC_REPRESENTATION_CONTEXT(2) 
PARAMETRIC_REPRESENTATION_CONTEXT() REPRESENTATION_CONTEXT('2D SPACE',''
  ) );
#6632 = PCURVE('',#1179,#6633);
#6633 = DEFINITIONAL_REPRESENTATION('',(#6634),#6660);
#6634 = B_SPLINE_CURVE_WITH_KNOTS('',3,(#6635,#6636,#6637,#6638,#6639,
    #6640,#6641,#6642,#6643,#6644,#6645,#6646,#6647,#6648,#6649,#6650,
    #6651,#6652,#6653,#6654,#6655,#6656,#6657,#6658,#6659),
  .UNSPECIFIED.,.F.,.F.,(4,1,1,1,1,1,1,1,1,1,1,1,1,1,1,1,1,1,1,1,1,1,4),
  (1.570796326795,1.642196159831,1.713595992867,1.784995825903,
    1.856395658939,1.927795491976,1.999195325012,2.070595158048,
    2.141994991084,2.21339482412,2.284794657156,2.356194490192,
    2.427594323228,2.498994156265,2.570393989301,2.641793822337,
    2.713193655373,2.784593488409,2.855993321445,2.927393154481,
    2.998792987518,3.070192820554,3.14159265359),.QUASI_UNIFORM_KNOTS.);
#6635 = CARTESIAN_POINT('',(5.497787143782,-19.08878758156));
#6636 = CARTESIAN_POINT('',(5.521587088128,-19.01738719286));
#6637 = CARTESIAN_POINT('',(5.569186976818,-18.87458837607));
#6638 = CARTESIAN_POINT('',(5.640586809854,-18.66148008625));
#6639 = CARTESIAN_POINT('',(5.711986642891,-18.45054967941));
#6640 = CARTESIAN_POINT('',(5.783386475927,-18.24287147356));
#6641 = CARTESIAN_POINT('',(5.854786308963,-18.03950389259));
#6642 = CARTESIAN_POINT('',(5.926186141999,-17.84148321267));
#6643 = CARTESIAN_POINT('',(5.997585975035,-17.64981851208));
#6644 = CARTESIAN_POINT('',(6.068985808071,-17.46548646744));
#6645 = CARTESIAN_POINT('',(6.140385641107,-17.28942639334));
#6646 = CARTESIAN_POINT('',(6.211785474143,-17.12253545137));
#6647 = CARTESIAN_POINT('',(6.28318530718,-16.96566407956));
#6648 = CARTESIAN_POINT('',(6.354585140216,-16.81961165842));
#6649 = CARTESIAN_POINT('',(6.425984973252,-16.68512243777));
#6650 = CARTESIAN_POINT('',(6.497384806288,-16.56288174325));
#6651 = CARTESIAN_POINT('',(6.568784639324,-16.45351248767));
#6652 = CARTESIAN_POINT('',(6.64018447236,-16.35757198325));
#6653 = CARTESIAN_POINT('',(6.711584305396,-16.27554915233));
#6654 = CARTESIAN_POINT('',(6.782984138433,-16.20786184681));
#6655 = CARTESIAN_POINT('',(6.854383971469,-16.15485542475));
#6656 = CARTESIAN_POINT('',(6.925783804505,-16.11679835609));
#6657 = CARTESIAN_POINT('',(6.997183637541,-16.09389068642));
#6658 = CARTESIAN_POINT('',(7.044783526232,-16.0887811119));
#6659 = CARTESIAN_POINT('',(7.068583470577,-16.08878758156));
#6660 = ( GEOMETRIC_REPRESENTATION_CONTEXT(2) 
PARAMETRIC_REPRESENTATION_CONTEXT() REPRESENTATION_CONTEXT('2D SPACE',''
  ) );
#6661 = ADVANCED_FACE('',(#6662),#1151,.T.);
#6662 = FACE_BOUND('',#6663,.T.);
#6663 = EDGE_LOOP('',(#6664,#6665,#6731,#6732));
#6664 = ORIENTED_EDGE('',*,*,#6359,.T.);
#6665 = ORIENTED_EDGE('',*,*,#6666,.T.);
#6666 = EDGE_CURVE('',#6362,#1136,#6667,.T.);
#6667 = SURFACE_CURVE('',#6668,(#6673,#6702),.PCURVE_S1.);
#6668 = ELLIPSE('',#6669,4.242640687119,3.);
#6669 = AXIS2_PLACEMENT_3D('',#6670,#6671,#6672);
#6670 = CARTESIAN_POINT('',(39.622425085067,-42.16909863505,7.));
#6671 = DIRECTION('',(0.707106781187,-0.707106781187,0.));
#6672 = DIRECTION('',(0.707106781187,0.707106781187,0.));
#6673 = PCURVE('',#1151,#6674);
#6674 = DEFINITIONAL_REPRESENTATION('',(#6675),#6701);
#6675 = B_SPLINE_CURVE_WITH_KNOTS('',3,(#6676,#6677,#6678,#6679,#6680,
    #6681,#6682,#6683,#6684,#6685,#6686,#6687,#6688,#6689,#6690,#6691,
    #6692,#6693,#6694,#6695,#6696,#6697,#6698,#6699,#6700),
  .UNSPECIFIED.,.F.,.F.,(4,1,1,1,1,1,1,1,1,1,1,1,1,1,1,1,1,1,1,1,1,1,4),
  (1.570796326795,1.642196159831,1.713595992867,1.784995825903,
    1.856395658939,1.927795491976,1.999195325012,2.070595158048,
    2.141994991084,2.21339482412,2.284794657156,2.356194490192,
    2.427594323228,2.498994156265,2.570393989301,2.641793822337,
    2.713193655373,2.784593488409,2.855993321445,2.927393154481,
    2.998792987518,3.070192820554,3.14159265359),.QUASI_UNIFORM_KNOTS.);
#6676 = CARTESIAN_POINT('',(5.497787143782,1.084549433011));
#6677 = CARTESIAN_POINT('',(5.521587088128,1.155949821717));
#6678 = CARTESIAN_POINT('',(5.569186976818,1.2987486385));
#6679 = CARTESIAN_POINT('',(5.640586809854,1.51185692833));
#6680 = CARTESIAN_POINT('',(5.711986642891,1.722787335169));
#6681 = CARTESIAN_POINT('',(5.783386475927,1.930465541016));
#6682 = CARTESIAN_POINT('',(5.854786308963,2.133833121983));
#6683 = CARTESIAN_POINT('',(5.926186141999,2.331853801906));
#6684 = CARTESIAN_POINT('',(5.997585975035,2.523518502497));
#6685 = CARTESIAN_POINT('',(6.068985808071,2.707850547135));
#6686 = CARTESIAN_POINT('',(6.140385641107,2.883910621232));
#6687 = CARTESIAN_POINT('',(6.211785474143,3.050801563209));
#6688 = CARTESIAN_POINT('',(6.28318530718,3.207672935015));
#6689 = CARTESIAN_POINT('',(6.354585140216,3.353725356156));
#6690 = CARTESIAN_POINT('',(6.425984973252,3.488214576805));
#6691 = CARTESIAN_POINT('',(6.497384806288,3.61045527133));
#6692 = CARTESIAN_POINT('',(6.568784639324,3.719824526906));
#6693 = CARTESIAN_POINT('',(6.64018447236,3.815765031325));
#6694 = CARTESIAN_POINT('',(6.711584305396,3.897787862243));
#6695 = CARTESIAN_POINT('',(6.782984138433,3.965475167765));
#6696 = CARTESIAN_POINT('',(6.854383971469,4.018481589825));
#6697 = CARTESIAN_POINT('',(6.925783804505,4.056538658486));
#6698 = CARTESIAN_POINT('',(6.997183637541,4.079446328157));
#6699 = CARTESIAN_POINT('',(7.044783526232,4.084555902678));
#6700 = CARTESIAN_POINT('',(7.068583470577,4.084549433011));
#6701 = ( GEOMETRIC_REPRESENTATION_CONTEXT(2) 
PARAMETRIC_REPRESENTATION_CONTEXT() REPRESENTATION_CONTEXT('2D SPACE',''
  ) );
#6702 = PCURVE('',#1179,#6703);
#6703 = DEFINITIONAL_REPRESENTATION('',(#6704),#6730);
#6704 = B_SPLINE_CURVE_WITH_KNOTS('',3,(#6705,#6706,#6707,#6708,#6709,
    #6710,#6711,#6712,#6713,#6714,#6715,#6716,#6717,#6718,#6719,#6720,
    #6721,#6722,#6723,#6724,#6725,#6726,#6727,#6728,#6729),
  .UNSPECIFIED.,.F.,.F.,(4,1,1,1,1,1,1,1,1,1,1,1,1,1,1,1,1,1,1,1,1,1,4),
  (1.570796326795,1.642196159831,1.713595992867,1.784995825903,
    1.856395658939,1.927795491976,1.999195325012,2.070595158048,
    2.141994991084,2.21339482412,2.284794657156,2.356194490192,
    2.427594323228,2.498994156265,2.570393989301,2.641793822337,
    2.713193655373,2.784593488409,2.855993321445,2.927393154481,
    2.998792987518,3.070192820554,3.14159265359),.QUASI_UNIFORM_KNOTS.);
#6705 = CARTESIAN_POINT('',(5.497787143782,55.711212418423));
#6706 = CARTESIAN_POINT('',(5.521587088128,55.639812029718));
#6707 = CARTESIAN_POINT('',(5.569186976818,55.497013212935));
#6708 = CARTESIAN_POINT('',(5.640586809854,55.283904923105));
#6709 = CARTESIAN_POINT('',(5.711986642891,55.072974516265));
#6710 = CARTESIAN_POINT('',(5.783386475927,54.865296310419));
#6711 = CARTESIAN_POINT('',(5.854786308963,54.661928729452));
#6712 = CARTESIAN_POINT('',(5.926186141999,54.463908049529));
#6713 = CARTESIAN_POINT('',(5.997585975035,54.272243348937));
#6714 = CARTESIAN_POINT('',(6.068985808071,54.0879113043));
#6715 = CARTESIAN_POINT('',(6.140385641107,53.911851230202));
#6716 = CARTESIAN_POINT('',(6.211785474143,53.744960288226));
#6717 = CARTESIAN_POINT('',(6.28318530718,53.588088916419));
#6718 = CARTESIAN_POINT('',(6.354585140216,53.442036495278));
#6719 = CARTESIAN_POINT('',(6.425984973252,53.307547274629));
#6720 = CARTESIAN_POINT('',(6.497384806288,53.185306580105));
#6721 = CARTESIAN_POINT('',(6.568784639324,53.075937324528));
#6722 = CARTESIAN_POINT('',(6.64018447236,52.97999682011));
#6723 = CARTESIAN_POINT('',(6.711584305396,52.897973989191));
#6724 = CARTESIAN_POINT('',(6.782984138433,52.830286683669));
#6725 = CARTESIAN_POINT('',(6.854383971469,52.77728026161));
#6726 = CARTESIAN_POINT('',(6.925783804505,52.739223192949));
#6727 = CARTESIAN_POINT('',(6.997183637541,52.716315523277));
#6728 = CARTESIAN_POINT('',(7.044783526232,52.711205948757));
#6729 = CARTESIAN_POINT('',(7.068583470577,52.711212418423));
#6730 = ( GEOMETRIC_REPRESENTATION_CONTEXT(2) 
PARAMETRIC_REPRESENTATION_CONTEXT() REPRESENTATION_CONTEXT('2D SPACE',''
  ) );
#6731 = ORIENTED_EDGE('',*,*,#1133,.F.);
#6732 = ORIENTED_EDGE('',*,*,#6733,.T.);
#6733 = EDGE_CURVE('',#1134,#6360,#6734,.T.);
#6734 = SURFACE_CURVE('',#6735,(#6740,#6769),.PCURVE_S1.);
#6735 = ELLIPSE('',#6736,4.242640687119,3.);
#6736 = AXIS2_PLACEMENT_3D('',#6737,#6738,#6739);
#6737 = CARTESIAN_POINT('',(39.622425085067,-97.76909863505,7.));
#6738 = DIRECTION('',(0.707106781187,0.707106781187,0.));
#6739 = DIRECTION('',(-0.707106781187,0.707106781187,0.));
#6740 = PCURVE('',#1151,#6741);
#6741 = DEFINITIONAL_REPRESENTATION('',(#6742),#6768);
#6742 = B_SPLINE_CURVE_WITH_KNOTS('',3,(#6743,#6744,#6745,#6746,#6747,
    #6748,#6749,#6750,#6751,#6752,#6753,#6754,#6755,#6756,#6757,#6758,
    #6759,#6760,#6761,#6762,#6763,#6764,#6765,#6766,#6767),
  .UNSPECIFIED.,.F.,.F.,(4,1,1,1,1,1,1,1,1,1,1,1,1,1,1,1,1,1,1,1,1,1,4),
  (0.,7.139983303613E-02,0.142799666072,0.214199499108,0.285599332145,
    0.356999165181,0.428398998217,0.499798831253,0.571198664289,
    0.642598497325,0.713998330361,0.785398163397,0.856797996434,
    0.92819782947,0.999597662506,1.070997495542,1.142397328578,
    1.213797161614,1.28519699465,1.356596827687,1.427996660723,
    1.499396493759,1.570796326795),.QUASI_UNIFORM_KNOTS.);
#6743 = CARTESIAN_POINT('',(7.068583470577,53.684549433011));
#6744 = CARTESIAN_POINT('',(7.044783526232,53.684542963345));
#6745 = CARTESIAN_POINT('',(6.997183637541,53.689652537865));
#6746 = CARTESIAN_POINT('',(6.925783804505,53.712560207537));
#6747 = CARTESIAN_POINT('',(6.854383971469,53.750617276198));
#6748 = CARTESIAN_POINT('',(6.782984138433,53.803623698257));
#6749 = CARTESIAN_POINT('',(6.711584305396,53.871311003779));
#6750 = CARTESIAN_POINT('',(6.64018447236,53.953333834698));
#6751 = CARTESIAN_POINT('',(6.568784639324,54.049274339117));
#6752 = CARTESIAN_POINT('',(6.497384806288,54.158643594693));
#6753 = CARTESIAN_POINT('',(6.425984973252,54.280884289217));
#6754 = CARTESIAN_POINT('',(6.354585140216,54.415373509867));
#6755 = CARTESIAN_POINT('',(6.28318530718,54.561425931007));
#6756 = CARTESIAN_POINT('',(6.211785474143,54.718297302814));
#6757 = CARTESIAN_POINT('',(6.140385641107,54.885188244791));
#6758 = CARTESIAN_POINT('',(6.068985808071,55.061248318888));
#6759 = CARTESIAN_POINT('',(5.997585975035,55.245580363525));
#6760 = CARTESIAN_POINT('',(5.926186141999,55.437245064117));
#6761 = CARTESIAN_POINT('',(5.854786308963,55.63526574404));
#6762 = CARTESIAN_POINT('',(5.783386475927,55.838633325007));
#6763 = CARTESIAN_POINT('',(5.711986642891,56.046311530853));
#6764 = CARTESIAN_POINT('',(5.640586809854,56.257241937693));
#6765 = CARTESIAN_POINT('',(5.569186976818,56.470350227523));
#6766 = CARTESIAN_POINT('',(5.521587088128,56.613149044306));
#6767 = CARTESIAN_POINT('',(5.497787143782,56.684549433011));
#6768 = ( GEOMETRIC_REPRESENTATION_CONTEXT(2) 
PARAMETRIC_REPRESENTATION_CONTEXT() REPRESENTATION_CONTEXT('2D SPACE',''
  ) );
#6769 = PCURVE('',#1233,#6770);
#6770 = DEFINITIONAL_REPRESENTATION('',(#6771),#6797);
#6771 = B_SPLINE_CURVE_WITH_KNOTS('',3,(#6772,#6773,#6774,#6775,#6776,
    #6777,#6778,#6779,#6780,#6781,#6782,#6783,#6784,#6785,#6786,#6787,
    #6788,#6789,#6790,#6791,#6792,#6793,#6794,#6795,#6796),
  .UNSPECIFIED.,.F.,.F.,(4,1,1,1,1,1,1,1,1,1,1,1,1,1,1,1,1,1,1,1,1,1,4),
  (0.,7.139983303613E-02,0.142799666072,0.214199499108,0.285599332145,
    0.356999165181,0.428398998217,0.499798831253,0.571198664289,
    0.642598497325,0.713998330361,0.785398163397,0.856797996434,
    0.92819782947,0.999597662506,1.070997495542,1.142397328578,
    1.213797161614,1.28519699465,1.356596827687,1.427996660723,
    1.499396493759,1.570796326795),.QUASI_UNIFORM_KNOTS.);
#6772 = CARTESIAN_POINT('',(7.068583470577,-18.31121241842));
#6773 = CARTESIAN_POINT('',(7.044783526232,-18.31120594876));
#6774 = CARTESIAN_POINT('',(6.997183637541,-18.31631552328));
#6775 = CARTESIAN_POINT('',(6.925783804505,-18.33922319295));
#6776 = CARTESIAN_POINT('',(6.854383971469,-18.37728026161));
#6777 = CARTESIAN_POINT('',(6.782984138433,-18.43028668367));
#6778 = CARTESIAN_POINT('',(6.711584305396,-18.49797398919));
#6779 = CARTESIAN_POINT('',(6.64018447236,-18.57999682011));
#6780 = CARTESIAN_POINT('',(6.568784639324,-18.67593732453));
#6781 = CARTESIAN_POINT('',(6.497384806288,-18.78530658011));
#6782 = CARTESIAN_POINT('',(6.425984973252,-18.90754727463));
#6783 = CARTESIAN_POINT('',(6.354585140216,-19.04203649528));
#6784 = CARTESIAN_POINT('',(6.28318530718,-19.18808891642));
#6785 = CARTESIAN_POINT('',(6.211785474143,-19.34496028823));
#6786 = CARTESIAN_POINT('',(6.140385641107,-19.5118512302));
#6787 = CARTESIAN_POINT('',(6.068985808071,-19.6879113043));
#6788 = CARTESIAN_POINT('',(5.997585975035,-19.87224334894));
#6789 = CARTESIAN_POINT('',(5.926186141999,-20.06390804953));
#6790 = CARTESIAN_POINT('',(5.854786308963,-20.26192872945));
#6791 = CARTESIAN_POINT('',(5.783386475927,-20.46529631042));
#6792 = CARTESIAN_POINT('',(5.711986642891,-20.67297451627));
#6793 = CARTESIAN_POINT('',(5.640586809854,-20.8839049231));
#6794 = CARTESIAN_POINT('',(5.569186976818,-21.09701321293));
#6795 = CARTESIAN_POINT('',(5.521587088128,-21.23981202972));
#6796 = CARTESIAN_POINT('',(5.497787143782,-21.31121241842));
#6797 = ( GEOMETRIC_REPRESENTATION_CONTEXT(2) 
PARAMETRIC_REPRESENTATION_CONTEXT() REPRESENTATION_CONTEXT('2D SPACE',''
  ) );
#6798 = ADVANCED_FACE('',(#6799),#1179,.T.);
#6799 = FACE_BOUND('',#6800,.T.);
#6800 = EDGE_LOOP('',(#6801,#6802,#6803,#6804));
#6801 = ORIENTED_EDGE('',*,*,#1163,.F.);
#6802 = ORIENTED_EDGE('',*,*,#6666,.F.);
#6803 = ORIENTED_EDGE('',*,*,#6430,.T.);
#6804 = ORIENTED_EDGE('',*,*,#6596,.T.);
#6805 = ADVANCED_FACE('',(#6806),#1233,.T.);
#6806 = FACE_BOUND('',#6807,.T.);
#6807 = EDGE_LOOP('',(#6808,#6809,#6810,#6811));
#6808 = ORIENTED_EDGE('',*,*,#6384,.T.);
#6809 = ORIENTED_EDGE('',*,*,#6733,.F.);
#6810 = ORIENTED_EDGE('',*,*,#1219,.F.);
#6811 = ORIENTED_EDGE('',*,*,#6529,.F.);
#6812 = ( GEOMETRIC_REPRESENTATION_CONTEXT(3) 
GLOBAL_UNCERTAINTY_ASSIGNED_CONTEXT((#6816)) 
GLOBAL_UNIT_ASSIGNED_CONTEXT((#6813,#6814,#6815)) REPRESENTATION_CONTEXT
('Context #1','3D Context with UNIT and UNCERTAINTY') );
#6813 = ( LENGTH_UNIT() NAMED_UNIT(*) SI_UNIT(.MILLI.,.METRE.) );
#6814 = ( NAMED_UNIT(*) PLANE_ANGLE_UNIT() SI_UNIT($,.RADIAN.) );
#6815 = ( NAMED_UNIT(*) SI_UNIT($,.STERADIAN.) SOLID_ANGLE_UNIT() );
#6816 = UNCERTAINTY_MEASURE_WITH_UNIT(LENGTH_MEASURE(5.E-04),#6813,
  'distance_accuracy_value','confusion accuracy');
#6817 = PRODUCT_RELATED_PRODUCT_CATEGORY('part',$,(#7));
ENDSEC;
END-ISO-10303-21;
