ISO-10303-21;
HEADER;
FILE_DESCRIPTION(('Open CASCADE Model'),'2;1');
FILE_NAME('Open CASCADE Shape Model','2026-08-07T13:54:52',('Author'),(
    'Open CASCADE'),'Open CASCADE STEP processor 7.9','Open CASCADE 7.9'
  ,'Unknown');
FILE_SCHEMA(('AUTOMOTIVE_DESIGN { 1 0 10303 214 1 1 1 1 }'));
ENDSEC;
DATA;
#1 = APPLICATION_PROTOCOL_DEFINITION('international standard',
  'automotive_design',2000,#2);
#2 = APPLICATION_CONTEXT(
  'core data for automotive mechanical design processes');
#3 = SHAPE_DEFINITION_REPRESENTATION(#4,#10);
#4 = PRODUCT_DEFINITION_SHAPE('','',#5);
#5 = PRODUCT_DEFINITION('design','',#6,#9);
#6 = PRODUCT_DEFINITION_FORMATION('','',#7);
#7 = PRODUCT('Open CASCADE STEP translator 7.9 3',
  'Open CASCADE STEP translator 7.9 3','',(#8));
#8 = PRODUCT_CONTEXT('',#2,'mechanical');
#9 = PRODUCT_DEFINITION_CONTEXT('part definition',#2,'design');
#10 = ADVANCED_BREP_SHAPE_REPRESENTATION('',(#11,#15),#2017);
#11 = AXIS2_PLACEMENT_3D('',#12,#13,#14);
#12 = CARTESIAN_POINT('',(0.,0.,0.));
#13 = DIRECTION('',(0.,0.,1.));
#14 = DIRECTION('',(1.,0.,-0.));
#15 = MANIFOLD_SOLID_BREP('',#16);
#16 = CLOSED_SHELL('',(#17,#307,#468,#571,#669,#818,#889,#936,#943,#950,
    #1021,#1048,#1075,#1082,#1109,#1136,#1143,#1219,#1295,#1371,#1447,
    #1529,#1611,#1693,#1775,#1864,#1917,#1979,#2010));
#17 = ADVANCED_FACE('',(#18,#193),#32,.F.);
#18 = FACE_BOUND('',#19,.T.);
#19 = EDGE_LOOP('',(#20,#55,#83,#111,#139,#167));
#20 = ORIENTED_EDGE('',*,*,#21,.T.);
#21 = EDGE_CURVE('',#22,#24,#26,.T.);
#22 = VERTEX_POINT('',#23);
#23 = CARTESIAN_POINT('',(-122.0645664414,52.205952798775,
    23.005705600654));
#24 = VERTEX_POINT('',#25);
#25 = CARTESIAN_POINT('',(-135.1716335369,63.204087964422,
    23.005705600654));
#26 = SURFACE_CURVE('',#27,(#31,#43),.PCURVE_S1.);
#27 = LINE('',#28,#29);
#28 = CARTESIAN_POINT('',(-131.8948667631,60.45455417301,23.005705600654
    ));
#29 = VECTOR('',#30,1.);
#30 = DIRECTION('',(-0.766044443119,0.642787609687,7.611881830264E-16));
#31 = PCURVE('',#32,#37);
#32 = PLANE('',#33);
#33 = AXIS2_PLACEMENT_3D('',#34,#35,#36);
#34 = CARTESIAN_POINT('',(-128.6180999892,57.705020381598,
    18.000000268221));
#35 = DIRECTION('',(0.642787609687,0.766044443119,5.404363947423E-16));
#36 = DIRECTION('',(-0.766044443119,0.642787609687,-2.397457593845E-16)
  );
#37 = DEFINITIONAL_REPRESENTATION('',(#38),#42);
#38 = LINE('',#39,#40);
#39 = CARTESIAN_POINT('',(4.277515232057,5.005705332432));
#40 = VECTOR('',#41,1.);
#41 = DIRECTION('',(1.,1.000933942411E-15));
#42 = ( GEOMETRIC_REPRESENTATION_CONTEXT(2) 
PARAMETRIC_REPRESENTATION_CONTEXT() REPRESENTATION_CONTEXT('2D SPACE',''
  ) );
#43 = PCURVE('',#44,#49);
#44 = PLANE('',#45);
#45 = AXIS2_PLACEMENT_3D('',#46,#47,#48);
#46 = CARTESIAN_POINT('',(-135.1716335369,63.204087964422,
    23.005705600654));
#47 = DIRECTION('',(-2.357181594112E-16,9.032806297408E-16,-1.));
#48 = DIRECTION('',(-8.715574274765E-02,0.996194698092,
    9.203875654993E-16));
#49 = DEFINITIONAL_REPRESENTATION('',(#50),#54);
#50 = LINE('',#51,#52);
#51 = CARTESIAN_POINT('',(-3.024660027216,3.024660027217));
#52 = VECTOR('',#53,1.);
#53 = DIRECTION('',(0.707106781187,-0.707106781187));
#54 = ( GEOMETRIC_REPRESENTATION_CONTEXT(2) 
PARAMETRIC_REPRESENTATION_CONTEXT() REPRESENTATION_CONTEXT('2D SPACE',''
  ) );
#55 = ORIENTED_EDGE('',*,*,#56,.T.);
#56 = EDGE_CURVE('',#24,#57,#59,.T.);
#57 = VERTEX_POINT('',#58);
#58 = CARTESIAN_POINT('',(-135.1716335369,63.204087964423,2.505705600654
    ));
#59 = SURFACE_CURVE('',#60,(#64,#71),.PCURVE_S1.);
#60 = LINE('',#61,#62);
#61 = CARTESIAN_POINT('',(-135.1716335369,63.204087964422,
    12.494294935789));
#62 = VECTOR('',#63,1.);
#63 = DIRECTION('',(7.26490323115E-16,9.589184693738E-17,-1.));
#64 = PCURVE('',#32,#65);
#65 = DEFINITIONAL_REPRESENTATION('',(#66),#70);
#66 = LINE('',#67,#68);
#67 = CARTESIAN_POINT('',(8.555030464115,-5.505705332432));
#68 = VECTOR('',#69,1.);
#69 = DIRECTION('',(-2.551400245361E-16,-1.));
#70 = ( GEOMETRIC_REPRESENTATION_CONTEXT(2) 
PARAMETRIC_REPRESENTATION_CONTEXT() REPRESENTATION_CONTEXT('2D SPACE',''
  ) );
#71 = PCURVE('',#72,#77);
#72 = PLANE('',#73);
#73 = AXIS2_PLACEMENT_3D('',#74,#75,#76);
#74 = CARTESIAN_POINT('',(-135.1716335369,63.204087964423,
    23.005705600654));
#75 = DIRECTION('',(-0.939692620786,-0.342020143326,-1.985687739219E-15)
  );
#76 = DIRECTION('',(-0.342020143326,0.939692620786,1.352470962251E-15));
#77 = DEFINITIONAL_REPRESENTATION('',(#78),#82);
#78 = LINE('',#79,#80);
#79 = CARTESIAN_POINT('',(-3.115890204474E-13,10.511410664865));
#80 = VECTOR('',#81,1.);
#81 = DIRECTION('',(-1.510836425727E-15,1.));
#82 = ( GEOMETRIC_REPRESENTATION_CONTEXT(2) 
PARAMETRIC_REPRESENTATION_CONTEXT() REPRESENTATION_CONTEXT('2D SPACE',''
  ) );
#83 = ORIENTED_EDGE('',*,*,#84,.T.);
#84 = EDGE_CURVE('',#57,#85,#87,.T.);
#85 = VERTEX_POINT('',#86);
#86 = CARTESIAN_POINT('',(-135.1716335369,63.204087964419,0.494294935789
    ));
#87 = SURFACE_CURVE('',#88,(#92,#99),.PCURVE_S1.);
#88 = LINE('',#89,#90);
#89 = CARTESIAN_POINT('',(-135.1716335369,63.204087964422,
    12.494294935789));
#90 = VECTOR('',#91,1.);
#91 = DIRECTION('',(7.26490323115E-16,9.589184693738E-17,-1.));
#92 = PCURVE('',#32,#93);
#93 = DEFINITIONAL_REPRESENTATION('',(#94),#98);
#94 = LINE('',#95,#96);
#95 = CARTESIAN_POINT('',(8.555030464115,-5.505705332432));
#96 = VECTOR('',#97,1.);
#97 = DIRECTION('',(-2.551400245361E-16,-1.));
#98 = ( GEOMETRIC_REPRESENTATION_CONTEXT(2) 
PARAMETRIC_REPRESENTATION_CONTEXT() REPRESENTATION_CONTEXT('2D SPACE',''
  ) );
#99 = PCURVE('',#100,#105);
#100 = PLANE('',#101);
#101 = AXIS2_PLACEMENT_3D('',#102,#103,#104);
#102 = CARTESIAN_POINT('',(-135.1716335369,63.204087964422,
    12.494294935789));
#103 = DIRECTION('',(-0.766044443119,0.642787609687,-2.397457593845E-16)
  );
#104 = DIRECTION('',(-5.310417251019E-16,-2.598926934443E-16,1.));
#105 = DEFINITIONAL_REPRESENTATION('',(#106),#110);
#106 = LINE('',#107,#108);
#107 = CARTESIAN_POINT('',(0.,0.));
#108 = VECTOR('',#109,1.);
#109 = DIRECTION('',(-1.,-6.508102468073E-30));
#110 = ( GEOMETRIC_REPRESENTATION_CONTEXT(2) 
PARAMETRIC_REPRESENTATION_CONTEXT() REPRESENTATION_CONTEXT('2D SPACE',''
  ) );
#111 = ORIENTED_EDGE('',*,*,#112,.F.);
#112 = EDGE_CURVE('',#113,#85,#115,.T.);
#113 = VERTEX_POINT('',#114);
#114 = CARTESIAN_POINT('',(-122.0645664414,52.205952798772,
    0.494294935789));
#115 = SURFACE_CURVE('',#116,(#120,#127),.PCURVE_S1.);
#116 = LINE('',#117,#118);
#117 = CARTESIAN_POINT('',(-135.1716335369,63.204087964419,
    0.494294935789));
#118 = VECTOR('',#119,1.);
#119 = DIRECTION('',(-0.766044443119,0.642787609687,-2.397457593845E-16)
  );
#120 = PCURVE('',#32,#121);
#121 = DEFINITIONAL_REPRESENTATION('',(#122),#126);
#122 = LINE('',#123,#124);
#123 = CARTESIAN_POINT('',(8.555030464113,-17.50570533243));
#124 = VECTOR('',#125,1.);
#125 = DIRECTION('',(1.,9.01273584215E-29));
#126 = ( GEOMETRIC_REPRESENTATION_CONTEXT(2) 
PARAMETRIC_REPRESENTATION_CONTEXT() REPRESENTATION_CONTEXT('2D SPACE',''
  ) );
#127 = PCURVE('',#128,#133);
#128 = PLANE('',#129);
#129 = AXIS2_PLACEMENT_3D('',#130,#131,#132);
#130 = CARTESIAN_POINT('',(-122.0645664414,52.205952798772,
    0.494294935789));
#131 = DIRECTION('',(-2.113734665603E-15,1.040989188113E-15,-1.));
#132 = DIRECTION('',(0.996194698092,8.715574274766E-02,
    -2.014963081164E-15));
#133 = DEFINITIONAL_REPRESENTATION('',(#134),#138);
#134 = LINE('',#135,#136);
#135 = CARTESIAN_POINT('',(-12.09864010886,-12.09864010886));
#136 = VECTOR('',#137,1.);
#137 = DIRECTION('',(-0.707106781187,-0.707106781187));
#138 = ( GEOMETRIC_REPRESENTATION_CONTEXT(2) 
PARAMETRIC_REPRESENTATION_CONTEXT() REPRESENTATION_CONTEXT('2D SPACE',''
  ) );
#139 = ORIENTED_EDGE('',*,*,#140,.T.);
#140 = EDGE_CURVE('',#113,#141,#143,.T.);
#141 = VERTEX_POINT('',#142);
#142 = CARTESIAN_POINT('',(-122.0645664414,52.205952798775,
    2.505705600654));
#143 = SURFACE_CURVE('',#144,(#148,#155),.PCURVE_S1.);
#144 = LINE('',#145,#146);
#145 = CARTESIAN_POINT('',(-122.0645664414,52.205952798775,
    12.494294935789));
#146 = VECTOR('',#147,1.);
#147 = DIRECTION('',(-5.310417251019E-16,-2.598926934443E-16,1.));
#148 = PCURVE('',#32,#149);
#149 = DEFINITIONAL_REPRESENTATION('',(#150),#154);
#150 = LINE('',#151,#152);
#151 = CARTESIAN_POINT('',(-8.555030464115,-5.505705332432));
#152 = VECTOR('',#153,1.);
#153 = DIRECTION('',(3.944304526105E-31,1.));
#154 = ( GEOMETRIC_REPRESENTATION_CONTEXT(2) 
PARAMETRIC_REPRESENTATION_CONTEXT() REPRESENTATION_CONTEXT('2D SPACE',''
  ) );
#155 = PCURVE('',#156,#161);
#156 = PLANE('',#157);
#157 = AXIS2_PLACEMENT_3D('',#158,#159,#160);
#158 = CARTESIAN_POINT('',(-122.0645664414,52.205952798775,
    23.505705600654));
#159 = DIRECTION('',(0.766044443119,-0.642787609687,2.397457593845E-16)
  );
#160 = DIRECTION('',(5.310417251019E-16,2.598926934443E-16,-1.));
#161 = DEFINITIONAL_REPRESENTATION('',(#162),#166);
#162 = LINE('',#163,#164);
#163 = CARTESIAN_POINT('',(11.011410664865,8.364058245189E-28));
#164 = VECTOR('',#165,1.);
#165 = DIRECTION('',(-1.,0.));
#166 = ( GEOMETRIC_REPRESENTATION_CONTEXT(2) 
PARAMETRIC_REPRESENTATION_CONTEXT() REPRESENTATION_CONTEXT('2D SPACE',''
  ) );
#167 = ORIENTED_EDGE('',*,*,#168,.T.);
#168 = EDGE_CURVE('',#141,#22,#169,.T.);
#169 = SURFACE_CURVE('',#170,(#174,#181),.PCURVE_S1.);
#170 = LINE('',#171,#172);
#171 = CARTESIAN_POINT('',(-122.0645664414,52.205952798775,
    12.494294935789));
#172 = VECTOR('',#173,1.);
#173 = DIRECTION('',(-5.310417251019E-16,-2.598926934443E-16,1.));
#174 = PCURVE('',#32,#175);
#175 = DEFINITIONAL_REPRESENTATION('',(#176),#180);
#176 = LINE('',#177,#178);
#177 = CARTESIAN_POINT('',(-8.555030464115,-5.505705332432));
#178 = VECTOR('',#179,1.);
#179 = DIRECTION('',(3.944304526105E-31,1.));
#180 = ( GEOMETRIC_REPRESENTATION_CONTEXT(2) 
PARAMETRIC_REPRESENTATION_CONTEXT() REPRESENTATION_CONTEXT('2D SPACE',''
  ) );
#181 = PCURVE('',#182,#187);
#182 = PLANE('',#183);
#183 = AXIS2_PLACEMENT_3D('',#184,#185,#186);
#184 = CARTESIAN_POINT('',(-112.2164889113,50.469471022106,
    23.005705600654));
#185 = DIRECTION('',(-0.173648177667,-0.984807753012,-2.134156913978E-15
    ));
#186 = DIRECTION('',(-0.984807753012,0.173648177667,-1.189833317313E-15)
  );
#187 = DEFINITIONAL_REPRESENTATION('',(#188),#192);
#188 = LINE('',#189,#190);
#189 = CARTESIAN_POINT('',(10.,10.511410664865));
#190 = VECTOR('',#191,1.);
#191 = DIRECTION('',(-7.119892018649E-16,-1.));
#192 = ( GEOMETRIC_REPRESENTATION_CONTEXT(2) 
PARAMETRIC_REPRESENTATION_CONTEXT() REPRESENTATION_CONTEXT('2D SPACE',''
  ) );
#193 = FACE_BOUND('',#194,.T.);
#194 = EDGE_LOOP('',(#195,#225,#253,#281));
#195 = ORIENTED_EDGE('',*,*,#196,.F.);
#196 = EDGE_CURVE('',#197,#199,#201,.T.);
#197 = VERTEX_POINT('',#198);
#198 = CARTESIAN_POINT('',(-130.6694213792,59.426283403387,
    22.942628019705));
#199 = VERTEX_POINT('',#200);
#200 = CARTESIAN_POINT('',(-130.6694213792,59.426283403387,
    14.942628019705));
#201 = SURFACE_CURVE('',#202,(#206,#213),.PCURVE_S1.);
#202 = LINE('',#203,#204);
#203 = CARTESIAN_POINT('',(-130.6694213792,59.426283403387,
    18.471314143963));
#204 = VECTOR('',#205,1.);
#205 = DIRECTION('',(-1.10276765377E-14,9.958808924647E-15,-1.));
#206 = PCURVE('',#32,#207);
#207 = DEFINITIONAL_REPRESENTATION('',(#208),#212);
#208 = LINE('',#209,#210);
#209 = CARTESIAN_POINT('',(2.67780989529,0.471313875742));
#210 = VECTOR('',#211,1.);
#211 = DIRECTION('',(1.50888350756E-14,-1.));
#212 = ( GEOMETRIC_REPRESENTATION_CONTEXT(2) 
PARAMETRIC_REPRESENTATION_CONTEXT() REPRESENTATION_CONTEXT('2D SPACE',''
  ) );
#213 = PCURVE('',#214,#219);
#214 = PLANE('',#215);
#215 = AXIS2_PLACEMENT_3D('',#216,#217,#218);
#216 = CARTESIAN_POINT('',(-163.5295592718,20.265096016805,
    18.942628019705));
#217 = DIRECTION('',(-0.766044443119,0.642787609687,1.484908931622E-14)
  );
#218 = DIRECTION('',(-1.173581949086E-14,9.114877016147E-15,-1.));
#219 = DEFINITIONAL_REPRESENTATION('',(#220),#224);
#220 = LINE('',#221,#222);
#221 = CARTESIAN_POINT('',(0.471313875742,-51.12129947335));
#222 = VECTOR('',#223,1.);
#223 = DIRECTION('',(1.,-1.101674865056E-15));
#224 = ( GEOMETRIC_REPRESENTATION_CONTEXT(2) 
PARAMETRIC_REPRESENTATION_CONTEXT() REPRESENTATION_CONTEXT('2D SPACE',''
  ) );
#225 = ORIENTED_EDGE('',*,*,#226,.F.);
#226 = EDGE_CURVE('',#227,#197,#229,.T.);
#227 = VERTEX_POINT('',#228);
#228 = CARTESIAN_POINT('',(-127.4907290209,56.759043817906,
    22.942628019705));
#229 = SURFACE_CURVE('',#230,(#234,#241),.PCURVE_S1.);
#230 = LINE('',#231,#232);
#231 = CARTESIAN_POINT('',(-122.3663384746,52.45916960047,
    22.942628019706));
#232 = VECTOR('',#233,1.);
#233 = DIRECTION('',(-0.766044443119,0.642787609687,8.162675013861E-15)
  );
#234 = PCURVE('',#32,#235);
#235 = DEFINITIONAL_REPRESENTATION('',(#236),#240);
#236 = LINE('',#237,#238);
#237 = CARTESIAN_POINT('',(-8.161095052355,4.942627751485));
#238 = VECTOR('',#239,1.);
#239 = DIRECTION('',(1.,8.402420773245E-15));
#240 = ( GEOMETRIC_REPRESENTATION_CONTEXT(2) 
PARAMETRIC_REPRESENTATION_CONTEXT() REPRESENTATION_CONTEXT('2D SPACE',''
  ) );
#241 = PCURVE('',#242,#247);
#242 = PLANE('',#243);
#243 = AXIS2_PLACEMENT_3D('',#244,#245,#246);
#244 = CARTESIAN_POINT('',(-141.6340748062,18.356089406746,
    22.942628019706));
#245 = DIRECTION('',(5.941267870907E-15,-5.618340680263E-15,1.));
#246 = DIRECTION('',(-0.642787609687,-0.766044443119,-4.84925284417E-16)
  );
#247 = DEFINITIONAL_REPRESENTATION('',(#248),#252);
#248 = LINE('',#249,#250);
#249 = CARTESIAN_POINT('',(-38.50953725631,-7.161095052353));
#250 = VECTOR('',#251,1.);
#251 = DIRECTION('',(-4.218847493576E-15,-1.));
#252 = ( GEOMETRIC_REPRESENTATION_CONTEXT(2) 
PARAMETRIC_REPRESENTATION_CONTEXT() REPRESENTATION_CONTEXT('2D SPACE',''
  ) );
#253 = ORIENTED_EDGE('',*,*,#254,.F.);
#254 = EDGE_CURVE('',#255,#227,#257,.T.);
#255 = VERTEX_POINT('',#256);
#256 = CARTESIAN_POINT('',(-127.4907290209,56.759043817906,
    14.942628019705));
#257 = SURFACE_CURVE('',#258,(#262,#269),.PCURVE_S1.);
#258 = LINE('',#259,#260);
#259 = CARTESIAN_POINT('',(-127.4907290209,56.759043817906,
    20.471314143963));
#260 = VECTOR('',#261,1.);
#261 = DIRECTION('',(1.10276765377E-14,-9.958808924647E-15,1.));
#262 = PCURVE('',#32,#263);
#263 = DEFINITIONAL_REPRESENTATION('',(#264),#268);
#264 = LINE('',#265,#266);
#265 = CARTESIAN_POINT('',(-1.471678279788,2.471313875742));
#266 = VECTOR('',#267,1.);
#267 = DIRECTION('',(-1.50888350756E-14,1.));
#268 = ( GEOMETRIC_REPRESENTATION_CONTEXT(2) 
PARAMETRIC_REPRESENTATION_CONTEXT() REPRESENTATION_CONTEXT('2D SPACE',''
  ) );
#269 = PCURVE('',#270,#275);
#270 = PLANE('',#271);
#271 = AXIS2_PLACEMENT_3D('',#272,#273,#274);
#272 = CARTESIAN_POINT('',(-159.5473824013,18.555411985223,
    22.942628019705));
#273 = DIRECTION('',(0.766044443119,-0.642787609687,-1.484908931622E-14)
  );
#274 = DIRECTION('',(-1.173581949086E-14,9.114877016147E-15,-1.));
#275 = DEFINITIONAL_REPRESENTATION('',(#276),#280);
#276 = LINE('',#277,#278);
#277 = CARTESIAN_POINT('',(2.471313875742,49.871299473351));
#278 = VECTOR('',#279,1.);
#279 = DIRECTION('',(-1.,-1.101674865056E-15));
#280 = ( GEOMETRIC_REPRESENTATION_CONTEXT(2) 
PARAMETRIC_REPRESENTATION_CONTEXT() REPRESENTATION_CONTEXT('2D SPACE',''
  ) );
#281 = ORIENTED_EDGE('',*,*,#282,.F.);
#282 = EDGE_CURVE('',#199,#255,#283,.T.);
#283 = SURFACE_CURVE('',#284,(#288,#295),.PCURVE_S1.);
#284 = LINE('',#285,#286);
#285 = CARTESIAN_POINT('',(-121.6002940315,51.816381990784,
    14.942628019706));
#286 = VECTOR('',#287,1.);
#287 = DIRECTION('',(0.766044443119,-0.642787609687,-8.162675013861E-15)
  );
#288 = PCURVE('',#32,#289);
#289 = DEFINITIONAL_REPRESENTATION('',(#290),#294);
#290 = LINE('',#291,#292);
#291 = CARTESIAN_POINT('',(-9.161095052355,-3.057372248515));
#292 = VECTOR('',#293,1.);
#293 = DIRECTION('',(-1.,-8.402420773245E-15));
#294 = ( GEOMETRIC_REPRESENTATION_CONTEXT(2) 
PARAMETRIC_REPRESENTATION_CONTEXT() REPRESENTATION_CONTEXT('2D SPACE',''
  ) );
#295 = PCURVE('',#296,#301);
#296 = PLANE('',#297);
#297 = AXIS2_PLACEMENT_3D('',#298,#299,#300);
#298 = CARTESIAN_POINT('',(-167.3455791937,-12.28568831801,
    14.942628019705));
#299 = DIRECTION('',(-5.941267870907E-15,5.618340680263E-15,-1.));
#300 = DIRECTION('',(0.642787609687,0.766044443119,4.84925284417E-16));
#301 = DEFINITIONAL_REPRESENTATION('',(#302),#306);
#302 = LINE('',#303,#304);
#303 = CARTESIAN_POINT('',(78.509537256316,-6.161095052353));
#304 = VECTOR('',#305,1.);
#305 = DIRECTION('',(-4.218847493576E-15,1.));
#306 = ( GEOMETRIC_REPRESENTATION_CONTEXT(2) 
PARAMETRIC_REPRESENTATION_CONTEXT() REPRESENTATION_CONTEXT('2D SPACE',''
  ) );
#307 = ADVANCED_FACE('',(#308),#322,.T.);
#308 = FACE_BOUND('',#309,.T.);
#309 = EDGE_LOOP('',(#310,#340,#368,#391,#419,#442));
#310 = ORIENTED_EDGE('',*,*,#311,.T.);
#311 = EDGE_CURVE('',#312,#314,#316,.T.);
#312 = VERTEX_POINT('',#313);
#313 = CARTESIAN_POINT('',(-133.8860583176,64.73617685066,
    23.005705600654));
#314 = VERTEX_POINT('',#315);
#315 = CARTESIAN_POINT('',(-120.7789912221,53.738041685013,
    23.005705600654));
#316 = SURFACE_CURVE('',#317,(#321,#333),.PCURVE_S1.);
#317 = LINE('',#318,#319);
#318 = CARTESIAN_POINT('',(-130.6092915437,61.986643059248,
    23.005705600654));
#319 = VECTOR('',#320,1.);
#320 = DIRECTION('',(0.766044443119,-0.642787609687,-7.611881830264E-16)
  );
#321 = PCURVE('',#322,#327);
#322 = PLANE('',#323);
#323 = AXIS2_PLACEMENT_3D('',#324,#325,#326);
#324 = CARTESIAN_POINT('',(-127.3325247698,59.237109267836,
    18.000000268221));
#325 = DIRECTION('',(0.642787609687,0.766044443119,5.404363947423E-16));
#326 = DIRECTION('',(2.357181594112E-16,-9.032806297408E-16,1.));
#327 = DEFINITIONAL_REPRESENTATION('',(#328),#332);
#328 = LINE('',#329,#330);
#329 = CARTESIAN_POINT('',(5.005705332432,-4.277515232057));
#330 = VECTOR('',#331,1.);
#331 = DIRECTION('',(-2.186158965846E-31,1.));
#332 = ( GEOMETRIC_REPRESENTATION_CONTEXT(2) 
PARAMETRIC_REPRESENTATION_CONTEXT() REPRESENTATION_CONTEXT('2D SPACE',''
  ) );
#333 = PCURVE('',#44,#334);
#334 = DEFINITIONAL_REPRESENTATION('',(#335),#339);
#335 = LINE('',#336,#337);
#336 = CARTESIAN_POINT('',(-1.610446464843,4.43887358959));
#337 = VECTOR('',#338,1.);
#338 = DIRECTION('',(-0.707106781187,0.707106781187));
#339 = ( GEOMETRIC_REPRESENTATION_CONTEXT(2) 
PARAMETRIC_REPRESENTATION_CONTEXT() REPRESENTATION_CONTEXT('2D SPACE',''
  ) );
#340 = ORIENTED_EDGE('',*,*,#341,.T.);
#341 = EDGE_CURVE('',#314,#342,#344,.T.);
#342 = VERTEX_POINT('',#343);
#343 = CARTESIAN_POINT('',(-120.7789912221,53.738041685013,
    2.505705600654));
#344 = SURFACE_CURVE('',#345,(#349,#356),.PCURVE_S1.);
#345 = LINE('',#346,#347);
#346 = CARTESIAN_POINT('',(-120.7789912221,53.738041685013,
    12.494294935789));
#347 = VECTOR('',#348,1.);
#348 = DIRECTION('',(5.310417251019E-16,2.598926934443E-16,-1.));
#349 = PCURVE('',#322,#350);
#350 = DEFINITIONAL_REPRESENTATION('',(#351),#355);
#351 = LINE('',#352,#353);
#352 = CARTESIAN_POINT('',(-5.505705332432,8.555030464115));
#353 = VECTOR('',#354,1.);
#354 = DIRECTION('',(-1.,1.000933942411E-15));
#355 = ( GEOMETRIC_REPRESENTATION_CONTEXT(2) 
PARAMETRIC_REPRESENTATION_CONTEXT() REPRESENTATION_CONTEXT('2D SPACE',''
  ) );
#356 = PCURVE('',#357,#362);
#357 = PLANE('',#358);
#358 = AXIS2_PLACEMENT_3D('',#359,#360,#361);
#359 = CARTESIAN_POINT('',(-120.7789912221,53.738041685013,
    23.005705600654));
#360 = DIRECTION('',(0.144264428384,0.9895391729,2.10164583633E-15));
#361 = DIRECTION('',(0.9895391729,-0.144264428384,1.256223786754E-15));
#362 = DEFINITIONAL_REPRESENTATION('',(#363),#367);
#363 = LINE('',#364,#365);
#364 = CARTESIAN_POINT('',(-2.168030242327E-13,10.511410664865));
#365 = VECTOR('',#366,1.);
#366 = DIRECTION('',(-7.682304681819E-16,1.));
#367 = ( GEOMETRIC_REPRESENTATION_CONTEXT(2) 
PARAMETRIC_REPRESENTATION_CONTEXT() REPRESENTATION_CONTEXT('2D SPACE',''
  ) );
#368 = ORIENTED_EDGE('',*,*,#369,.T.);
#369 = EDGE_CURVE('',#342,#370,#372,.T.);
#370 = VERTEX_POINT('',#371);
#371 = CARTESIAN_POINT('',(-120.7789912221,53.738041685013,
    2.494294935789));
#372 = SURFACE_CURVE('',#373,(#377,#384),.PCURVE_S1.);
#373 = LINE('',#374,#375);
#374 = CARTESIAN_POINT('',(-120.7789912221,53.738041685013,
    12.494294935789));
#375 = VECTOR('',#376,1.);
#376 = DIRECTION('',(5.310417251019E-16,2.598926934443E-16,-1.));
#377 = PCURVE('',#322,#378);
#378 = DEFINITIONAL_REPRESENTATION('',(#379),#383);
#379 = LINE('',#380,#381);
#380 = CARTESIAN_POINT('',(-5.505705332432,8.555030464115));
#381 = VECTOR('',#382,1.);
#382 = DIRECTION('',(-1.,1.000933942411E-15));
#383 = ( GEOMETRIC_REPRESENTATION_CONTEXT(2) 
PARAMETRIC_REPRESENTATION_CONTEXT() REPRESENTATION_CONTEXT('2D SPACE',''
  ) );
#384 = PCURVE('',#156,#385);
#385 = DEFINITIONAL_REPRESENTATION('',(#386),#390);
#386 = LINE('',#387,#388);
#387 = CARTESIAN_POINT('',(11.011410664865,2.));
#388 = VECTOR('',#389,1.);
#389 = DIRECTION('',(1.,0.));
#390 = ( GEOMETRIC_REPRESENTATION_CONTEXT(2) 
PARAMETRIC_REPRESENTATION_CONTEXT() REPRESENTATION_CONTEXT('2D SPACE',''
  ) );
#391 = ORIENTED_EDGE('',*,*,#392,.F.);
#392 = EDGE_CURVE('',#393,#370,#395,.T.);
#393 = VERTEX_POINT('',#394);
#394 = CARTESIAN_POINT('',(-133.8860583176,64.73617685066,2.494294935789
    ));
#395 = SURFACE_CURVE('',#396,(#400,#407),.PCURVE_S1.);
#396 = LINE('',#397,#398);
#397 = CARTESIAN_POINT('',(-133.8860583176,64.73617685066,2.494294935789
    ));
#398 = VECTOR('',#399,1.);
#399 = DIRECTION('',(0.766044443119,-0.642787609687,2.397457593845E-16)
  );
#400 = PCURVE('',#322,#401);
#401 = DEFINITIONAL_REPRESENTATION('',(#402),#406);
#402 = LINE('',#403,#404);
#403 = CARTESIAN_POINT('',(-15.50570533243,-8.555030464115));
#404 = VECTOR('',#405,1.);
#405 = DIRECTION('',(1.000933942411E-15,1.));
#406 = ( GEOMETRIC_REPRESENTATION_CONTEXT(2) 
PARAMETRIC_REPRESENTATION_CONTEXT() REPRESENTATION_CONTEXT('2D SPACE',''
  ) );
#407 = PCURVE('',#408,#413);
#408 = PLANE('',#409);
#409 = AXIS2_PLACEMENT_3D('',#410,#411,#412);
#410 = CARTESIAN_POINT('',(-122.0645664414,52.205952798772,
    2.494294935789));
#411 = DIRECTION('',(7.264903231149E-16,9.589184693738E-17,-1.));
#412 = DIRECTION('',(-8.715574274765E-02,0.996194698092,
    3.220914579919E-17));
#413 = DEFINITIONAL_REPRESENTATION('',(#414),#418);
#414 = LINE('',#415,#416);
#415 = CARTESIAN_POINT('',(13.512853671242,-10.68442654649));
#416 = VECTOR('',#417,1.);
#417 = DIRECTION('',(-0.707106781187,0.707106781187));
#418 = ( GEOMETRIC_REPRESENTATION_CONTEXT(2) 
PARAMETRIC_REPRESENTATION_CONTEXT() REPRESENTATION_CONTEXT('2D SPACE',''
  ) );
#419 = ORIENTED_EDGE('',*,*,#420,.F.);
#420 = EDGE_CURVE('',#421,#393,#423,.T.);
#421 = VERTEX_POINT('',#422);
#422 = CARTESIAN_POINT('',(-133.8860583176,64.736176850661,
    2.505705600654));
#423 = SURFACE_CURVE('',#424,(#428,#435),.PCURVE_S1.);
#424 = LINE('',#425,#426);
#425 = CARTESIAN_POINT('',(-133.8860583176,64.73617685066,
    12.494294935789));
#426 = VECTOR('',#427,1.);
#427 = DIRECTION('',(7.26490323115E-16,9.589184693738E-17,-1.));
#428 = PCURVE('',#322,#429);
#429 = DEFINITIONAL_REPRESENTATION('',(#430),#434);
#430 = LINE('',#431,#432);
#431 = CARTESIAN_POINT('',(-5.505705332432,-8.555030464115));
#432 = VECTOR('',#433,1.);
#433 = DIRECTION('',(-1.,1.256073966947E-15));
#434 = ( GEOMETRIC_REPRESENTATION_CONTEXT(2) 
PARAMETRIC_REPRESENTATION_CONTEXT() REPRESENTATION_CONTEXT('2D SPACE',''
  ) );
#435 = PCURVE('',#100,#436);
#436 = DEFINITIONAL_REPRESENTATION('',(#437),#441);
#437 = LINE('',#438,#439);
#438 = CARTESIAN_POINT('',(1.613220551177E-28,2.));
#439 = VECTOR('',#440,1.);
#440 = DIRECTION('',(-1.,-6.508102468073E-30));
#441 = ( GEOMETRIC_REPRESENTATION_CONTEXT(2) 
PARAMETRIC_REPRESENTATION_CONTEXT() REPRESENTATION_CONTEXT('2D SPACE',''
  ) );
#442 = ORIENTED_EDGE('',*,*,#443,.F.);
#443 = EDGE_CURVE('',#312,#421,#444,.T.);
#444 = SURFACE_CURVE('',#445,(#449,#456),.PCURVE_S1.);
#445 = LINE('',#446,#447);
#446 = CARTESIAN_POINT('',(-133.8860583176,64.73617685066,
    12.494294935789));
#447 = VECTOR('',#448,1.);
#448 = DIRECTION('',(7.26490323115E-16,9.589184693738E-17,-1.));
#449 = PCURVE('',#322,#450);
#450 = DEFINITIONAL_REPRESENTATION('',(#451),#455);
#451 = LINE('',#452,#453);
#452 = CARTESIAN_POINT('',(-5.505705332432,-8.555030464115));
#453 = VECTOR('',#454,1.);
#454 = DIRECTION('',(-1.,1.256073966947E-15));
#455 = ( GEOMETRIC_REPRESENTATION_CONTEXT(2) 
PARAMETRIC_REPRESENTATION_CONTEXT() REPRESENTATION_CONTEXT('2D SPACE',''
  ) );
#456 = PCURVE('',#457,#462);
#457 = PLANE('',#458);
#458 = AXIS2_PLACEMENT_3D('',#459,#460,#461);
#459 = CARTESIAN_POINT('',(-136.7124497286,73.285054458933,
    23.005705600654));
#460 = DIRECTION('',(0.94945459429,0.31390440166,1.945589721662E-15));
#461 = DIRECTION('',(0.31390440166,-0.94945459429,-1.415995068215E-15));
#462 = DEFINITIONAL_REPRESENTATION('',(#463),#467);
#463 = LINE('',#464,#465);
#464 = CARTESIAN_POINT('',(9.003987825943,10.511410664865));
#465 = VECTOR('',#466,1.);
#466 = DIRECTION('',(1.552998623775E-15,1.));
#467 = ( GEOMETRIC_REPRESENTATION_CONTEXT(2) 
PARAMETRIC_REPRESENTATION_CONTEXT() REPRESENTATION_CONTEXT('2D SPACE',''
  ) );
#468 = ADVANCED_FACE('',(#469),#100,.T.);
#469 = FACE_BOUND('',#470,.T.);
#470 = EDGE_LOOP('',(#471,#497,#498,#521,#549,#570));
#471 = ORIENTED_EDGE('',*,*,#472,.T.);
#472 = EDGE_CURVE('',#57,#421,#473,.T.);
#473 = SURFACE_CURVE('',#474,(#478,#485),.PCURVE_S1.);
#474 = LINE('',#475,#476);
#475 = CARTESIAN_POINT('',(-134.1486329738,64.423252560753,
    2.505705600654));
#476 = VECTOR('',#477,1.);
#477 = DIRECTION('',(0.642787609687,0.766044443119,2.378593419543E-15));
#478 = PCURVE('',#100,#479);
#479 = DEFINITIONAL_REPRESENTATION('',(#480),#484);
#480 = LINE('',#481,#482);
#481 = CARTESIAN_POINT('',(-9.988589335135,1.591506350946));
#482 = VECTOR('',#483,1.);
#483 = DIRECTION('',(1.838157024801E-15,1.));
#484 = ( GEOMETRIC_REPRESENTATION_CONTEXT(2) 
PARAMETRIC_REPRESENTATION_CONTEXT() REPRESENTATION_CONTEXT('2D SPACE',''
  ) );
#485 = PCURVE('',#486,#491);
#486 = PLANE('',#487);
#487 = AXIS2_PLACEMENT_3D('',#488,#489,#490);
#488 = CARTESIAN_POINT('',(-136.1998757933,68.222013645565,
    2.505705600654));
#489 = DIRECTION('',(1.415196392265E-15,1.917542417436E-15,-1.));
#490 = DIRECTION('',(-8.715574274765E-02,0.996194698092,
    1.786903096914E-15));
#491 = DEFINITIONAL_REPRESENTATION('',(#492),#496);
#492 = LINE('',#493,#494);
#493 = CARTESIAN_POINT('',(-3.963083243493,1.712353377381));
#494 = VECTOR('',#495,1.);
#495 = DIRECTION('',(0.707106781187,0.707106781187));
#496 = ( GEOMETRIC_REPRESENTATION_CONTEXT(2) 
PARAMETRIC_REPRESENTATION_CONTEXT() REPRESENTATION_CONTEXT('2D SPACE',''
  ) );
#497 = ORIENTED_EDGE('',*,*,#420,.T.);
#498 = ORIENTED_EDGE('',*,*,#499,.T.);
#499 = EDGE_CURVE('',#393,#500,#502,.T.);
#500 = VERTEX_POINT('',#501);
#501 = CARTESIAN_POINT('',(-127.4581822207,72.396621281847,
    2.494294935789));
#502 = SURFACE_CURVE('',#503,(#507,#514),.PCURVE_S1.);
#503 = LINE('',#504,#505);
#504 = CARTESIAN_POINT('',(-135.1716335369,63.204087964419,
    2.494294935789));
#505 = VECTOR('',#506,1.);
#506 = DIRECTION('',(0.642787609687,0.766044443119,5.404363947422E-16));
#507 = PCURVE('',#100,#508);
#508 = DEFINITIONAL_REPRESENTATION('',(#509),#513);
#509 = LINE('',#510,#511);
#510 = CARTESIAN_POINT('',(-10.,-1.984596867776E-12));
#511 = VECTOR('',#512,1.);
#512 = DIRECTION('',(-7.630495286874E-29,1.));
#513 = ( GEOMETRIC_REPRESENTATION_CONTEXT(2) 
PARAMETRIC_REPRESENTATION_CONTEXT() REPRESENTATION_CONTEXT('2D SPACE',''
  ) );
#514 = PCURVE('',#408,#515);
#515 = DEFINITIONAL_REPRESENTATION('',(#516),#520);
#516 = LINE('',#517,#518);
#517 = CARTESIAN_POINT('',(12.098640108866,-12.09864010886));
#518 = VECTOR('',#519,1.);
#519 = DIRECTION('',(0.707106781187,0.707106781187));
#520 = ( GEOMETRIC_REPRESENTATION_CONTEXT(2) 
PARAMETRIC_REPRESENTATION_CONTEXT() REPRESENTATION_CONTEXT('2D SPACE',''
  ) );
#521 = ORIENTED_EDGE('',*,*,#522,.F.);
#522 = EDGE_CURVE('',#523,#500,#525,.T.);
#523 = VERTEX_POINT('',#524);
#524 = CARTESIAN_POINT('',(-127.4581822207,72.396621281847,
    0.494294935789));
#525 = SURFACE_CURVE('',#526,(#530,#537),.PCURVE_S1.);
#526 = LINE('',#527,#528);
#527 = CARTESIAN_POINT('',(-127.4581822207,72.396621281847,
    2.494294935789));
#528 = VECTOR('',#529,1.);
#529 = DIRECTION('',(2.113734665603E-15,-1.040989188113E-15,1.));
#530 = PCURVE('',#100,#531);
#531 = DEFINITIONAL_REPRESENTATION('',(#532),#536);
#532 = LINE('',#533,#534);
#533 = CARTESIAN_POINT('',(-10.,11.999999999998));
#534 = VECTOR('',#535,1.);
#535 = DIRECTION('',(1.,1.101674865056E-15));
#536 = ( GEOMETRIC_REPRESENTATION_CONTEXT(2) 
PARAMETRIC_REPRESENTATION_CONTEXT() REPRESENTATION_CONTEXT('2D SPACE',''
  ) );
#537 = PCURVE('',#538,#543);
#538 = PLANE('',#539);
#539 = AXIS2_PLACEMENT_3D('',#540,#541,#542);
#540 = CARTESIAN_POINT('',(-127.4581822207,72.396621281847,
    2.494294935789));
#541 = DIRECTION('',(0.642787609687,0.766044443119,-5.612384703137E-16)
  );
#542 = DIRECTION('',(1.173581949086E-14,-9.114877016147E-15,1.));
#543 = DEFINITIONAL_REPRESENTATION('',(#544),#548);
#544 = LINE('',#545,#546);
#545 = CARTESIAN_POINT('',(0.,0.));
#546 = VECTOR('',#547,1.);
#547 = DIRECTION('',(1.,-1.256073966947E-14));
#548 = ( GEOMETRIC_REPRESENTATION_CONTEXT(2) 
PARAMETRIC_REPRESENTATION_CONTEXT() REPRESENTATION_CONTEXT('2D SPACE',''
  ) );
#549 = ORIENTED_EDGE('',*,*,#550,.F.);
#550 = EDGE_CURVE('',#85,#523,#551,.T.);
#551 = SURFACE_CURVE('',#552,(#556,#563),.PCURVE_S1.);
#552 = LINE('',#553,#554);
#553 = CARTESIAN_POINT('',(-135.1716335369,63.204087964419,
    0.494294935789));
#554 = VECTOR('',#555,1.);
#555 = DIRECTION('',(0.642787609687,0.766044443119,5.404363947422E-16));
#556 = PCURVE('',#100,#557);
#557 = DEFINITIONAL_REPRESENTATION('',(#558),#562);
#558 = LINE('',#559,#560);
#559 = CARTESIAN_POINT('',(-12.,-2.054937009925E-12));
#560 = VECTOR('',#561,1.);
#561 = DIRECTION('',(-7.630495286874E-29,1.));
#562 = ( GEOMETRIC_REPRESENTATION_CONTEXT(2) 
PARAMETRIC_REPRESENTATION_CONTEXT() REPRESENTATION_CONTEXT('2D SPACE',''
  ) );
#563 = PCURVE('',#128,#564);
#564 = DEFINITIONAL_REPRESENTATION('',(#565),#569);
#565 = LINE('',#566,#567);
#566 = CARTESIAN_POINT('',(-12.09864010886,-12.09864010886));
#567 = VECTOR('',#568,1.);
#568 = DIRECTION('',(0.707106781187,-0.707106781187));
#569 = ( GEOMETRIC_REPRESENTATION_CONTEXT(2) 
PARAMETRIC_REPRESENTATION_CONTEXT() REPRESENTATION_CONTEXT('2D SPACE',''
  ) );
#570 = ORIENTED_EDGE('',*,*,#84,.F.);
#571 = ADVANCED_FACE('',(#572),#156,.T.);
#572 = FACE_BOUND('',#573,.T.);
#573 = EDGE_LOOP('',(#574,#600,#601,#624,#647,#668));
#574 = ORIENTED_EDGE('',*,*,#575,.T.);
#575 = EDGE_CURVE('',#342,#141,#576,.T.);
#576 = SURFACE_CURVE('',#577,(#581,#588),.PCURVE_S1.);
#577 = LINE('',#578,#579);
#578 = CARTESIAN_POINT('',(-121.0415658783,53.425117395106,
    2.505705600654));
#579 = VECTOR('',#580,1.);
#580 = DIRECTION('',(-0.642787609687,-0.766044443119,-2.378593419543E-15
    ));
#581 = PCURVE('',#156,#582);
#582 = DEFINITIONAL_REPRESENTATION('',(#583),#587);
#583 = LINE('',#584,#585);
#584 = CARTESIAN_POINT('',(21.,1.591506350946));
#585 = VECTOR('',#586,1.);
#586 = DIRECTION('',(1.838157024801E-15,-1.));
#587 = ( GEOMETRIC_REPRESENTATION_CONTEXT(2) 
PARAMETRIC_REPRESENTATION_CONTEXT() REPRESENTATION_CONTEXT('2D SPACE',''
  ) );
#588 = PCURVE('',#589,#594);
#589 = PLANE('',#590);
#590 = AXIS2_PLACEMENT_3D('',#591,#592,#593);
#591 = CARTESIAN_POINT('',(-116.9443219326,52.064685502956,
    2.505705600654));
#592 = DIRECTION('',(1.415196392265E-15,1.917542417436E-15,-1.));
#593 = DIRECTION('',(-8.715574274765E-02,0.996194698092,
    1.786903096914E-15));
#594 = DEFINITIONAL_REPRESENTATION('',(#595),#599);
#595 = LINE('',#596,#597);
#596 = CARTESIAN_POINT('',(1.712353377381,-3.963083243493));
#597 = VECTOR('',#598,1.);
#598 = DIRECTION('',(-0.707106781187,-0.707106781187));
#599 = ( GEOMETRIC_REPRESENTATION_CONTEXT(2) 
PARAMETRIC_REPRESENTATION_CONTEXT() REPRESENTATION_CONTEXT('2D SPACE',''
  ) );
#600 = ORIENTED_EDGE('',*,*,#140,.F.);
#601 = ORIENTED_EDGE('',*,*,#602,.T.);
#602 = EDGE_CURVE('',#113,#603,#605,.T.);
#603 = VERTEX_POINT('',#604);
#604 = CARTESIAN_POINT('',(-114.3511151252,61.398486116199,
    0.494294935789));
#605 = SURFACE_CURVE('',#606,(#610,#617),.PCURVE_S1.);
#606 = LINE('',#607,#608);
#607 = CARTESIAN_POINT('',(-120.7789912221,53.73804168501,0.494294935789
    ));
#608 = VECTOR('',#609,1.);
#609 = DIRECTION('',(0.642787609687,0.766044443119,-5.612384703137E-16)
  );
#610 = PCURVE('',#156,#611);
#611 = DEFINITIONAL_REPRESENTATION('',(#612),#616);
#612 = LINE('',#613,#614);
#613 = CARTESIAN_POINT('',(23.011410664865,1.999999999998));
#614 = VECTOR('',#615,1.);
#615 = DIRECTION('',(1.101674865056E-15,1.));
#616 = ( GEOMETRIC_REPRESENTATION_CONTEXT(2) 
PARAMETRIC_REPRESENTATION_CONTEXT() REPRESENTATION_CONTEXT('2D SPACE',''
  ) );
#617 = PCURVE('',#128,#618);
#618 = DEFINITIONAL_REPRESENTATION('',(#619),#623);
#619 = LINE('',#620,#621);
#620 = CARTESIAN_POINT('',(1.414213562373,-1.414213562373));
#621 = VECTOR('',#622,1.);
#622 = DIRECTION('',(0.707106781187,-0.707106781187));
#623 = ( GEOMETRIC_REPRESENTATION_CONTEXT(2) 
PARAMETRIC_REPRESENTATION_CONTEXT() REPRESENTATION_CONTEXT('2D SPACE',''
  ) );
#624 = ORIENTED_EDGE('',*,*,#625,.F.);
#625 = EDGE_CURVE('',#626,#603,#628,.T.);
#626 = VERTEX_POINT('',#627);
#627 = CARTESIAN_POINT('',(-114.3511151252,61.398486116199,
    2.494294935789));
#628 = SURFACE_CURVE('',#629,(#633,#640),.PCURVE_S1.);
#629 = LINE('',#630,#631);
#630 = CARTESIAN_POINT('',(-114.3511151252,61.398486116199,
    2.494294935789));
#631 = VECTOR('',#632,1.);
#632 = DIRECTION('',(-2.113734665603E-15,1.040989188113E-15,-1.));
#633 = PCURVE('',#156,#634);
#634 = DEFINITIONAL_REPRESENTATION('',(#635),#639);
#635 = LINE('',#636,#637);
#636 = CARTESIAN_POINT('',(21.011410664865,11.999999999998));
#637 = VECTOR('',#638,1.);
#638 = DIRECTION('',(1.,-1.101674865056E-15));
#639 = ( GEOMETRIC_REPRESENTATION_CONTEXT(2) 
PARAMETRIC_REPRESENTATION_CONTEXT() REPRESENTATION_CONTEXT('2D SPACE',''
  ) );
#640 = PCURVE('',#538,#641);
#641 = DEFINITIONAL_REPRESENTATION('',(#642),#646);
#642 = LINE('',#643,#644);
#643 = CARTESIAN_POINT('',(2.410448467398E-13,17.110060928229));
#644 = VECTOR('',#645,1.);
#645 = DIRECTION('',(-1.,1.256073966947E-14));
#646 = ( GEOMETRIC_REPRESENTATION_CONTEXT(2) 
PARAMETRIC_REPRESENTATION_CONTEXT() REPRESENTATION_CONTEXT('2D SPACE',''
  ) );
#647 = ORIENTED_EDGE('',*,*,#648,.F.);
#648 = EDGE_CURVE('',#370,#626,#649,.T.);
#649 = SURFACE_CURVE('',#650,(#654,#661),.PCURVE_S1.);
#650 = LINE('',#651,#652);
#651 = CARTESIAN_POINT('',(-120.7789912221,53.73804168501,2.494294935789
    ));
#652 = VECTOR('',#653,1.);
#653 = DIRECTION('',(0.642787609687,0.766044443119,-5.612384703137E-16)
  );
#654 = PCURVE('',#156,#655);
#655 = DEFINITIONAL_REPRESENTATION('',(#656),#660);
#656 = LINE('',#657,#658);
#657 = CARTESIAN_POINT('',(21.011410664865,1.999999999998));
#658 = VECTOR('',#659,1.);
#659 = DIRECTION('',(1.101674865056E-15,1.));
#660 = ( GEOMETRIC_REPRESENTATION_CONTEXT(2) 
PARAMETRIC_REPRESENTATION_CONTEXT() REPRESENTATION_CONTEXT('2D SPACE',''
  ) );
#661 = PCURVE('',#408,#662);
#662 = DEFINITIONAL_REPRESENTATION('',(#663),#667);
#663 = LINE('',#664,#665);
#664 = CARTESIAN_POINT('',(1.414213562373,1.414213562373));
#665 = VECTOR('',#666,1.);
#666 = DIRECTION('',(0.707106781187,0.707106781187));
#667 = ( GEOMETRIC_REPRESENTATION_CONTEXT(2) 
PARAMETRIC_REPRESENTATION_CONTEXT() REPRESENTATION_CONTEXT('2D SPACE',''
  ) );
#668 = ORIENTED_EDGE('',*,*,#369,.F.);
#669 = ADVANCED_FACE('',(#670),#44,.F.);
#670 = FACE_BOUND('',#671,.T.);
#671 = EDGE_LOOP('',(#672,#673,#696,#724,#745,#746,#769,#797));
#672 = ORIENTED_EDGE('',*,*,#21,.F.);
#673 = ORIENTED_EDGE('',*,*,#674,.T.);
#674 = EDGE_CURVE('',#22,#675,#677,.T.);
#675 = VERTEX_POINT('',#676);
#676 = CARTESIAN_POINT('',(-112.2164889113,50.469471022106,
    23.005705600654));
#677 = SURFACE_CURVE('',#678,(#682,#689),.PCURVE_S1.);
#678 = LINE('',#679,#680);
#679 = CARTESIAN_POINT('',(-122.0645664414,52.205952798775,
    23.005705600654));
#680 = VECTOR('',#681,1.);
#681 = DIRECTION('',(0.984807753012,-0.173648177667,1.189833317313E-15)
  );
#682 = PCURVE('',#44,#683);
#683 = DEFINITIONAL_REPRESENTATION('',(#684),#688);
#684 = LINE('',#685,#686);
#685 = CARTESIAN_POINT('',(-12.09864010886,12.098640108866));
#686 = VECTOR('',#687,1.);
#687 = DIRECTION('',(-0.258819045103,0.965925826289));
#688 = ( GEOMETRIC_REPRESENTATION_CONTEXT(2) 
PARAMETRIC_REPRESENTATION_CONTEXT() REPRESENTATION_CONTEXT('2D SPACE',''
  ) );
#689 = PCURVE('',#182,#690);
#690 = DEFINITIONAL_REPRESENTATION('',(#691),#695);
#691 = LINE('',#692,#693);
#692 = CARTESIAN_POINT('',(10.,5.528047837775E-15));
#693 = VECTOR('',#694,1.);
#694 = DIRECTION('',(-1.,-3.944304526105E-31));
#695 = ( GEOMETRIC_REPRESENTATION_CONTEXT(2) 
PARAMETRIC_REPRESENTATION_CONTEXT() REPRESENTATION_CONTEXT('2D SPACE',''
  ) );
#696 = ORIENTED_EDGE('',*,*,#697,.T.);
#697 = EDGE_CURVE('',#675,#698,#700,.T.);
#698 = VERTEX_POINT('',#699);
#699 = CARTESIAN_POINT('',(-111.869192556,52.43908652813,23.005705600654
    ));
#700 = SURFACE_CURVE('',#701,(#705,#712),.PCURVE_S1.);
#701 = LINE('',#702,#703);
#702 = CARTESIAN_POINT('',(-112.2164889113,50.469471022106,
    23.005705600654));
#703 = VECTOR('',#704,1.);
#704 = DIRECTION('',(0.173648177667,0.984807753012,2.248649534295E-15));
#705 = PCURVE('',#44,#706);
#706 = DEFINITIONAL_REPRESENTATION('',(#707),#711);
#707 = LINE('',#708,#709);
#708 = CARTESIAN_POINT('',(-14.68683055989,21.757898371757));
#709 = VECTOR('',#710,1.);
#710 = DIRECTION('',(0.965925826289,0.258819045103));
#711 = ( GEOMETRIC_REPRESENTATION_CONTEXT(2) 
PARAMETRIC_REPRESENTATION_CONTEXT() REPRESENTATION_CONTEXT('2D SPACE',''
  ) );
#712 = PCURVE('',#713,#718);
#713 = PLANE('',#714);
#714 = AXIS2_PLACEMENT_3D('',#715,#716,#717);
#715 = CARTESIAN_POINT('',(-111.869192556,52.43908652813,23.005705600654
    ));
#716 = DIRECTION('',(0.984807753012,-0.173648177667,1.060718632751E-15)
  );
#717 = DIRECTION('',(-0.173648177667,-0.984807753012,-2.248649534295E-15
    ));
#718 = DEFINITIONAL_REPRESENTATION('',(#719),#723);
#719 = LINE('',#720,#721);
#720 = CARTESIAN_POINT('',(2.,-2.800047591611E-15));
#721 = VECTOR('',#722,1.);
#722 = DIRECTION('',(-1.,1.972152263053E-31));
#723 = ( GEOMETRIC_REPRESENTATION_CONTEXT(2) 
PARAMETRIC_REPRESENTATION_CONTEXT() REPRESENTATION_CONTEXT('2D SPACE',''
  ) );
#724 = ORIENTED_EDGE('',*,*,#725,.T.);
#725 = EDGE_CURVE('',#698,#314,#726,.T.);
#726 = SURFACE_CURVE('',#727,(#731,#738),.PCURVE_S1.);
#727 = LINE('',#728,#729);
#728 = CARTESIAN_POINT('',(-111.869192556,52.43908652813,23.005705600654
    ));
#729 = VECTOR('',#730,1.);
#730 = DIRECTION('',(-0.9895391729,0.144264428384,-1.256223786754E-15));
#731 = PCURVE('',#44,#732);
#732 = DEFINITIONAL_REPRESENTATION('',(#733),#737);
#733 = LINE('',#734,#735);
#734 = CARTESIAN_POINT('',(-12.75497890731,22.275536461962));
#735 = VECTOR('',#736,1.);
#736 = DIRECTION('',(0.229959480271,-0.973200204189));
#737 = ( GEOMETRIC_REPRESENTATION_CONTEXT(2) 
PARAMETRIC_REPRESENTATION_CONTEXT() REPRESENTATION_CONTEXT('2D SPACE',''
  ) );
#738 = PCURVE('',#357,#739);
#739 = DEFINITIONAL_REPRESENTATION('',(#740),#744);
#740 = LINE('',#741,#742);
#741 = CARTESIAN_POINT('',(9.003987825943,-4.955379176407E-15));
#742 = VECTOR('',#743,1.);
#743 = DIRECTION('',(-1.,0.));
#744 = ( GEOMETRIC_REPRESENTATION_CONTEXT(2) 
PARAMETRIC_REPRESENTATION_CONTEXT() REPRESENTATION_CONTEXT('2D SPACE',''
  ) );
#745 = ORIENTED_EDGE('',*,*,#311,.F.);
#746 = ORIENTED_EDGE('',*,*,#747,.F.);
#747 = EDGE_CURVE('',#748,#312,#750,.T.);
#748 = VERTEX_POINT('',#749);
#749 = CARTESIAN_POINT('',(-136.7124497286,73.285054458933,
    23.005705600654));
#750 = SURFACE_CURVE('',#751,(#755,#762),.PCURVE_S1.);
#751 = LINE('',#752,#753);
#752 = CARTESIAN_POINT('',(-136.7124497286,73.285054458933,
    23.005705600654));
#753 = VECTOR('',#754,1.);
#754 = DIRECTION('',(0.31390440166,-0.94945459429,-1.415995068215E-15));
#755 = PCURVE('',#44,#756);
#756 = DEFINITIONAL_REPRESENTATION('',(#757),#761);
#757 = LINE('',#758,#759);
#758 = CARTESIAN_POINT('',(10.176896353096,-0.656338798447));
#759 = VECTOR('',#760,1.);
#760 = DIRECTION('',(-0.973200204189,0.229959480271));
#761 = ( GEOMETRIC_REPRESENTATION_CONTEXT(2) 
PARAMETRIC_REPRESENTATION_CONTEXT() REPRESENTATION_CONTEXT('2D SPACE',''
  ) );
#762 = PCURVE('',#457,#763);
#763 = DEFINITIONAL_REPRESENTATION('',(#764),#768);
#764 = LINE('',#765,#766);
#765 = CARTESIAN_POINT('',(0.,0.));
#766 = VECTOR('',#767,1.);
#767 = DIRECTION('',(1.,0.));
#768 = ( GEOMETRIC_REPRESENTATION_CONTEXT(2) 
PARAMETRIC_REPRESENTATION_CONTEXT() REPRESENTATION_CONTEXT('2D SPACE',''
  ) );
#769 = ORIENTED_EDGE('',*,*,#770,.F.);
#770 = EDGE_CURVE('',#771,#748,#773,.T.);
#771 = VERTEX_POINT('',#772);
#772 = CARTESIAN_POINT('',(-138.5918349702,72.601014172282,
    23.005705600654));
#773 = SURFACE_CURVE('',#774,(#778,#785),.PCURVE_S1.);
#774 = LINE('',#775,#776);
#775 = CARTESIAN_POINT('',(-138.5918349702,72.601014172282,
    23.005705600654));
#776 = VECTOR('',#777,1.);
#777 = DIRECTION('',(0.939692620786,0.342020143326,2.15475064621E-15));
#778 = PCURVE('',#44,#779);
#779 = DEFINITIONAL_REPRESENTATION('',(#780),#784);
#780 = LINE('',#781,#782);
#781 = CARTESIAN_POINT('',(9.659258262891,-2.588190451025));
#782 = VECTOR('',#783,1.);
#783 = DIRECTION('',(0.258819045103,0.965925826289));
#784 = ( GEOMETRIC_REPRESENTATION_CONTEXT(2) 
PARAMETRIC_REPRESENTATION_CONTEXT() REPRESENTATION_CONTEXT('2D SPACE',''
  ) );
#785 = PCURVE('',#786,#791);
#786 = PLANE('',#787);
#787 = AXIS2_PLACEMENT_3D('',#788,#789,#790);
#788 = CARTESIAN_POINT('',(-138.5918349702,72.601014172282,
    23.005705600654));
#789 = DIRECTION('',(-0.342020143326,0.939692620786,1.317874786792E-15)
  );
#790 = DIRECTION('',(0.939692620786,0.342020143326,2.15475064621E-15));
#791 = DEFINITIONAL_REPRESENTATION('',(#792),#796);
#792 = LINE('',#793,#794);
#793 = CARTESIAN_POINT('',(0.,0.));
#794 = VECTOR('',#795,1.);
#795 = DIRECTION('',(1.,-3.944304526105E-31));
#796 = ( GEOMETRIC_REPRESENTATION_CONTEXT(2) 
PARAMETRIC_REPRESENTATION_CONTEXT() REPRESENTATION_CONTEXT('2D SPACE',''
  ) );
#797 = ORIENTED_EDGE('',*,*,#798,.F.);
#798 = EDGE_CURVE('',#24,#771,#799,.T.);
#799 = SURFACE_CURVE('',#800,(#804,#811),.PCURVE_S1.);
#800 = LINE('',#801,#802);
#801 = CARTESIAN_POINT('',(-135.1716335369,63.204087964423,
    23.005705600654));
#802 = VECTOR('',#803,1.);
#803 = DIRECTION('',(-0.342020143326,0.939692620786,1.352470962251E-15)
  );
#804 = PCURVE('',#44,#805);
#805 = DEFINITIONAL_REPRESENTATION('',(#806),#810);
#806 = LINE('',#807,#808);
#807 = CARTESIAN_POINT('',(3.979039320257E-13,2.984279490192E-13));
#808 = VECTOR('',#809,1.);
#809 = DIRECTION('',(0.965925826289,-0.258819045103));
#810 = ( GEOMETRIC_REPRESENTATION_CONTEXT(2) 
PARAMETRIC_REPRESENTATION_CONTEXT() REPRESENTATION_CONTEXT('2D SPACE',''
  ) );
#811 = PCURVE('',#72,#812);
#812 = DEFINITIONAL_REPRESENTATION('',(#813),#817);
#813 = LINE('',#814,#815);
#814 = CARTESIAN_POINT('',(0.,0.));
#815 = VECTOR('',#816,1.);
#816 = DIRECTION('',(1.,0.));
#817 = ( GEOMETRIC_REPRESENTATION_CONTEXT(2) 
PARAMETRIC_REPRESENTATION_CONTEXT() REPRESENTATION_CONTEXT('2D SPACE',''
  ) );
#818 = ADVANCED_FACE('',(#819),#486,.T.);
#819 = FACE_BOUND('',#820,.T.);
#820 = EDGE_LOOP('',(#821,#846,#867,#868));
#821 = ORIENTED_EDGE('',*,*,#822,.T.);
#822 = EDGE_CURVE('',#823,#825,#827,.T.);
#823 = VERTEX_POINT('',#824);
#824 = CARTESIAN_POINT('',(-138.5918349702,72.601014172282,
    2.505705600654));
#825 = VERTEX_POINT('',#826);
#826 = CARTESIAN_POINT('',(-136.7124497286,73.285054458933,
    2.505705600654));
#827 = SURFACE_CURVE('',#828,(#832,#839),.PCURVE_S1.);
#828 = LINE('',#829,#830);
#829 = CARTESIAN_POINT('',(-138.5918349702,72.601014172282,
    2.505705600654));
#830 = VECTOR('',#831,1.);
#831 = DIRECTION('',(0.939692620786,0.342020143326,2.15475064621E-15));
#832 = PCURVE('',#486,#833);
#833 = DEFINITIONAL_REPRESENTATION('',(#834),#838);
#834 = LINE('',#835,#836);
#835 = CARTESIAN_POINT('',(4.570810086343,-2.001202006699));
#836 = VECTOR('',#837,1.);
#837 = DIRECTION('',(0.258819045103,0.965925826289));
#838 = ( GEOMETRIC_REPRESENTATION_CONTEXT(2) 
PARAMETRIC_REPRESENTATION_CONTEXT() REPRESENTATION_CONTEXT('2D SPACE',''
  ) );
#839 = PCURVE('',#786,#840);
#840 = DEFINITIONAL_REPRESENTATION('',(#841),#845);
#841 = LINE('',#842,#843);
#842 = CARTESIAN_POINT('',(5.603828654826E-14,20.5));
#843 = VECTOR('',#844,1.);
#844 = DIRECTION('',(1.,-3.944304526105E-31));
#845 = ( GEOMETRIC_REPRESENTATION_CONTEXT(2) 
PARAMETRIC_REPRESENTATION_CONTEXT() REPRESENTATION_CONTEXT('2D SPACE',''
  ) );
#846 = ORIENTED_EDGE('',*,*,#847,.T.);
#847 = EDGE_CURVE('',#825,#421,#848,.T.);
#848 = SURFACE_CURVE('',#849,(#853,#860),.PCURVE_S1.);
#849 = LINE('',#850,#851);
#850 = CARTESIAN_POINT('',(-136.7124497286,73.285054458933,
    2.505705600654));
#851 = VECTOR('',#852,1.);
#852 = DIRECTION('',(0.31390440166,-0.94945459429,-1.415995068215E-15));
#853 = PCURVE('',#486,#854);
#854 = DEFINITIONAL_REPRESENTATION('',(#855),#859);
#855 = LINE('',#856,#857);
#856 = CARTESIAN_POINT('',(5.088448176548,-6.935035412103E-02));
#857 = VECTOR('',#858,1.);
#858 = DIRECTION('',(-0.973200204189,0.229959480271));
#859 = ( GEOMETRIC_REPRESENTATION_CONTEXT(2) 
PARAMETRIC_REPRESENTATION_CONTEXT() REPRESENTATION_CONTEXT('2D SPACE',''
  ) );
#860 = PCURVE('',#457,#861);
#861 = DEFINITIONAL_REPRESENTATION('',(#862),#866);
#862 = LINE('',#863,#864);
#863 = CARTESIAN_POINT('',(-8.361237399925E-14,20.5));
#864 = VECTOR('',#865,1.);
#865 = DIRECTION('',(1.,0.));
#866 = ( GEOMETRIC_REPRESENTATION_CONTEXT(2) 
PARAMETRIC_REPRESENTATION_CONTEXT() REPRESENTATION_CONTEXT('2D SPACE',''
  ) );
#867 = ORIENTED_EDGE('',*,*,#472,.F.);
#868 = ORIENTED_EDGE('',*,*,#869,.T.);
#869 = EDGE_CURVE('',#57,#823,#870,.T.);
#870 = SURFACE_CURVE('',#871,(#875,#882),.PCURVE_S1.);
#871 = LINE('',#872,#873);
#872 = CARTESIAN_POINT('',(-135.1716335369,63.204087964423,
    2.505705600654));
#873 = VECTOR('',#874,1.);
#874 = DIRECTION('',(-0.342020143326,0.939692620786,1.352470962251E-15)
  );
#875 = PCURVE('',#486,#876);
#876 = DEFINITIONAL_REPRESENTATION('',(#877),#881);
#877 = LINE('',#878,#879);
#878 = CARTESIAN_POINT('',(-5.088448176548,0.586988444326));
#879 = VECTOR('',#880,1.);
#880 = DIRECTION('',(0.965925826289,-0.258819045103));
#881 = ( GEOMETRIC_REPRESENTATION_CONTEXT(2) 
PARAMETRIC_REPRESENTATION_CONTEXT() REPRESENTATION_CONTEXT('2D SPACE',''
  ) );
#882 = PCURVE('',#72,#883);
#883 = DEFINITIONAL_REPRESENTATION('',(#884),#888);
#884 = LINE('',#885,#886);
#885 = CARTESIAN_POINT('',(-1.100419528421E-14,20.5));
#886 = VECTOR('',#887,1.);
#887 = DIRECTION('',(1.,0.));
#888 = ( GEOMETRIC_REPRESENTATION_CONTEXT(2) 
PARAMETRIC_REPRESENTATION_CONTEXT() REPRESENTATION_CONTEXT('2D SPACE',''
  ) );
#889 = ADVANCED_FACE('',(#890),#786,.T.);
#890 = FACE_BOUND('',#891,.T.);
#891 = EDGE_LOOP('',(#892,#893,#914,#915));
#892 = ORIENTED_EDGE('',*,*,#770,.T.);
#893 = ORIENTED_EDGE('',*,*,#894,.T.);
#894 = EDGE_CURVE('',#748,#825,#895,.T.);
#895 = SURFACE_CURVE('',#896,(#900,#907),.PCURVE_S1.);
#896 = LINE('',#897,#898);
#897 = CARTESIAN_POINT('',(-136.7124497286,73.285054458933,
    23.005705600654));
#898 = VECTOR('',#899,1.);
#899 = DIRECTION('',(1.415196392265E-15,1.917542417436E-15,-1.));
#900 = PCURVE('',#786,#901);
#901 = DEFINITIONAL_REPRESENTATION('',(#902),#906);
#902 = LINE('',#903,#904);
#903 = CARTESIAN_POINT('',(2.,4.134626181492E-15));
#904 = VECTOR('',#905,1.);
#905 = DIRECTION('',(-1.690629069907E-16,1.));
#906 = ( GEOMETRIC_REPRESENTATION_CONTEXT(2) 
PARAMETRIC_REPRESENTATION_CONTEXT() REPRESENTATION_CONTEXT('2D SPACE',''
  ) );
#907 = PCURVE('',#457,#908);
#908 = DEFINITIONAL_REPRESENTATION('',(#909),#913);
#909 = LINE('',#910,#911);
#910 = CARTESIAN_POINT('',(0.,0.));
#911 = VECTOR('',#912,1.);
#912 = DIRECTION('',(3.961198698036E-17,1.));
#913 = ( GEOMETRIC_REPRESENTATION_CONTEXT(2) 
PARAMETRIC_REPRESENTATION_CONTEXT() REPRESENTATION_CONTEXT('2D SPACE',''
  ) );
#914 = ORIENTED_EDGE('',*,*,#822,.F.);
#915 = ORIENTED_EDGE('',*,*,#916,.F.);
#916 = EDGE_CURVE('',#771,#823,#917,.T.);
#917 = SURFACE_CURVE('',#918,(#922,#929),.PCURVE_S1.);
#918 = LINE('',#919,#920);
#919 = CARTESIAN_POINT('',(-138.5918349702,72.601014172282,
    23.005705600654));
#920 = VECTOR('',#921,1.);
#921 = DIRECTION('',(1.415196392265E-15,1.917542417436E-15,-1.));
#922 = PCURVE('',#786,#923);
#923 = DEFINITIONAL_REPRESENTATION('',(#924),#928);
#924 = LINE('',#925,#926);
#925 = CARTESIAN_POINT('',(0.,0.));
#926 = VECTOR('',#927,1.);
#927 = DIRECTION('',(-1.690629069907E-16,1.));
#928 = ( GEOMETRIC_REPRESENTATION_CONTEXT(2) 
PARAMETRIC_REPRESENTATION_CONTEXT() REPRESENTATION_CONTEXT('2D SPACE',''
  ) );
#929 = PCURVE('',#72,#930);
#930 = DEFINITIONAL_REPRESENTATION('',(#931),#935);
#931 = LINE('',#932,#933);
#932 = CARTESIAN_POINT('',(10.,4.23044461319E-15));
#933 = VECTOR('',#934,1.);
#934 = DIRECTION('',(-3.459617545937E-17,1.));
#935 = ( GEOMETRIC_REPRESENTATION_CONTEXT(2) 
PARAMETRIC_REPRESENTATION_CONTEXT() REPRESENTATION_CONTEXT('2D SPACE',''
  ) );
#936 = ADVANCED_FACE('',(#937),#457,.T.);
#937 = FACE_BOUND('',#938,.T.);
#938 = EDGE_LOOP('',(#939,#940,#941,#942));
#939 = ORIENTED_EDGE('',*,*,#747,.T.);
#940 = ORIENTED_EDGE('',*,*,#443,.T.);
#941 = ORIENTED_EDGE('',*,*,#847,.F.);
#942 = ORIENTED_EDGE('',*,*,#894,.F.);
#943 = ADVANCED_FACE('',(#944),#72,.T.);
#944 = FACE_BOUND('',#945,.T.);
#945 = EDGE_LOOP('',(#946,#947,#948,#949));
#946 = ORIENTED_EDGE('',*,*,#798,.T.);
#947 = ORIENTED_EDGE('',*,*,#916,.T.);
#948 = ORIENTED_EDGE('',*,*,#869,.F.);
#949 = ORIENTED_EDGE('',*,*,#56,.F.);
#950 = ADVANCED_FACE('',(#951),#589,.T.);
#951 = FACE_BOUND('',#952,.T.);
#952 = EDGE_LOOP('',(#953,#976,#977,#1000));
#953 = ORIENTED_EDGE('',*,*,#954,.T.);
#954 = EDGE_CURVE('',#955,#141,#957,.T.);
#955 = VERTEX_POINT('',#956);
#956 = CARTESIAN_POINT('',(-112.2164889113,50.469471022106,
    2.505705600654));
#957 = SURFACE_CURVE('',#958,(#962,#969),.PCURVE_S1.);
#958 = LINE('',#959,#960);
#959 = CARTESIAN_POINT('',(-122.0645664414,52.205952798775,
    2.505705600654));
#960 = VECTOR('',#961,1.);
#961 = DIRECTION('',(-0.984807753012,0.173648177667,-1.189833317313E-15)
  );
#962 = PCURVE('',#589,#963);
#963 = DEFINITIONAL_REPRESENTATION('',(#964),#968);
#964 = LINE('',#965,#966);
#965 = CARTESIAN_POINT('',(0.586988444326,-5.088448176548));
#966 = VECTOR('',#967,1.);
#967 = DIRECTION('',(0.258819045103,-0.965925826289));
#968 = ( GEOMETRIC_REPRESENTATION_CONTEXT(2) 
PARAMETRIC_REPRESENTATION_CONTEXT() REPRESENTATION_CONTEXT('2D SPACE',''
  ) );
#969 = PCURVE('',#182,#970);
#970 = DEFINITIONAL_REPRESENTATION('',(#971),#975);
#971 = LINE('',#972,#973);
#972 = CARTESIAN_POINT('',(10.,20.5));
#973 = VECTOR('',#974,1.);
#974 = DIRECTION('',(1.,3.944304526105E-31));
#975 = ( GEOMETRIC_REPRESENTATION_CONTEXT(2) 
PARAMETRIC_REPRESENTATION_CONTEXT() REPRESENTATION_CONTEXT('2D SPACE',''
  ) );
#976 = ORIENTED_EDGE('',*,*,#575,.F.);
#977 = ORIENTED_EDGE('',*,*,#978,.T.);
#978 = EDGE_CURVE('',#342,#979,#981,.T.);
#979 = VERTEX_POINT('',#980);
#980 = CARTESIAN_POINT('',(-111.869192556,52.43908652813,2.505705600654)
  );
#981 = SURFACE_CURVE('',#982,(#986,#993),.PCURVE_S1.);
#982 = LINE('',#983,#984);
#983 = CARTESIAN_POINT('',(-111.869192556,52.43908652813,2.505705600654)
  );
#984 = VECTOR('',#985,1.);
#985 = DIRECTION('',(0.9895391729,-0.144264428384,1.256223786754E-15));
#986 = PCURVE('',#589,#987);
#987 = DEFINITIONAL_REPRESENTATION('',(#988),#992);
#988 = LINE('',#989,#990);
#989 = CARTESIAN_POINT('',(-6.935035412098E-02,5.088448176548));
#990 = VECTOR('',#991,1.);
#991 = DIRECTION('',(-0.229959480271,0.973200204189));
#992 = ( GEOMETRIC_REPRESENTATION_CONTEXT(2) 
PARAMETRIC_REPRESENTATION_CONTEXT() REPRESENTATION_CONTEXT('2D SPACE',''
  ) );
#993 = PCURVE('',#357,#994);
#994 = DEFINITIONAL_REPRESENTATION('',(#995),#999);
#995 = LINE('',#996,#997);
#996 = CARTESIAN_POINT('',(9.003987825943,20.5));
#997 = VECTOR('',#998,1.);
#998 = DIRECTION('',(1.,0.));
#999 = ( GEOMETRIC_REPRESENTATION_CONTEXT(2) 
PARAMETRIC_REPRESENTATION_CONTEXT() REPRESENTATION_CONTEXT('2D SPACE',''
  ) );
#1000 = ORIENTED_EDGE('',*,*,#1001,.T.);
#1001 = EDGE_CURVE('',#979,#955,#1002,.T.);
#1002 = SURFACE_CURVE('',#1003,(#1007,#1014),.PCURVE_S1.);
#1003 = LINE('',#1004,#1005);
#1004 = CARTESIAN_POINT('',(-112.2164889113,50.469471022106,
    2.505705600654));
#1005 = VECTOR('',#1006,1.);
#1006 = DIRECTION('',(-0.173648177667,-0.984807753012,
    -2.248649534295E-15));
#1007 = PCURVE('',#589,#1008);
#1008 = DEFINITIONAL_REPRESENTATION('',(#1009),#1013);
#1009 = LINE('',#1010,#1011);
#1010 = CARTESIAN_POINT('',(-2.001202006699,4.570810086343));
#1011 = VECTOR('',#1012,1.);
#1012 = DIRECTION('',(-0.965925826289,-0.258819045103));
#1013 = ( GEOMETRIC_REPRESENTATION_CONTEXT(2) 
PARAMETRIC_REPRESENTATION_CONTEXT() REPRESENTATION_CONTEXT('2D SPACE',''
  ) );
#1014 = PCURVE('',#713,#1015);
#1015 = DEFINITIONAL_REPRESENTATION('',(#1016),#1020);
#1016 = LINE('',#1017,#1018);
#1017 = CARTESIAN_POINT('',(2.,20.5));
#1018 = VECTOR('',#1019,1.);
#1019 = DIRECTION('',(1.,-1.972152263053E-31));
#1020 = ( GEOMETRIC_REPRESENTATION_CONTEXT(2) 
PARAMETRIC_REPRESENTATION_CONTEXT() REPRESENTATION_CONTEXT('2D SPACE',''
  ) );
#1021 = ADVANCED_FACE('',(#1022),#182,.T.);
#1022 = FACE_BOUND('',#1023,.T.);
#1023 = EDGE_LOOP('',(#1024,#1025,#1026,#1027));
#1024 = ORIENTED_EDGE('',*,*,#674,.F.);
#1025 = ORIENTED_EDGE('',*,*,#168,.F.);
#1026 = ORIENTED_EDGE('',*,*,#954,.F.);
#1027 = ORIENTED_EDGE('',*,*,#1028,.F.);
#1028 = EDGE_CURVE('',#675,#955,#1029,.T.);
#1029 = SURFACE_CURVE('',#1030,(#1034,#1041),.PCURVE_S1.);
#1030 = LINE('',#1031,#1032);
#1031 = CARTESIAN_POINT('',(-112.2164889113,50.469471022106,
    23.005705600654));
#1032 = VECTOR('',#1033,1.);
#1033 = DIRECTION('',(1.415196392265E-15,1.917542417436E-15,-1.));
#1034 = PCURVE('',#182,#1035);
#1035 = DEFINITIONAL_REPRESENTATION('',(#1036),#1040);
#1036 = LINE('',#1037,#1038);
#1037 = CARTESIAN_POINT('',(-0.,0.));
#1038 = VECTOR('',#1039,1.);
#1039 = DIRECTION('',(1.291146845619E-16,1.));
#1040 = ( GEOMETRIC_REPRESENTATION_CONTEXT(2) 
PARAMETRIC_REPRESENTATION_CONTEXT() REPRESENTATION_CONTEXT('2D SPACE',''
  ) );
#1041 = PCURVE('',#713,#1042);
#1042 = DEFINITIONAL_REPRESENTATION('',(#1043),#1047);
#1043 = LINE('',#1044,#1045);
#1044 = CARTESIAN_POINT('',(2.,-2.800047591611E-15));
#1045 = VECTOR('',#1046,1.);
#1046 = DIRECTION('',(1.14492620317E-16,1.));
#1047 = ( GEOMETRIC_REPRESENTATION_CONTEXT(2) 
PARAMETRIC_REPRESENTATION_CONTEXT() REPRESENTATION_CONTEXT('2D SPACE',''
  ) );
#1048 = ADVANCED_FACE('',(#1049),#357,.T.);
#1049 = FACE_BOUND('',#1050,.T.);
#1050 = EDGE_LOOP('',(#1051,#1052,#1073,#1074));
#1051 = ORIENTED_EDGE('',*,*,#725,.F.);
#1052 = ORIENTED_EDGE('',*,*,#1053,.T.);
#1053 = EDGE_CURVE('',#698,#979,#1054,.T.);
#1054 = SURFACE_CURVE('',#1055,(#1059,#1066),.PCURVE_S1.);
#1055 = LINE('',#1056,#1057);
#1056 = CARTESIAN_POINT('',(-111.869192556,52.43908652813,
    23.005705600654));
#1057 = VECTOR('',#1058,1.);
#1058 = DIRECTION('',(1.415196392265E-15,1.917542417436E-15,-1.));
#1059 = PCURVE('',#357,#1060);
#1060 = DEFINITIONAL_REPRESENTATION('',(#1061),#1065);
#1061 = LINE('',#1062,#1063);
#1062 = CARTESIAN_POINT('',(9.003987825943,-4.955379176407E-15));
#1063 = VECTOR('',#1064,1.);
#1064 = DIRECTION('',(-1.324646800137E-16,1.));
#1065 = ( GEOMETRIC_REPRESENTATION_CONTEXT(2) 
PARAMETRIC_REPRESENTATION_CONTEXT() REPRESENTATION_CONTEXT('2D SPACE',''
  ) );
#1066 = PCURVE('',#713,#1067);
#1067 = DEFINITIONAL_REPRESENTATION('',(#1068),#1072);
#1068 = LINE('',#1069,#1070);
#1069 = CARTESIAN_POINT('',(-1.243470922501E-29,-8.881784197001E-15));
#1070 = VECTOR('',#1071,1.);
#1071 = DIRECTION('',(1.14492620317E-16,1.));
#1072 = ( GEOMETRIC_REPRESENTATION_CONTEXT(2) 
PARAMETRIC_REPRESENTATION_CONTEXT() REPRESENTATION_CONTEXT('2D SPACE',''
  ) );
#1073 = ORIENTED_EDGE('',*,*,#978,.F.);
#1074 = ORIENTED_EDGE('',*,*,#341,.F.);
#1075 = ADVANCED_FACE('',(#1076),#713,.T.);
#1076 = FACE_BOUND('',#1077,.T.);
#1077 = EDGE_LOOP('',(#1078,#1079,#1080,#1081));
#1078 = ORIENTED_EDGE('',*,*,#697,.F.);
#1079 = ORIENTED_EDGE('',*,*,#1028,.T.);
#1080 = ORIENTED_EDGE('',*,*,#1001,.F.);
#1081 = ORIENTED_EDGE('',*,*,#1053,.F.);
#1082 = ADVANCED_FACE('',(#1083),#408,.F.);
#1083 = FACE_BOUND('',#1084,.T.);
#1084 = EDGE_LOOP('',(#1085,#1086,#1087,#1108));
#1085 = ORIENTED_EDGE('',*,*,#392,.T.);
#1086 = ORIENTED_EDGE('',*,*,#648,.T.);
#1087 = ORIENTED_EDGE('',*,*,#1088,.F.);
#1088 = EDGE_CURVE('',#500,#626,#1089,.T.);
#1089 = SURFACE_CURVE('',#1090,(#1094,#1101),.PCURVE_S1.);
#1090 = LINE('',#1091,#1092);
#1091 = CARTESIAN_POINT('',(-127.4581822207,72.396621281847,
    2.494294935789));
#1092 = VECTOR('',#1093,1.);
#1093 = DIRECTION('',(0.766044443119,-0.642787609687,2.397457593845E-16)
  );
#1094 = PCURVE('',#408,#1095);
#1095 = DEFINITIONAL_REPRESENTATION('',(#1096),#1100);
#1096 = LINE('',#1097,#1098);
#1097 = CARTESIAN_POINT('',(20.583921483105,-3.613358734628));
#1098 = VECTOR('',#1099,1.);
#1099 = DIRECTION('',(-0.707106781187,0.707106781187));
#1100 = ( GEOMETRIC_REPRESENTATION_CONTEXT(2) 
PARAMETRIC_REPRESENTATION_CONTEXT() REPRESENTATION_CONTEXT('2D SPACE',''
  ) );
#1101 = PCURVE('',#538,#1102);
#1102 = DEFINITIONAL_REPRESENTATION('',(#1103),#1107);
#1103 = LINE('',#1104,#1105);
#1104 = CARTESIAN_POINT('',(0.,0.));
#1105 = VECTOR('',#1106,1.);
#1106 = DIRECTION('',(1.50888350756E-14,1.));
#1107 = ( GEOMETRIC_REPRESENTATION_CONTEXT(2) 
PARAMETRIC_REPRESENTATION_CONTEXT() REPRESENTATION_CONTEXT('2D SPACE',''
  ) );
#1108 = ORIENTED_EDGE('',*,*,#499,.F.);
#1109 = ADVANCED_FACE('',(#1110),#128,.T.);
#1110 = FACE_BOUND('',#1111,.T.);
#1111 = EDGE_LOOP('',(#1112,#1113,#1114,#1135));
#1112 = ORIENTED_EDGE('',*,*,#112,.T.);
#1113 = ORIENTED_EDGE('',*,*,#550,.T.);
#1114 = ORIENTED_EDGE('',*,*,#1115,.F.);
#1115 = EDGE_CURVE('',#603,#523,#1116,.T.);
#1116 = SURFACE_CURVE('',#1117,(#1121,#1128),.PCURVE_S1.);
#1117 = LINE('',#1118,#1119);
#1118 = CARTESIAN_POINT('',(-127.4581822207,72.396621281847,
    0.494294935789));
#1119 = VECTOR('',#1120,1.);
#1120 = DIRECTION('',(-0.766044443119,0.642787609687,-2.397457593845E-16
    ));
#1121 = PCURVE('',#128,#1122);
#1122 = DEFINITIONAL_REPRESENTATION('',(#1123),#1127);
#1123 = LINE('',#1124,#1125);
#1124 = CARTESIAN_POINT('',(-3.613358734627,-20.5839214831));
#1125 = VECTOR('',#1126,1.);
#1126 = DIRECTION('',(-0.707106781187,-0.707106781187));
#1127 = ( GEOMETRIC_REPRESENTATION_CONTEXT(2) 
PARAMETRIC_REPRESENTATION_CONTEXT() REPRESENTATION_CONTEXT('2D SPACE',''
  ) );
#1128 = PCURVE('',#538,#1129);
#1129 = DEFINITIONAL_REPRESENTATION('',(#1130),#1134);
#1130 = LINE('',#1131,#1132);
#1131 = CARTESIAN_POINT('',(-2.,2.817580226639E-14));
#1132 = VECTOR('',#1133,1.);
#1133 = DIRECTION('',(-1.50888350756E-14,-1.));
#1134 = ( GEOMETRIC_REPRESENTATION_CONTEXT(2) 
PARAMETRIC_REPRESENTATION_CONTEXT() REPRESENTATION_CONTEXT('2D SPACE',''
  ) );
#1135 = ORIENTED_EDGE('',*,*,#602,.F.);
#1136 = ADVANCED_FACE('',(#1137),#538,.T.);
#1137 = FACE_BOUND('',#1138,.T.);
#1138 = EDGE_LOOP('',(#1139,#1140,#1141,#1142));
#1139 = ORIENTED_EDGE('',*,*,#1088,.T.);
#1140 = ORIENTED_EDGE('',*,*,#625,.T.);
#1141 = ORIENTED_EDGE('',*,*,#1115,.T.);
#1142 = ORIENTED_EDGE('',*,*,#522,.T.);
#1143 = ADVANCED_FACE('',(#1144),#270,.T.);
#1144 = FACE_BOUND('',#1145,.T.);
#1145 = EDGE_LOOP('',(#1146,#1147,#1170,#1198));
#1146 = ORIENTED_EDGE('',*,*,#254,.T.);
#1147 = ORIENTED_EDGE('',*,*,#1148,.F.);
#1148 = EDGE_CURVE('',#1149,#227,#1151,.T.);
#1149 = VERTEX_POINT('',#1150);
#1150 = CARTESIAN_POINT('',(-159.5473824013,18.555411985223,
    22.942628019705));
#1151 = SURFACE_CURVE('',#1152,(#1156,#1163),.PCURVE_S1.);
#1152 = LINE('',#1153,#1154);
#1153 = CARTESIAN_POINT('',(-159.5473824013,18.555411985223,
    22.942628019705));
#1154 = VECTOR('',#1155,1.);
#1155 = DIRECTION('',(0.642787609687,0.766044443119,-2.781684519564E-15)
  );
#1156 = PCURVE('',#270,#1157);
#1157 = DEFINITIONAL_REPRESENTATION('',(#1158),#1162);
#1158 = LINE('',#1159,#1160);
#1159 = CARTESIAN_POINT('',(-0.,0.));
#1160 = VECTOR('',#1161,1.);
#1161 = DIRECTION('',(2.22044604925E-15,1.));
#1162 = ( GEOMETRIC_REPRESENTATION_CONTEXT(2) 
PARAMETRIC_REPRESENTATION_CONTEXT() REPRESENTATION_CONTEXT('2D SPACE',''
  ) );
#1163 = PCURVE('',#242,#1164);
#1164 = DEFINITIONAL_REPRESENTATION('',(#1165),#1169);
#1165 = LINE('',#1166,#1167);
#1166 = CARTESIAN_POINT('',(11.361762217034,-13.85051182492));
#1167 = VECTOR('',#1168,1.);
#1168 = DIRECTION('',(-1.,5.606626274357E-15));
#1169 = ( GEOMETRIC_REPRESENTATION_CONTEXT(2) 
PARAMETRIC_REPRESENTATION_CONTEXT() REPRESENTATION_CONTEXT('2D SPACE',''
  ) );
#1170 = ORIENTED_EDGE('',*,*,#1171,.F.);
#1171 = EDGE_CURVE('',#1172,#1149,#1174,.T.);
#1172 = VERTEX_POINT('',#1173);
#1173 = CARTESIAN_POINT('',(-159.5473824013,18.555411985224,
    14.942628019705));
#1174 = SURFACE_CURVE('',#1175,(#1179,#1186),.PCURVE_S1.);
#1175 = LINE('',#1176,#1177);
#1176 = CARTESIAN_POINT('',(-159.5473824013,18.555411985223,
    22.942628019705));
#1177 = VECTOR('',#1178,1.);
#1178 = DIRECTION('',(1.116490940749E-14,-9.795261159056E-15,1.));
#1179 = PCURVE('',#270,#1180);
#1180 = DEFINITIONAL_REPRESENTATION('',(#1181),#1185);
#1181 = LINE('',#1182,#1183);
#1182 = CARTESIAN_POINT('',(-5.009326287109E-13,-5.518648861372E-28));
#1183 = VECTOR('',#1184,1.);
#1184 = DIRECTION('',(-1.,-8.881784197001E-16));
#1185 = ( GEOMETRIC_REPRESENTATION_CONTEXT(2) 
PARAMETRIC_REPRESENTATION_CONTEXT() REPRESENTATION_CONTEXT('2D SPACE',''
  ) );
#1186 = PCURVE('',#1187,#1192);
#1187 = PLANE('',#1188);
#1188 = AXIS2_PLACEMENT_3D('',#1189,#1190,#1191);
#1189 = CARTESIAN_POINT('',(-162.7260747596,21.222651570704,
    22.942628019706));
#1190 = DIRECTION('',(0.642787609687,0.766044443119,3.269399493865E-16)
  );
#1191 = DIRECTION('',(1.048452526458E-14,-9.224351075682E-15,1.));
#1192 = DEFINITIONAL_REPRESENTATION('',(#1193),#1197);
#1193 = LINE('',#1194,#1195);
#1194 = CARTESIAN_POINT('',(-4.443841785575E-13,4.149488175077));
#1195 = VECTOR('',#1196,1.);
#1196 = DIRECTION('',(1.,8.881784197001E-16));
#1197 = ( GEOMETRIC_REPRESENTATION_CONTEXT(2) 
PARAMETRIC_REPRESENTATION_CONTEXT() REPRESENTATION_CONTEXT('2D SPACE',''
  ) );
#1198 = ORIENTED_EDGE('',*,*,#1199,.T.);
#1199 = EDGE_CURVE('',#1172,#255,#1200,.T.);
#1200 = SURFACE_CURVE('',#1201,(#1205,#1212),.PCURVE_S1.);
#1201 = LINE('',#1202,#1203);
#1202 = CARTESIAN_POINT('',(-159.5473824013,18.555411985224,
    14.942628019705));
#1203 = VECTOR('',#1204,1.);
#1204 = DIRECTION('',(0.642787609687,0.766044443119,-2.781684519564E-15)
  );
#1205 = PCURVE('',#270,#1206);
#1206 = DEFINITIONAL_REPRESENTATION('',(#1207),#1211);
#1207 = LINE('',#1208,#1209);
#1208 = CARTESIAN_POINT('',(7.999999999999,8.040961503643E-14));
#1209 = VECTOR('',#1210,1.);
#1210 = DIRECTION('',(2.22044604925E-15,1.));
#1211 = ( GEOMETRIC_REPRESENTATION_CONTEXT(2) 
PARAMETRIC_REPRESENTATION_CONTEXT() REPRESENTATION_CONTEXT('2D SPACE',''
  ) );
#1212 = PCURVE('',#296,#1213);
#1213 = DEFINITIONAL_REPRESENTATION('',(#1214),#1218);
#1214 = LINE('',#1215,#1216);
#1215 = CARTESIAN_POINT('',(28.638237782966,-13.85051182492));
#1216 = VECTOR('',#1217,1.);
#1217 = DIRECTION('',(1.,5.606626274357E-15));
#1218 = ( GEOMETRIC_REPRESENTATION_CONTEXT(2) 
PARAMETRIC_REPRESENTATION_CONTEXT() REPRESENTATION_CONTEXT('2D SPACE',''
  ) );
#1219 = ADVANCED_FACE('',(#1220),#214,.T.);
#1220 = FACE_BOUND('',#1221,.T.);
#1221 = EDGE_LOOP('',(#1222,#1223,#1246,#1274));
#1222 = ORIENTED_EDGE('',*,*,#196,.T.);
#1223 = ORIENTED_EDGE('',*,*,#1224,.F.);
#1224 = EDGE_CURVE('',#1225,#199,#1227,.T.);
#1225 = VERTEX_POINT('',#1226);
#1226 = CARTESIAN_POINT('',(-164.3330437839,19.307540462907,
    14.942628019705));
#1227 = SURFACE_CURVE('',#1228,(#1232,#1239),.PCURVE_S1.);
#1228 = LINE('',#1229,#1230);
#1229 = CARTESIAN_POINT('',(-162.7260747596,21.222651570704,
    14.942628019706));
#1230 = VECTOR('',#1231,1.);
#1231 = DIRECTION('',(0.642787609687,0.766044443119,-2.781684519564E-15)
  );
#1232 = PCURVE('',#214,#1233);
#1233 = DEFINITIONAL_REPRESENTATION('',(#1234),#1238);
#1234 = LINE('',#1235,#1236);
#1235 = CARTESIAN_POINT('',(3.999999999999,-1.25));
#1236 = VECTOR('',#1237,1.);
#1237 = DIRECTION('',(2.22044604925E-15,-1.));
#1238 = ( GEOMETRIC_REPRESENTATION_CONTEXT(2) 
PARAMETRIC_REPRESENTATION_CONTEXT() REPRESENTATION_CONTEXT('2D SPACE',''
  ) );
#1239 = PCURVE('',#296,#1240);
#1240 = DEFINITIONAL_REPRESENTATION('',(#1241),#1245);
#1241 = LINE('',#1242,#1243);
#1242 = CARTESIAN_POINT('',(28.638237782966,-17.99999999999));
#1243 = VECTOR('',#1244,1.);
#1244 = DIRECTION('',(1.,5.606626274357E-15));
#1245 = ( GEOMETRIC_REPRESENTATION_CONTEXT(2) 
PARAMETRIC_REPRESENTATION_CONTEXT() REPRESENTATION_CONTEXT('2D SPACE',''
  ) );
#1246 = ORIENTED_EDGE('',*,*,#1247,.T.);
#1247 = EDGE_CURVE('',#1225,#1248,#1250,.T.);
#1248 = VERTEX_POINT('',#1249);
#1249 = CARTESIAN_POINT('',(-164.3330437839,19.307540462907,
    22.942628019705));
#1250 = SURFACE_CURVE('',#1251,(#1255,#1262),.PCURVE_S1.);
#1251 = LINE('',#1252,#1253);
#1252 = CARTESIAN_POINT('',(-164.3330437839,19.307540462907,
    14.942628019705));
#1253 = VECTOR('',#1254,1.);
#1254 = DIRECTION('',(1.030854428243E-14,-1.081583737342E-14,1.));
#1255 = PCURVE('',#214,#1256);
#1256 = DEFINITIONAL_REPRESENTATION('',(#1257),#1261);
#1257 = LINE('',#1258,#1259);
#1258 = CARTESIAN_POINT('',(4.,1.25));
#1259 = VECTOR('',#1260,1.);
#1260 = DIRECTION('',(-1.,2.22044604925E-15));
#1261 = ( GEOMETRIC_REPRESENTATION_CONTEXT(2) 
PARAMETRIC_REPRESENTATION_CONTEXT() REPRESENTATION_CONTEXT('2D SPACE',''
  ) );
#1262 = PCURVE('',#1263,#1268);
#1263 = PLANE('',#1264);
#1264 = AXIS2_PLACEMENT_3D('',#1265,#1266,#1267);
#1265 = CARTESIAN_POINT('',(-164.3330437839,19.307540462907,
    22.942628019706));
#1266 = DIRECTION('',(-0.642787609687,-0.766044443119,
    -5.404363947423E-16));
#1267 = DIRECTION('',(-2.357181594112E-16,9.032806297408E-16,-1.));
#1268 = DEFINITIONAL_REPRESENTATION('',(#1269),#1273);
#1269 = LINE('',#1270,#1271);
#1270 = CARTESIAN_POINT('',(8.000000000001,-7.034014214903E-14));
#1271 = VECTOR('',#1272,1.);
#1272 = DIRECTION('',(-1.,1.408790113319E-14));
#1273 = ( GEOMETRIC_REPRESENTATION_CONTEXT(2) 
PARAMETRIC_REPRESENTATION_CONTEXT() REPRESENTATION_CONTEXT('2D SPACE',''
  ) );
#1274 = ORIENTED_EDGE('',*,*,#1275,.T.);
#1275 = EDGE_CURVE('',#1248,#197,#1276,.T.);
#1276 = SURFACE_CURVE('',#1277,(#1281,#1288),.PCURVE_S1.);
#1277 = LINE('',#1278,#1279);
#1278 = CARTESIAN_POINT('',(-164.3330437839,19.307540462907,
    22.942628019705));
#1279 = VECTOR('',#1280,1.);
#1280 = DIRECTION('',(0.642787609687,0.766044443119,2.991475208487E-15)
  );
#1281 = PCURVE('',#214,#1282);
#1282 = DEFINITIONAL_REPRESENTATION('',(#1283),#1287);
#1283 = LINE('',#1284,#1285);
#1284 = CARTESIAN_POINT('',(-4.,1.25));
#1285 = VECTOR('',#1286,1.);
#1286 = DIRECTION('',(-3.552713678801E-15,-1.));
#1287 = ( GEOMETRIC_REPRESENTATION_CONTEXT(2) 
PARAMETRIC_REPRESENTATION_CONTEXT() REPRESENTATION_CONTEXT('2D SPACE',''
  ) );
#1288 = PCURVE('',#242,#1289);
#1289 = DEFINITIONAL_REPRESENTATION('',(#1290),#1294);
#1290 = LINE('',#1291,#1292);
#1291 = CARTESIAN_POINT('',(13.861762217034,-17.99999999999));
#1292 = VECTOR('',#1293,1.);
#1293 = DIRECTION('',(-1.,7.105427357601E-15));
#1294 = ( GEOMETRIC_REPRESENTATION_CONTEXT(2) 
PARAMETRIC_REPRESENTATION_CONTEXT() REPRESENTATION_CONTEXT('2D SPACE',''
  ) );
#1295 = ADVANCED_FACE('',(#1296),#1187,.T.);
#1296 = FACE_BOUND('',#1297,.T.);
#1297 = EDGE_LOOP('',(#1298,#1299,#1322,#1350));
#1298 = ORIENTED_EDGE('',*,*,#1171,.T.);
#1299 = ORIENTED_EDGE('',*,*,#1300,.F.);
#1300 = EDGE_CURVE('',#1301,#1149,#1303,.T.);
#1301 = VERTEX_POINT('',#1302);
#1302 = CARTESIAN_POINT('',(-146.6391414542,7.724111767287,
    22.942628019706));
#1303 = SURFACE_CURVE('',#1304,(#1308,#1315),.PCURVE_S1.);
#1304 = LINE('',#1305,#1306);
#1305 = CARTESIAN_POINT('',(-148.1712303404,9.00968698666,
    22.942628019704));
#1306 = VECTOR('',#1307,1.);
#1307 = DIRECTION('',(-0.766044443119,0.642787609687,1.484908931622E-14)
  );
#1308 = PCURVE('',#1187,#1309);
#1309 = DEFINITIONAL_REPRESENTATION('',(#1310),#1314);
#1310 = LINE('',#1311,#1312);
#1311 = CARTESIAN_POINT('',(-1.049498474885E-12,19.));
#1312 = VECTOR('',#1313,1.);
#1313 = DIRECTION('',(8.881784197001E-16,-1.));
#1314 = ( GEOMETRIC_REPRESENTATION_CONTEXT(2) 
PARAMETRIC_REPRESENTATION_CONTEXT() REPRESENTATION_CONTEXT('2D SPACE',''
  ) );
#1315 = PCURVE('',#242,#1316);
#1316 = DEFINITIONAL_REPRESENTATION('',(#1317),#1321);
#1317 = LINE('',#1318,#1319);
#1318 = CARTESIAN_POINT('',(11.361762217035,1.000000000002));
#1319 = VECTOR('',#1320,1.);
#1320 = DIRECTION('',(-7.105427357601E-15,-1.));
#1321 = ( GEOMETRIC_REPRESENTATION_CONTEXT(2) 
PARAMETRIC_REPRESENTATION_CONTEXT() REPRESENTATION_CONTEXT('2D SPACE',''
  ) );
#1322 = ORIENTED_EDGE('',*,*,#1323,.T.);
#1323 = EDGE_CURVE('',#1301,#1324,#1326,.T.);
#1324 = VERTEX_POINT('',#1325);
#1325 = CARTESIAN_POINT('',(-146.6391414542,7.724111767287,
    14.942628019706));
#1326 = SURFACE_CURVE('',#1327,(#1331,#1338),.PCURVE_S1.);
#1327 = LINE('',#1328,#1329);
#1328 = CARTESIAN_POINT('',(-146.6391414542,7.724111767287,
    20.942628019706));
#1329 = VECTOR('',#1330,1.);
#1330 = DIRECTION('',(-5.6275640252E-15,5.427576507089E-15,-1.));
#1331 = PCURVE('',#1187,#1332);
#1332 = DEFINITIONAL_REPRESENTATION('',(#1333),#1337);
#1333 = LINE('',#1334,#1335);
#1334 = CARTESIAN_POINT('',(-2.,21.));
#1335 = VECTOR('',#1336,1.);
#1336 = DIRECTION('',(-1.,6.161167817336E-15));
#1337 = ( GEOMETRIC_REPRESENTATION_CONTEXT(2) 
PARAMETRIC_REPRESENTATION_CONTEXT() REPRESENTATION_CONTEXT('2D SPACE',''
  ) );
#1338 = PCURVE('',#1339,#1344);
#1339 = PLANE('',#1340);
#1340 = AXIS2_PLACEMENT_3D('',#1341,#1342,#1343);
#1341 = CARTESIAN_POINT('',(-154.0236383582,-1.076388947582,
    18.942628019705));
#1342 = DIRECTION('',(0.766044443119,-0.642787609687,-7.799743079183E-15
    ));
#1343 = DIRECTION('',(0.642787609687,0.766044443119,5.404364356482E-16)
  );
#1344 = DEFINITIONAL_REPRESENTATION('',(#1345),#1349);
#1345 = LINE('',#1346,#1347);
#1346 = CARTESIAN_POINT('',(11.488237782965,2.));
#1347 = VECTOR('',#1348,1.);
#1348 = DIRECTION('',(-4.090589827407E-23,-1.));
#1349 = ( GEOMETRIC_REPRESENTATION_CONTEXT(2) 
PARAMETRIC_REPRESENTATION_CONTEXT() REPRESENTATION_CONTEXT('2D SPACE',''
  ) );
#1350 = ORIENTED_EDGE('',*,*,#1351,.T.);
#1351 = EDGE_CURVE('',#1324,#1172,#1352,.T.);
#1352 = SURFACE_CURVE('',#1353,(#1357,#1364),.PCURVE_S1.);
#1353 = LINE('',#1354,#1355);
#1354 = CARTESIAN_POINT('',(-155.8316747716,15.437563083525,
    14.942628019706));
#1355 = VECTOR('',#1356,1.);
#1356 = DIRECTION('',(-0.766044443119,0.642787609687,8.162675013861E-15)
  );
#1357 = PCURVE('',#1187,#1358);
#1358 = DEFINITIONAL_REPRESENTATION('',(#1359),#1363);
#1359 = LINE('',#1360,#1361);
#1360 = CARTESIAN_POINT('',(-8.,9.));
#1361 = VECTOR('',#1362,1.);
#1362 = DIRECTION('',(-5.798235882659E-15,-1.));
#1363 = ( GEOMETRIC_REPRESENTATION_CONTEXT(2) 
PARAMETRIC_REPRESENTATION_CONTEXT() REPRESENTATION_CONTEXT('2D SPACE',''
  ) );
#1364 = PCURVE('',#296,#1365);
#1365 = DEFINITIONAL_REPRESENTATION('',(#1366),#1370);
#1366 = LINE('',#1367,#1368);
#1367 = CARTESIAN_POINT('',(28.638237782966,-8.999999999998));
#1368 = VECTOR('',#1369,1.);
#1369 = DIRECTION('',(5.606626274357E-15,-1.));
#1370 = ( GEOMETRIC_REPRESENTATION_CONTEXT(2) 
PARAMETRIC_REPRESENTATION_CONTEXT() REPRESENTATION_CONTEXT('2D SPACE',''
  ) );
#1371 = ADVANCED_FACE('',(#1372),#1263,.T.);
#1372 = FACE_BOUND('',#1373,.T.);
#1373 = EDGE_LOOP('',(#1374,#1404,#1425,#1426));
#1374 = ORIENTED_EDGE('',*,*,#1375,.T.);
#1375 = EDGE_CURVE('',#1376,#1378,#1380,.T.);
#1376 = VERTEX_POINT('',#1377);
#1377 = CARTESIAN_POINT('',(-149.7781993646,7.094575878865,
    14.942628019706));
#1378 = VERTEX_POINT('',#1379);
#1379 = CARTESIAN_POINT('',(-149.7781993646,7.094575878865,
    22.942628019705));
#1380 = SURFACE_CURVE('',#1381,(#1385,#1392),.PCURVE_S1.);
#1381 = LINE('',#1382,#1383);
#1382 = CARTESIAN_POINT('',(-149.7781993646,7.094575878865,
    20.942628019705));
#1383 = VECTOR('',#1384,1.);
#1384 = DIRECTION('',(5.6275640252E-15,-5.427576507089E-15,1.));
#1385 = PCURVE('',#1263,#1386);
#1386 = DEFINITIONAL_REPRESENTATION('',(#1387),#1391);
#1387 = LINE('',#1388,#1389);
#1388 = CARTESIAN_POINT('',(2.,18.999999999998));
#1389 = VECTOR('',#1390,1.);
#1390 = DIRECTION('',(-1.,7.038554896157E-15));
#1391 = ( GEOMETRIC_REPRESENTATION_CONTEXT(2) 
PARAMETRIC_REPRESENTATION_CONTEXT() REPRESENTATION_CONTEXT('2D SPACE',''
  ) );
#1392 = PCURVE('',#1393,#1398);
#1393 = PLANE('',#1394);
#1394 = AXIS2_PLACEMENT_3D('',#1395,#1396,#1397);
#1395 = CARTESIAN_POINT('',(-155.5557272444,0.209186271791,
    18.942628019705));
#1396 = DIRECTION('',(0.766044443119,-0.642787609687,-7.799743079183E-15
    ));
#1397 = DIRECTION('',(0.642787609687,0.766044443119,5.404364356482E-16)
  );
#1398 = DEFINITIONAL_REPRESENTATION('',(#1399),#1403);
#1399 = LINE('',#1400,#1401);
#1400 = CARTESIAN_POINT('',(8.988237782968,2.));
#1401 = VECTOR('',#1402,1.);
#1402 = DIRECTION('',(4.090584975912E-23,1.));
#1403 = ( GEOMETRIC_REPRESENTATION_CONTEXT(2) 
PARAMETRIC_REPRESENTATION_CONTEXT() REPRESENTATION_CONTEXT('2D SPACE',''
  ) );
#1404 = ORIENTED_EDGE('',*,*,#1405,.T.);
#1405 = EDGE_CURVE('',#1378,#1248,#1406,.T.);
#1406 = SURFACE_CURVE('',#1407,(#1411,#1418),.PCURVE_S1.);
#1407 = LINE('',#1408,#1409);
#1408 = CARTESIAN_POINT('',(-149.7781993646,7.094575878862,
    22.942628019704));
#1409 = VECTOR('',#1410,1.);
#1410 = DIRECTION('',(-0.766044443119,0.642787609687,1.484908931622E-14)
  );
#1411 = PCURVE('',#1263,#1412);
#1412 = DEFINITIONAL_REPRESENTATION('',(#1413),#1417);
#1413 = LINE('',#1414,#1415);
#1414 = CARTESIAN_POINT('',(1.300293206441E-12,19.));
#1415 = VECTOR('',#1416,1.);
#1416 = DIRECTION('',(-1.408790113319E-14,-1.));
#1417 = ( GEOMETRIC_REPRESENTATION_CONTEXT(2) 
PARAMETRIC_REPRESENTATION_CONTEXT() REPRESENTATION_CONTEXT('2D SPACE',''
  ) );
#1418 = PCURVE('',#242,#1419);
#1419 = DEFINITIONAL_REPRESENTATION('',(#1420),#1424);
#1420 = LINE('',#1421,#1422);
#1421 = CARTESIAN_POINT('',(13.861762217035,1.000000000002));
#1422 = VECTOR('',#1423,1.);
#1423 = DIRECTION('',(-7.105427357601E-15,-1.));
#1424 = ( GEOMETRIC_REPRESENTATION_CONTEXT(2) 
PARAMETRIC_REPRESENTATION_CONTEXT() REPRESENTATION_CONTEXT('2D SPACE',''
  ) );
#1425 = ORIENTED_EDGE('',*,*,#1247,.F.);
#1426 = ORIENTED_EDGE('',*,*,#1427,.T.);
#1427 = EDGE_CURVE('',#1225,#1376,#1428,.T.);
#1428 = SURFACE_CURVE('',#1429,(#1433,#1440),.PCURVE_S1.);
#1429 = LINE('',#1430,#1431);
#1430 = CARTESIAN_POINT('',(-157.4386437958,13.522451975728,
    14.942628019706));
#1431 = VECTOR('',#1432,1.);
#1432 = DIRECTION('',(0.766044443119,-0.642787609687,-8.162675013861E-15
    ));
#1433 = PCURVE('',#1263,#1434);
#1434 = DEFINITIONAL_REPRESENTATION('',(#1435),#1439);
#1435 = LINE('',#1436,#1437);
#1436 = CARTESIAN_POINT('',(8.,9.));
#1437 = VECTOR('',#1438,1.);
#1438 = DIRECTION('',(7.401486830834E-15,1.));
#1439 = ( GEOMETRIC_REPRESENTATION_CONTEXT(2) 
PARAMETRIC_REPRESENTATION_CONTEXT() REPRESENTATION_CONTEXT('2D SPACE',''
  ) );
#1440 = PCURVE('',#296,#1441);
#1441 = DEFINITIONAL_REPRESENTATION('',(#1442),#1446);
#1442 = LINE('',#1443,#1444);
#1443 = CARTESIAN_POINT('',(26.138237782966,-8.999999999998));
#1444 = VECTOR('',#1445,1.);
#1445 = DIRECTION('',(-5.606626274357E-15,1.));
#1446 = ( GEOMETRIC_REPRESENTATION_CONTEXT(2) 
PARAMETRIC_REPRESENTATION_CONTEXT() REPRESENTATION_CONTEXT('2D SPACE',''
  ) );
#1447 = ADVANCED_FACE('',(#1448),#1462,.F.);
#1448 = FACE_BOUND('',#1449,.F.);
#1449 = EDGE_LOOP('',(#1450,#1480,#1502,#1503));
#1450 = ORIENTED_EDGE('',*,*,#1451,.T.);
#1451 = EDGE_CURVE('',#1452,#1454,#1456,.T.);
#1452 = VERTEX_POINT('',#1453);
#1453 = CARTESIAN_POINT('',(-160.0229893819,-8.226137083362,
    18.942628019707));
#1454 = VERTEX_POINT('',#1455);
#1455 = CARTESIAN_POINT('',(-161.5550782682,-6.940561863988,
    18.942628019707));
#1456 = SEAM_CURVE('',#1457,(#1461,#1473),.PCURVE_S1.);
#1457 = LINE('',#1458,#1459);
#1458 = CARTESIAN_POINT('',(-160.0229893819,-8.226137083362,
    18.942628019707));
#1459 = VECTOR('',#1460,1.);
#1460 = DIRECTION('',(-0.766044443119,0.642787609687,7.611881830263E-16)
  );
#1461 = PCURVE('',#1462,#1467);
#1462 = CYLINDRICAL_SURFACE('',#1463,0.85);
#1463 = AXIS2_PLACEMENT_3D('',#1464,#1465,#1466);
#1464 = CARTESIAN_POINT('',(-159.4766199137,-7.574999306711,
    18.942628019707));
#1465 = DIRECTION('',(-0.766044443119,0.642787609687,7.611881830263E-16)
  );
#1466 = DIRECTION('',(0.642787609687,0.766044443119,-5.612384703135E-16)
  );
#1467 = DEFINITIONAL_REPRESENTATION('',(#1468),#1472);
#1468 = LINE('',#1469,#1470);
#1469 = CARTESIAN_POINT('',(9.424777960769,1.06581410364E-14));
#1470 = VECTOR('',#1471,1.);
#1471 = DIRECTION('',(0.,1.));
#1472 = ( GEOMETRIC_REPRESENTATION_CONTEXT(2) 
PARAMETRIC_REPRESENTATION_CONTEXT() REPRESENTATION_CONTEXT('2D SPACE',''
  ) );
#1473 = PCURVE('',#1462,#1474);
#1474 = DEFINITIONAL_REPRESENTATION('',(#1475),#1479);
#1475 = LINE('',#1476,#1477);
#1476 = CARTESIAN_POINT('',(3.14159265359,1.06581410364E-14));
#1477 = VECTOR('',#1478,1.);
#1478 = DIRECTION('',(0.,1.));
#1479 = ( GEOMETRIC_REPRESENTATION_CONTEXT(2) 
PARAMETRIC_REPRESENTATION_CONTEXT() REPRESENTATION_CONTEXT('2D SPACE',''
  ) );
#1480 = ORIENTED_EDGE('',*,*,#1481,.T.);
#1481 = EDGE_CURVE('',#1454,#1454,#1482,.T.);
#1482 = SURFACE_CURVE('',#1483,(#1488,#1495),.PCURVE_S1.);
#1483 = CIRCLE('',#1484,0.85);
#1484 = AXIS2_PLACEMENT_3D('',#1485,#1486,#1487);
#1485 = CARTESIAN_POINT('',(-161.0087087999,-6.289424087337,
    18.942628019707));
#1486 = DIRECTION('',(0.766044443119,-0.642787609687,-7.799743079183E-15
    ));
#1487 = DIRECTION('',(0.642787609687,0.766044443119,-5.612384703135E-16)
  );
#1488 = PCURVE('',#1462,#1489);
#1489 = DEFINITIONAL_REPRESENTATION('',(#1490),#1494);
#1490 = LINE('',#1491,#1492);
#1491 = CARTESIAN_POINT('',(12.566370614359,2.000000000002));
#1492 = VECTOR('',#1493,1.);
#1493 = DIRECTION('',(-1.,0.));
#1494 = ( GEOMETRIC_REPRESENTATION_CONTEXT(2) 
PARAMETRIC_REPRESENTATION_CONTEXT() REPRESENTATION_CONTEXT('2D SPACE',''
  ) );
#1495 = PCURVE('',#1393,#1496);
#1496 = DEFINITIONAL_REPRESENTATION('',(#1497),#1501);
#1497 = CIRCLE('',#1498,0.85);
#1498 = AXIS2_PLACEMENT_2D('',#1499,#1500);
#1499 = CARTESIAN_POINT('',(-8.483333333335,1.399769189794E-12));
#1500 = DIRECTION('',(1.,-1.101674905962E-15));
#1501 = ( GEOMETRIC_REPRESENTATION_CONTEXT(2) 
PARAMETRIC_REPRESENTATION_CONTEXT() REPRESENTATION_CONTEXT('2D SPACE',''
  ) );
#1502 = ORIENTED_EDGE('',*,*,#1451,.F.);
#1503 = ORIENTED_EDGE('',*,*,#1504,.T.);
#1504 = EDGE_CURVE('',#1452,#1452,#1505,.T.);
#1505 = SURFACE_CURVE('',#1506,(#1511,#1518),.PCURVE_S1.);
#1506 = CIRCLE('',#1507,0.85);
#1507 = AXIS2_PLACEMENT_3D('',#1508,#1509,#1510);
#1508 = CARTESIAN_POINT('',(-159.4766199137,-7.57499930671,
    18.942628019707));
#1509 = DIRECTION('',(-0.766044443119,0.642787609687,7.799743079183E-15)
  );
#1510 = DIRECTION('',(0.642787609687,0.766044443119,-5.612384703135E-16)
  );
#1511 = PCURVE('',#1462,#1512);
#1512 = DEFINITIONAL_REPRESENTATION('',(#1513),#1517);
#1513 = LINE('',#1514,#1515);
#1514 = CARTESIAN_POINT('',(-1.7763568394E-15,2.053468506347E-12));
#1515 = VECTOR('',#1516,1.);
#1516 = DIRECTION('',(1.,0.));
#1517 = ( GEOMETRIC_REPRESENTATION_CONTEXT(2) 
PARAMETRIC_REPRESENTATION_CONTEXT() REPRESENTATION_CONTEXT('2D SPACE',''
  ) );
#1518 = PCURVE('',#1339,#1519);
#1519 = DEFINITIONAL_REPRESENTATION('',(#1520),#1528);
#1520 = ( BOUNDED_CURVE() B_SPLINE_CURVE(2,(#1521,#1522,#1523,#1524,
#1525,#1526,#1527),.UNSPECIFIED.,.T.,.F.) B_SPLINE_CURVE_WITH_KNOTS((1,2
    ,2,2,2,1),(-2.094395102393,0.,2.094395102393,4.188790204786,
6.28318530718,8.377580409573),.UNSPECIFIED.) CURVE() 
GEOMETRIC_REPRESENTATION_ITEM() RATIONAL_B_SPLINE_CURVE((1.,0.5,1.,0.5,
1.,0.5,1.)) REPRESENTATION_ITEM('') );
#1521 = CARTESIAN_POINT('',(-7.633333333335,1.398832766124E-12));
#1522 = CARTESIAN_POINT('',(-7.633333333335,-1.472243186432));
#1523 = CARTESIAN_POINT('',(-8.908333333335,-0.736121593215));
#1524 = CARTESIAN_POINT('',(-10.18333333333,1.401433847179E-12));
#1525 = CARTESIAN_POINT('',(-8.908333333335,0.736121593218));
#1526 = CARTESIAN_POINT('',(-7.633333333335,1.472243186435));
#1527 = CARTESIAN_POINT('',(-7.633333333335,1.398832766124E-12));
#1528 = ( GEOMETRIC_REPRESENTATION_CONTEXT(2) 
PARAMETRIC_REPRESENTATION_CONTEXT() REPRESENTATION_CONTEXT('2D SPACE',''
  ) );
#1529 = ADVANCED_FACE('',(#1530),#1544,.F.);
#1530 = FACE_BOUND('',#1531,.F.);
#1531 = EDGE_LOOP('',(#1532,#1562,#1584,#1585));
#1532 = ORIENTED_EDGE('',*,*,#1533,.T.);
#1533 = EDGE_CURVE('',#1534,#1536,#1538,.T.);
#1534 = VERTEX_POINT('',#1535);
#1535 = CARTESIAN_POINT('',(-162.8084023572,-11.54566300354,
    18.942628019707));
#1536 = VERTEX_POINT('',#1537);
#1537 = CARTESIAN_POINT('',(-164.3404912435,-10.26008778417,
    18.942628019707));
#1538 = SEAM_CURVE('',#1539,(#1543,#1555),.PCURVE_S1.);
#1539 = LINE('',#1540,#1541);
#1540 = CARTESIAN_POINT('',(-162.8084023572,-11.54566300354,
    18.942628019707));
#1541 = VECTOR('',#1542,1.);
#1542 = DIRECTION('',(-0.766044443119,0.642787609687,7.611881830263E-16)
  );
#1543 = PCURVE('',#1544,#1549);
#1544 = CYLINDRICAL_SURFACE('',#1545,0.85);
#1545 = AXIS2_PLACEMENT_3D('',#1546,#1547,#1548);
#1546 = CARTESIAN_POINT('',(-162.262032889,-10.89452522689,
    18.942628019707));
#1547 = DIRECTION('',(-0.766044443119,0.642787609687,7.611881830263E-16)
  );
#1548 = DIRECTION('',(0.642787609687,0.766044443119,-5.612384703135E-16)
  );
#1549 = DEFINITIONAL_REPRESENTATION('',(#1550),#1554);
#1550 = LINE('',#1551,#1552);
#1551 = CARTESIAN_POINT('',(3.14159265359,7.815970093361E-14));
#1552 = VECTOR('',#1553,1.);
#1553 = DIRECTION('',(0.,1.));
#1554 = ( GEOMETRIC_REPRESENTATION_CONTEXT(2) 
PARAMETRIC_REPRESENTATION_CONTEXT() REPRESENTATION_CONTEXT('2D SPACE',''
  ) );
#1555 = PCURVE('',#1544,#1556);
#1556 = DEFINITIONAL_REPRESENTATION('',(#1557),#1561);
#1557 = LINE('',#1558,#1559);
#1558 = CARTESIAN_POINT('',(-3.14159265359,7.815970093361E-14));
#1559 = VECTOR('',#1560,1.);
#1560 = DIRECTION('',(0.,1.));
#1561 = ( GEOMETRIC_REPRESENTATION_CONTEXT(2) 
PARAMETRIC_REPRESENTATION_CONTEXT() REPRESENTATION_CONTEXT('2D SPACE',''
  ) );
#1562 = ORIENTED_EDGE('',*,*,#1563,.T.);
#1563 = EDGE_CURVE('',#1536,#1536,#1564,.T.);
#1564 = SURFACE_CURVE('',#1565,(#1570,#1577),.PCURVE_S1.);
#1565 = CIRCLE('',#1566,0.85);
#1566 = AXIS2_PLACEMENT_3D('',#1567,#1568,#1569);
#1567 = CARTESIAN_POINT('',(-163.7941217752,-9.608950007519,
    18.942628019707));
#1568 = DIRECTION('',(0.766044443119,-0.642787609687,-7.799743079183E-15
    ));
#1569 = DIRECTION('',(0.642787609687,0.766044443119,-5.612384703135E-16)
  );
#1570 = PCURVE('',#1544,#1571);
#1571 = DEFINITIONAL_REPRESENTATION('',(#1572),#1576);
#1572 = LINE('',#1573,#1574);
#1573 = CARTESIAN_POINT('',(6.28318530718,2.000000000002));
#1574 = VECTOR('',#1575,1.);
#1575 = DIRECTION('',(-1.,0.));
#1576 = ( GEOMETRIC_REPRESENTATION_CONTEXT(2) 
PARAMETRIC_REPRESENTATION_CONTEXT() REPRESENTATION_CONTEXT('2D SPACE',''
  ) );
#1577 = PCURVE('',#1393,#1578);
#1578 = DEFINITIONAL_REPRESENTATION('',(#1579),#1583);
#1579 = CIRCLE('',#1580,0.85);
#1580 = AXIS2_PLACEMENT_2D('',#1581,#1582);
#1581 = CARTESIAN_POINT('',(-12.81666666666,1.399769189972E-12));
#1582 = DIRECTION('',(1.,-1.101674905962E-15));
#1583 = ( GEOMETRIC_REPRESENTATION_CONTEXT(2) 
PARAMETRIC_REPRESENTATION_CONTEXT() REPRESENTATION_CONTEXT('2D SPACE',''
  ) );
#1584 = ORIENTED_EDGE('',*,*,#1533,.F.);
#1585 = ORIENTED_EDGE('',*,*,#1586,.T.);
#1586 = EDGE_CURVE('',#1534,#1534,#1587,.T.);
#1587 = SURFACE_CURVE('',#1588,(#1593,#1600),.PCURVE_S1.);
#1588 = CIRCLE('',#1589,0.85);
#1589 = AXIS2_PLACEMENT_3D('',#1590,#1591,#1592);
#1590 = CARTESIAN_POINT('',(-162.262032889,-10.89452522689,
    18.942628019707));
#1591 = DIRECTION('',(-0.766044443119,0.642787609687,7.799743079183E-15)
  );
#1592 = DIRECTION('',(0.642787609687,0.766044443119,-5.612384703135E-16)
  );
#1593 = PCURVE('',#1544,#1594);
#1594 = DEFINITIONAL_REPRESENTATION('',(#1595),#1599);
#1595 = LINE('',#1596,#1597);
#1596 = CARTESIAN_POINT('',(-6.28318530718,2.053468506347E-12));
#1597 = VECTOR('',#1598,1.);
#1598 = DIRECTION('',(1.,0.));
#1599 = ( GEOMETRIC_REPRESENTATION_CONTEXT(2) 
PARAMETRIC_REPRESENTATION_CONTEXT() REPRESENTATION_CONTEXT('2D SPACE',''
  ) );
#1600 = PCURVE('',#1339,#1601);
#1601 = DEFINITIONAL_REPRESENTATION('',(#1602),#1610);
#1602 = ( BOUNDED_CURVE() B_SPLINE_CURVE(2,(#1603,#1604,#1605,#1606,
#1607,#1608,#1609),.UNSPECIFIED.,.T.,.F.) B_SPLINE_CURVE_WITH_KNOTS((1,2
    ,2,2,2,1),(-2.094395102393,0.,2.094395102393,4.188790204786,
6.28318530718,8.377580409573),.UNSPECIFIED.) CURVE() 
GEOMETRIC_REPRESENTATION_ITEM() RATIONAL_B_SPLINE_CURVE((1.,0.5,1.,0.5,
1.,0.5,1.)) REPRESENTATION_ITEM('') );
#1603 = CARTESIAN_POINT('',(-11.96666666666,1.398832766302E-12));
#1604 = CARTESIAN_POINT('',(-11.96666666666,-1.472243186432));
#1605 = CARTESIAN_POINT('',(-13.24166666666,-0.736121593215));
#1606 = CARTESIAN_POINT('',(-14.51666666666,1.401433847356E-12));
#1607 = CARTESIAN_POINT('',(-13.24166666666,0.736121593218));
#1608 = CARTESIAN_POINT('',(-11.96666666666,1.472243186435));
#1609 = CARTESIAN_POINT('',(-11.96666666666,1.398832766302E-12));
#1610 = ( GEOMETRIC_REPRESENTATION_CONTEXT(2) 
PARAMETRIC_REPRESENTATION_CONTEXT() REPRESENTATION_CONTEXT('2D SPACE',''
  ) );
#1611 = ADVANCED_FACE('',(#1612),#1626,.F.);
#1612 = FACE_BOUND('',#1613,.F.);
#1613 = EDGE_LOOP('',(#1614,#1644,#1666,#1667));
#1614 = ORIENTED_EDGE('',*,*,#1615,.T.);
#1615 = EDGE_CURVE('',#1616,#1618,#1620,.T.);
#1616 = VERTEX_POINT('',#1617);
#1617 = CARTESIAN_POINT('',(-165.5938153325,-14.86518892372,
    18.942628019707));
#1618 = VERTEX_POINT('',#1619);
#1619 = CARTESIAN_POINT('',(-167.1259042188,-13.57961370435,
    18.942628019707));
#1620 = SEAM_CURVE('',#1621,(#1625,#1637),.PCURVE_S1.);
#1621 = LINE('',#1622,#1623);
#1622 = CARTESIAN_POINT('',(-165.5938153325,-14.86518892372,
    18.942628019707));
#1623 = VECTOR('',#1624,1.);
#1624 = DIRECTION('',(-0.766044443119,0.642787609687,7.611881830263E-16)
  );
#1625 = PCURVE('',#1626,#1631);
#1626 = CYLINDRICAL_SURFACE('',#1627,0.85);
#1627 = AXIS2_PLACEMENT_3D('',#1628,#1629,#1630);
#1628 = CARTESIAN_POINT('',(-165.0474458643,-14.21405114707,
    18.942628019707));
#1629 = DIRECTION('',(-0.766044443119,0.642787609687,7.611881830263E-16)
  );
#1630 = DIRECTION('',(0.642787609687,0.766044443119,-5.612384703135E-16)
  );
#1631 = DEFINITIONAL_REPRESENTATION('',(#1632),#1636);
#1632 = LINE('',#1633,#1634);
#1633 = CARTESIAN_POINT('',(3.14159265359,5.612928743383E-14));
#1634 = VECTOR('',#1635,1.);
#1635 = DIRECTION('',(0.,1.));
#1636 = ( GEOMETRIC_REPRESENTATION_CONTEXT(2) 
PARAMETRIC_REPRESENTATION_CONTEXT() REPRESENTATION_CONTEXT('2D SPACE',''
  ) );
#1637 = PCURVE('',#1626,#1638);
#1638 = DEFINITIONAL_REPRESENTATION('',(#1639),#1643);
#1639 = LINE('',#1640,#1641);
#1640 = CARTESIAN_POINT('',(-3.14159265359,5.612928743383E-14));
#1641 = VECTOR('',#1642,1.);
#1642 = DIRECTION('',(0.,1.));
#1643 = ( GEOMETRIC_REPRESENTATION_CONTEXT(2) 
PARAMETRIC_REPRESENTATION_CONTEXT() REPRESENTATION_CONTEXT('2D SPACE',''
  ) );
#1644 = ORIENTED_EDGE('',*,*,#1645,.T.);
#1645 = EDGE_CURVE('',#1618,#1618,#1646,.T.);
#1646 = SURFACE_CURVE('',#1647,(#1652,#1659),.PCURVE_S1.);
#1647 = CIRCLE('',#1648,0.85);
#1648 = AXIS2_PLACEMENT_3D('',#1649,#1650,#1651);
#1649 = CARTESIAN_POINT('',(-166.5795347505,-12.9284759277,
    18.942628019707));
#1650 = DIRECTION('',(0.766044443119,-0.642787609687,-7.799743079183E-15
    ));
#1651 = DIRECTION('',(0.642787609687,0.766044443119,-5.612384703135E-16)
  );
#1652 = PCURVE('',#1626,#1653);
#1653 = DEFINITIONAL_REPRESENTATION('',(#1654),#1658);
#1654 = LINE('',#1655,#1656);
#1655 = CARTESIAN_POINT('',(6.28318530718,2.000000000002));
#1656 = VECTOR('',#1657,1.);
#1657 = DIRECTION('',(-1.,0.));
#1658 = ( GEOMETRIC_REPRESENTATION_CONTEXT(2) 
PARAMETRIC_REPRESENTATION_CONTEXT() REPRESENTATION_CONTEXT('2D SPACE',''
  ) );
#1659 = PCURVE('',#1393,#1660);
#1660 = DEFINITIONAL_REPRESENTATION('',(#1661),#1665);
#1661 = CIRCLE('',#1662,0.85);
#1662 = AXIS2_PLACEMENT_2D('',#1663,#1664);
#1663 = CARTESIAN_POINT('',(-17.15,1.399769190149E-12));
#1664 = DIRECTION('',(1.,-1.101674905962E-15));
#1665 = ( GEOMETRIC_REPRESENTATION_CONTEXT(2) 
PARAMETRIC_REPRESENTATION_CONTEXT() REPRESENTATION_CONTEXT('2D SPACE',''
  ) );
#1666 = ORIENTED_EDGE('',*,*,#1615,.F.);
#1667 = ORIENTED_EDGE('',*,*,#1668,.T.);
#1668 = EDGE_CURVE('',#1616,#1616,#1669,.T.);
#1669 = SURFACE_CURVE('',#1670,(#1675,#1682),.PCURVE_S1.);
#1670 = CIRCLE('',#1671,0.85);
#1671 = AXIS2_PLACEMENT_3D('',#1672,#1673,#1674);
#1672 = CARTESIAN_POINT('',(-165.0474458643,-14.21405114707,
    18.942628019707));
#1673 = DIRECTION('',(-0.766044443119,0.642787609687,7.799743079183E-15)
  );
#1674 = DIRECTION('',(0.642787609687,0.766044443119,-5.612384703135E-16)
  );
#1675 = PCURVE('',#1626,#1676);
#1676 = DEFINITIONAL_REPRESENTATION('',(#1677),#1681);
#1677 = LINE('',#1678,#1679);
#1678 = CARTESIAN_POINT('',(-6.28318530718,1.993072373807E-12));
#1679 = VECTOR('',#1680,1.);
#1680 = DIRECTION('',(1.,0.));
#1681 = ( GEOMETRIC_REPRESENTATION_CONTEXT(2) 
PARAMETRIC_REPRESENTATION_CONTEXT() REPRESENTATION_CONTEXT('2D SPACE',''
  ) );
#1682 = PCURVE('',#1339,#1683);
#1683 = DEFINITIONAL_REPRESENTATION('',(#1684),#1692);
#1684 = ( BOUNDED_CURVE() B_SPLINE_CURVE(2,(#1685,#1686,#1687,#1688,
#1689,#1690,#1691),.UNSPECIFIED.,.T.,.F.) B_SPLINE_CURVE_WITH_KNOTS((1,2
    ,2,2,2,1),(-2.094395102393,0.,2.094395102393,4.188790204786,
6.28318530718,8.377580409573),.UNSPECIFIED.) CURVE() 
GEOMETRIC_REPRESENTATION_ITEM() RATIONAL_B_SPLINE_CURVE((1.,0.5,1.,0.5,
1.,0.5,1.)) REPRESENTATION_ITEM('') );
#1685 = CARTESIAN_POINT('',(-16.3,1.398832766479E-12));
#1686 = CARTESIAN_POINT('',(-16.3,-1.472243186432));
#1687 = CARTESIAN_POINT('',(-17.575,-0.736121593215));
#1688 = CARTESIAN_POINT('',(-18.85,1.401433847533E-12));
#1689 = CARTESIAN_POINT('',(-17.575,0.736121593218));
#1690 = CARTESIAN_POINT('',(-16.3,1.472243186435));
#1691 = CARTESIAN_POINT('',(-16.3,1.398832766479E-12));
#1692 = ( GEOMETRIC_REPRESENTATION_CONTEXT(2) 
PARAMETRIC_REPRESENTATION_CONTEXT() REPRESENTATION_CONTEXT('2D SPACE',''
  ) );
#1693 = ADVANCED_FACE('',(#1694),#1708,.F.);
#1694 = FACE_BOUND('',#1695,.F.);
#1695 = EDGE_LOOP('',(#1696,#1726,#1748,#1749));
#1696 = ORIENTED_EDGE('',*,*,#1697,.T.);
#1697 = EDGE_CURVE('',#1698,#1700,#1702,.T.);
#1698 = VERTEX_POINT('',#1699);
#1699 = CARTESIAN_POINT('',(-157.2375764066,-4.90661116318,
    18.942628019707));
#1700 = VERTEX_POINT('',#1701);
#1701 = CARTESIAN_POINT('',(-158.7696652928,-3.621035943806,
    18.942628019707));
#1702 = SEAM_CURVE('',#1703,(#1707,#1719),.PCURVE_S1.);
#1703 = LINE('',#1704,#1705);
#1704 = CARTESIAN_POINT('',(-157.2375764066,-4.90661116318,
    18.942628019707));
#1705 = VECTOR('',#1706,1.);
#1706 = DIRECTION('',(-0.766044443119,0.642787609687,7.611881830263E-16)
  );
#1707 = PCURVE('',#1708,#1713);
#1708 = CYLINDRICAL_SURFACE('',#1709,0.85);
#1709 = AXIS2_PLACEMENT_3D('',#1710,#1711,#1712);
#1710 = CARTESIAN_POINT('',(-156.6912069384,-4.255473386529,
    18.942628019707));
#1711 = DIRECTION('',(-0.766044443119,0.642787609687,7.611881830263E-16)
  );
#1712 = DIRECTION('',(0.642787609687,0.766044443119,-5.612384703135E-16)
  );
#1713 = DEFINITIONAL_REPRESENTATION('',(#1714),#1718);
#1714 = LINE('',#1715,#1716);
#1715 = CARTESIAN_POINT('',(3.14159265359,7.105427357601E-15));
#1716 = VECTOR('',#1717,1.);
#1717 = DIRECTION('',(0.,1.));
#1718 = ( GEOMETRIC_REPRESENTATION_CONTEXT(2) 
PARAMETRIC_REPRESENTATION_CONTEXT() REPRESENTATION_CONTEXT('2D SPACE',''
  ) );
#1719 = PCURVE('',#1708,#1720);
#1720 = DEFINITIONAL_REPRESENTATION('',(#1721),#1725);
#1721 = LINE('',#1722,#1723);
#1722 = CARTESIAN_POINT('',(-3.14159265359,7.105427357601E-15));
#1723 = VECTOR('',#1724,1.);
#1724 = DIRECTION('',(0.,1.));
#1725 = ( GEOMETRIC_REPRESENTATION_CONTEXT(2) 
PARAMETRIC_REPRESENTATION_CONTEXT() REPRESENTATION_CONTEXT('2D SPACE',''
  ) );
#1726 = ORIENTED_EDGE('',*,*,#1727,.T.);
#1727 = EDGE_CURVE('',#1700,#1700,#1728,.T.);
#1728 = SURFACE_CURVE('',#1729,(#1734,#1741),.PCURVE_S1.);
#1729 = CIRCLE('',#1730,0.85);
#1730 = AXIS2_PLACEMENT_3D('',#1731,#1732,#1733);
#1731 = CARTESIAN_POINT('',(-158.2232958246,-2.969898167155,
    18.942628019707));
#1732 = DIRECTION('',(0.766044443119,-0.642787609687,-7.799743079183E-15
    ));
#1733 = DIRECTION('',(0.642787609687,0.766044443119,-5.612384703135E-16)
  );
#1734 = PCURVE('',#1708,#1735);
#1735 = DEFINITIONAL_REPRESENTATION('',(#1736),#1740);
#1736 = LINE('',#1737,#1738);
#1737 = CARTESIAN_POINT('',(6.28318530718,2.000000000002));
#1738 = VECTOR('',#1739,1.);
#1739 = DIRECTION('',(-1.,0.));
#1740 = ( GEOMETRIC_REPRESENTATION_CONTEXT(2) 
PARAMETRIC_REPRESENTATION_CONTEXT() REPRESENTATION_CONTEXT('2D SPACE',''
  ) );
#1741 = PCURVE('',#1393,#1742);
#1742 = DEFINITIONAL_REPRESENTATION('',(#1743),#1747);
#1743 = CIRCLE('',#1744,0.85);
#1744 = AXIS2_PLACEMENT_2D('',#1745,#1746);
#1745 = CARTESIAN_POINT('',(-4.150000000002,1.399769189617E-12));
#1746 = DIRECTION('',(1.,-1.101674905962E-15));
#1747 = ( GEOMETRIC_REPRESENTATION_CONTEXT(2) 
PARAMETRIC_REPRESENTATION_CONTEXT() REPRESENTATION_CONTEXT('2D SPACE',''
  ) );
#1748 = ORIENTED_EDGE('',*,*,#1697,.F.);
#1749 = ORIENTED_EDGE('',*,*,#1750,.T.);
#1750 = EDGE_CURVE('',#1698,#1698,#1751,.T.);
#1751 = SURFACE_CURVE('',#1752,(#1757,#1764),.PCURVE_S1.);
#1752 = CIRCLE('',#1753,0.85);
#1753 = AXIS2_PLACEMENT_3D('',#1754,#1755,#1756);
#1754 = CARTESIAN_POINT('',(-156.6912069384,-4.255473386528,
    18.942628019707));
#1755 = DIRECTION('',(-0.766044443119,0.642787609687,7.799743079183E-15)
  );
#1756 = DIRECTION('',(0.642787609687,0.766044443119,-5.612384703135E-16)
  );
#1757 = PCURVE('',#1708,#1758);
#1758 = DEFINITIONAL_REPRESENTATION('',(#1759),#1763);
#1759 = LINE('',#1760,#1761);
#1760 = CARTESIAN_POINT('',(-6.28318530718,2.049915792668E-12));
#1761 = VECTOR('',#1762,1.);
#1762 = DIRECTION('',(1.,0.));
#1763 = ( GEOMETRIC_REPRESENTATION_CONTEXT(2) 
PARAMETRIC_REPRESENTATION_CONTEXT() REPRESENTATION_CONTEXT('2D SPACE',''
  ) );
#1764 = PCURVE('',#1339,#1765);
#1765 = DEFINITIONAL_REPRESENTATION('',(#1766),#1774);
#1766 = ( BOUNDED_CURVE() B_SPLINE_CURVE(2,(#1767,#1768,#1769,#1770,
#1771,#1772,#1773),.UNSPECIFIED.,.T.,.F.) B_SPLINE_CURVE_WITH_KNOTS((1,2
    ,2,2,2,1),(-2.094395102393,0.,2.094395102393,4.188790204786,
6.28318530718,8.377580409573),.UNSPECIFIED.) CURVE() 
GEOMETRIC_REPRESENTATION_ITEM() RATIONAL_B_SPLINE_CURVE((1.,0.5,1.,0.5,
1.,0.5,1.)) REPRESENTATION_ITEM('') );
#1767 = CARTESIAN_POINT('',(-3.300000000002,1.398832765947E-12));
#1768 = CARTESIAN_POINT('',(-3.300000000002,-1.472243186432));
#1769 = CARTESIAN_POINT('',(-4.575000000002,-0.736121593215));
#1770 = CARTESIAN_POINT('',(-5.850000000002,1.401433847001E-12));
#1771 = CARTESIAN_POINT('',(-4.575000000002,0.736121593218));
#1772 = CARTESIAN_POINT('',(-3.300000000002,1.472243186435));
#1773 = CARTESIAN_POINT('',(-3.300000000002,1.398832765947E-12));
#1774 = ( GEOMETRIC_REPRESENTATION_CONTEXT(2) 
PARAMETRIC_REPRESENTATION_CONTEXT() REPRESENTATION_CONTEXT('2D SPACE',''
  ) );
#1775 = ADVANCED_FACE('',(#1776,#1852,#1855,#1858,#1861),#1393,.F.);
#1776 = FACE_BOUND('',#1777,.T.);
#1777 = EDGE_LOOP('',(#1778,#1779,#1802,#1831));
#1778 = ORIENTED_EDGE('',*,*,#1375,.F.);
#1779 = ORIENTED_EDGE('',*,*,#1780,.F.);
#1780 = EDGE_CURVE('',#1781,#1376,#1783,.T.);
#1781 = VERTEX_POINT('',#1782);
#1782 = CARTESIAN_POINT('',(-166.5795347505,-12.9284759277,
    14.942628019705));
#1783 = SURFACE_CURVE('',#1784,(#1788,#1795),.PCURVE_S1.);
#1784 = LINE('',#1785,#1786);
#1785 = CARTESIAN_POINT('',(-161.0676309975,-6.359644827954,
    14.942628019705));
#1786 = VECTOR('',#1787,1.);
#1787 = DIRECTION('',(0.642787609687,0.766044443119,4.84925284417E-16));
#1788 = PCURVE('',#1393,#1789);
#1789 = DEFINITIONAL_REPRESENTATION('',(#1790),#1794);
#1790 = LINE('',#1791,#1792);
#1791 = CARTESIAN_POINT('',(-8.575,-4.));
#1792 = VECTOR('',#1793,1.);
#1793 = DIRECTION('',(1.,-5.551115123126E-17));
#1794 = ( GEOMETRIC_REPRESENTATION_CONTEXT(2) 
PARAMETRIC_REPRESENTATION_CONTEXT() REPRESENTATION_CONTEXT('2D SPACE',''
  ) );
#1795 = PCURVE('',#296,#1796);
#1796 = DEFINITIONAL_REPRESENTATION('',(#1797),#1801);
#1797 = LINE('',#1798,#1799);
#1798 = CARTESIAN_POINT('',(8.575,1.));
#1799 = VECTOR('',#1800,1.);
#1800 = DIRECTION('',(1.,1.387778780781E-15));
#1801 = ( GEOMETRIC_REPRESENTATION_CONTEXT(2) 
PARAMETRIC_REPRESENTATION_CONTEXT() REPRESENTATION_CONTEXT('2D SPACE',''
  ) );
#1802 = ORIENTED_EDGE('',*,*,#1803,.F.);
#1803 = EDGE_CURVE('',#1804,#1781,#1806,.T.);
#1804 = VERTEX_POINT('',#1805);
#1805 = CARTESIAN_POINT('',(-166.5795347505,-12.9284759277,
    22.942628019705));
#1806 = SURFACE_CURVE('',#1807,(#1812,#1819),.PCURVE_S1.);
#1807 = CIRCLE('',#1808,4.);
#1808 = AXIS2_PLACEMENT_3D('',#1809,#1810,#1811);
#1809 = CARTESIAN_POINT('',(-166.5795347505,-12.9284759277,
    18.942628019705));
#1810 = DIRECTION('',(0.766044443119,-0.642787609687,-7.799743079183E-15
    ));
#1811 = DIRECTION('',(0.642787609687,0.766044443119,5.404364356482E-16)
  );
#1812 = PCURVE('',#1393,#1813);
#1813 = DEFINITIONAL_REPRESENTATION('',(#1814),#1818);
#1814 = CIRCLE('',#1815,4.);
#1815 = AXIS2_PLACEMENT_2D('',#1816,#1817);
#1816 = CARTESIAN_POINT('',(-17.15,7.015353787865E-22));
#1817 = DIRECTION('',(1.,-8.677469957431E-30));
#1818 = ( GEOMETRIC_REPRESENTATION_CONTEXT(2) 
PARAMETRIC_REPRESENTATION_CONTEXT() REPRESENTATION_CONTEXT('2D SPACE',''
  ) );
#1819 = PCURVE('',#1820,#1825);
#1820 = CYLINDRICAL_SURFACE('',#1821,4.);
#1821 = AXIS2_PLACEMENT_3D('',#1822,#1823,#1824);
#1822 = CARTESIAN_POINT('',(-167.3455791937,-12.28568831801,
    18.942628019705));
#1823 = DIRECTION('',(0.766044443119,-0.642787609687,-8.162675013861E-15
    ));
#1824 = DIRECTION('',(-0.642787609687,-0.766044443119,
    -4.179717557335E-16));
#1825 = DEFINITIONAL_REPRESENTATION('',(#1826),#1830);
#1826 = LINE('',#1827,#1828);
#1827 = CARTESIAN_POINT('',(3.14159265359,1.));
#1828 = VECTOR('',#1829,1.);
#1829 = DIRECTION('',(1.,1.130863886743E-15));
#1830 = ( GEOMETRIC_REPRESENTATION_CONTEXT(2) 
PARAMETRIC_REPRESENTATION_CONTEXT() REPRESENTATION_CONTEXT('2D SPACE',''
  ) );
#1831 = ORIENTED_EDGE('',*,*,#1832,.F.);
#1832 = EDGE_CURVE('',#1378,#1804,#1833,.T.);
#1833 = SURFACE_CURVE('',#1834,(#1838,#1845),.PCURVE_S1.);
#1834 = LINE('',#1835,#1836);
#1835 = CARTESIAN_POINT('',(-148.2118788037,8.961244034425,
    22.942628019705));
#1836 = VECTOR('',#1837,1.);
#1837 = DIRECTION('',(-0.642787609687,-0.766044443119,-4.84925284417E-16
    ));
#1838 = PCURVE('',#1393,#1839);
#1839 = DEFINITIONAL_REPRESENTATION('',(#1840),#1844);
#1840 = LINE('',#1841,#1842);
#1841 = CARTESIAN_POINT('',(11.425,4.));
#1842 = VECTOR('',#1843,1.);
#1843 = DIRECTION('',(-1.,5.551115123126E-17));
#1844 = ( GEOMETRIC_REPRESENTATION_CONTEXT(2) 
PARAMETRIC_REPRESENTATION_CONTEXT() REPRESENTATION_CONTEXT('2D SPACE',''
  ) );
#1845 = PCURVE('',#242,#1846);
#1846 = DEFINITIONAL_REPRESENTATION('',(#1847),#1851);
#1847 = LINE('',#1848,#1849);
#1848 = CARTESIAN_POINT('',(11.425,1.));
#1849 = VECTOR('',#1850,1.);
#1850 = DIRECTION('',(1.,-1.387778780781E-15));
#1851 = ( GEOMETRIC_REPRESENTATION_CONTEXT(2) 
PARAMETRIC_REPRESENTATION_CONTEXT() REPRESENTATION_CONTEXT('2D SPACE',''
  ) );
#1852 = FACE_BOUND('',#1853,.T.);
#1853 = EDGE_LOOP('',(#1854));
#1854 = ORIENTED_EDGE('',*,*,#1481,.T.);
#1855 = FACE_BOUND('',#1856,.T.);
#1856 = EDGE_LOOP('',(#1857));
#1857 = ORIENTED_EDGE('',*,*,#1563,.T.);
#1858 = FACE_BOUND('',#1859,.T.);
#1859 = EDGE_LOOP('',(#1860));
#1860 = ORIENTED_EDGE('',*,*,#1645,.T.);
#1861 = FACE_BOUND('',#1862,.T.);
#1862 = EDGE_LOOP('',(#1863));
#1863 = ORIENTED_EDGE('',*,*,#1727,.T.);
#1864 = ADVANCED_FACE('',(#1865),#296,.T.);
#1865 = FACE_BOUND('',#1866,.T.);
#1866 = EDGE_LOOP('',(#1867,#1868,#1869,#1870,#1871,#1872,#1873,#1896));
#1867 = ORIENTED_EDGE('',*,*,#1780,.T.);
#1868 = ORIENTED_EDGE('',*,*,#1427,.F.);
#1869 = ORIENTED_EDGE('',*,*,#1224,.T.);
#1870 = ORIENTED_EDGE('',*,*,#282,.T.);
#1871 = ORIENTED_EDGE('',*,*,#1199,.F.);
#1872 = ORIENTED_EDGE('',*,*,#1351,.F.);
#1873 = ORIENTED_EDGE('',*,*,#1874,.F.);
#1874 = EDGE_CURVE('',#1875,#1324,#1877,.T.);
#1875 = VERTEX_POINT('',#1876);
#1876 = CARTESIAN_POINT('',(-165.0474458643,-14.21405114707,
    14.942628019705));
#1877 = SURFACE_CURVE('',#1878,(#1882,#1889),.PCURVE_S1.);
#1878 = LINE('',#1879,#1880);
#1879 = CARTESIAN_POINT('',(-148.2461104784,5.809000659489,
    14.942628019706));
#1880 = VECTOR('',#1881,1.);
#1881 = DIRECTION('',(0.642787609687,0.766044443119,3.269399493865E-16)
  );
#1882 = PCURVE('',#296,#1883);
#1883 = DEFINITIONAL_REPRESENTATION('',(#1884),#1888);
#1884 = LINE('',#1885,#1886);
#1885 = CARTESIAN_POINT('',(26.138237782965,3.000000000002));
#1886 = VECTOR('',#1887,1.);
#1887 = DIRECTION('',(1.,7.105427357601E-15));
#1888 = ( GEOMETRIC_REPRESENTATION_CONTEXT(2) 
PARAMETRIC_REPRESENTATION_CONTEXT() REPRESENTATION_CONTEXT('2D SPACE',''
  ) );
#1889 = PCURVE('',#1339,#1890);
#1890 = DEFINITIONAL_REPRESENTATION('',(#1891),#1895);
#1891 = LINE('',#1892,#1893);
#1892 = CARTESIAN_POINT('',(8.988237782965,-4.));
#1893 = VECTOR('',#1894,1.);
#1894 = DIRECTION('',(1.,-2.134964862617E-16));
#1895 = ( GEOMETRIC_REPRESENTATION_CONTEXT(2) 
PARAMETRIC_REPRESENTATION_CONTEXT() REPRESENTATION_CONTEXT('2D SPACE',''
  ) );
#1896 = ORIENTED_EDGE('',*,*,#1897,.F.);
#1897 = EDGE_CURVE('',#1781,#1875,#1898,.T.);
#1898 = SURFACE_CURVE('',#1899,(#1903,#1910),.PCURVE_S1.);
#1899 = LINE('',#1900,#1901);
#1900 = CARTESIAN_POINT('',(-167.3455791937,-12.28568831801,
    14.942628019705));
#1901 = VECTOR('',#1902,1.);
#1902 = DIRECTION('',(0.766044443119,-0.642787609687,-8.162675013861E-15
    ));
#1903 = PCURVE('',#296,#1904);
#1904 = DEFINITIONAL_REPRESENTATION('',(#1905),#1909);
#1905 = LINE('',#1906,#1907);
#1906 = CARTESIAN_POINT('',(0.,0.));
#1907 = VECTOR('',#1908,1.);
#1908 = DIRECTION('',(4.108647520384E-31,1.));
#1909 = ( GEOMETRIC_REPRESENTATION_CONTEXT(2) 
PARAMETRIC_REPRESENTATION_CONTEXT() REPRESENTATION_CONTEXT('2D SPACE',''
  ) );
#1910 = PCURVE('',#1820,#1911);
#1911 = DEFINITIONAL_REPRESENTATION('',(#1912),#1916);
#1912 = LINE('',#1913,#1914);
#1913 = CARTESIAN_POINT('',(7.853981633974,1.787459069647E-14));
#1914 = VECTOR('',#1915,1.);
#1915 = DIRECTION('',(0.,1.));
#1916 = ( GEOMETRIC_REPRESENTATION_CONTEXT(2) 
PARAMETRIC_REPRESENTATION_CONTEXT() REPRESENTATION_CONTEXT('2D SPACE',''
  ) );
#1917 = ADVANCED_FACE('',(#1918,#1967,#1970,#1973,#1976),#1339,.T.);
#1918 = FACE_BOUND('',#1919,.T.);
#1919 = EDGE_LOOP('',(#1920,#1943,#1965,#1966));
#1920 = ORIENTED_EDGE('',*,*,#1921,.F.);
#1921 = EDGE_CURVE('',#1922,#1301,#1924,.T.);
#1922 = VERTEX_POINT('',#1923);
#1923 = CARTESIAN_POINT('',(-165.0474458643,-14.21405114707,
    22.942628019705));
#1924 = SURFACE_CURVE('',#1925,(#1929,#1936),.PCURVE_S1.);
#1925 = LINE('',#1926,#1927);
#1926 = CARTESIAN_POINT('',(-148.2461104784,5.809000659489,
    22.942628019706));
#1927 = VECTOR('',#1928,1.);
#1928 = DIRECTION('',(0.642787609687,0.766044443119,3.269399493865E-16)
  );
#1929 = PCURVE('',#1339,#1930);
#1930 = DEFINITIONAL_REPRESENTATION('',(#1931),#1935);
#1931 = LINE('',#1932,#1933);
#1932 = CARTESIAN_POINT('',(8.988237782965,4.));
#1933 = VECTOR('',#1934,1.);
#1934 = DIRECTION('',(1.,-2.134964862617E-16));
#1935 = ( GEOMETRIC_REPRESENTATION_CONTEXT(2) 
PARAMETRIC_REPRESENTATION_CONTEXT() REPRESENTATION_CONTEXT('2D SPACE',''
  ) );
#1936 = PCURVE('',#242,#1937);
#1937 = DEFINITIONAL_REPRESENTATION('',(#1938),#1942);
#1938 = LINE('',#1939,#1940);
#1939 = CARTESIAN_POINT('',(13.861762217035,3.000000000002));
#1940 = VECTOR('',#1941,1.);
#1941 = DIRECTION('',(-1.,7.105427357601E-15));
#1942 = ( GEOMETRIC_REPRESENTATION_CONTEXT(2) 
PARAMETRIC_REPRESENTATION_CONTEXT() REPRESENTATION_CONTEXT('2D SPACE',''
  ) );
#1943 = ORIENTED_EDGE('',*,*,#1944,.T.);
#1944 = EDGE_CURVE('',#1922,#1875,#1945,.T.);
#1945 = SURFACE_CURVE('',#1946,(#1951,#1958),.PCURVE_S1.);
#1946 = CIRCLE('',#1947,4.);
#1947 = AXIS2_PLACEMENT_3D('',#1948,#1949,#1950);
#1948 = CARTESIAN_POINT('',(-165.0474458643,-14.21405114707,
    18.942628019705));
#1949 = DIRECTION('',(0.766044443119,-0.642787609687,-7.799743079183E-15
    ));
#1950 = DIRECTION('',(0.642787609687,0.766044443119,5.404364356482E-16)
  );
#1951 = PCURVE('',#1339,#1952);
#1952 = DEFINITIONAL_REPRESENTATION('',(#1953),#1957);
#1953 = CIRCLE('',#1954,4.);
#1954 = AXIS2_PLACEMENT_2D('',#1955,#1956);
#1955 = CARTESIAN_POINT('',(-17.15,7.015354292736E-22));
#1956 = DIRECTION('',(1.,-1.183291357832E-30));
#1957 = ( GEOMETRIC_REPRESENTATION_CONTEXT(2) 
PARAMETRIC_REPRESENTATION_CONTEXT() REPRESENTATION_CONTEXT('2D SPACE',''
  ) );
#1958 = PCURVE('',#1820,#1959);
#1959 = DEFINITIONAL_REPRESENTATION('',(#1960),#1964);
#1960 = LINE('',#1961,#1962);
#1961 = CARTESIAN_POINT('',(3.14159265359,3.));
#1962 = VECTOR('',#1963,1.);
#1963 = DIRECTION('',(1.,1.130863886743E-15));
#1964 = ( GEOMETRIC_REPRESENTATION_CONTEXT(2) 
PARAMETRIC_REPRESENTATION_CONTEXT() REPRESENTATION_CONTEXT('2D SPACE',''
  ) );
#1965 = ORIENTED_EDGE('',*,*,#1874,.T.);
#1966 = ORIENTED_EDGE('',*,*,#1323,.F.);
#1967 = FACE_BOUND('',#1968,.T.);
#1968 = EDGE_LOOP('',(#1969));
#1969 = ORIENTED_EDGE('',*,*,#1504,.T.);
#1970 = FACE_BOUND('',#1971,.T.);
#1971 = EDGE_LOOP('',(#1972));
#1972 = ORIENTED_EDGE('',*,*,#1586,.T.);
#1973 = FACE_BOUND('',#1974,.T.);
#1974 = EDGE_LOOP('',(#1975));
#1975 = ORIENTED_EDGE('',*,*,#1668,.T.);
#1976 = FACE_BOUND('',#1977,.T.);
#1977 = EDGE_LOOP('',(#1978));
#1978 = ORIENTED_EDGE('',*,*,#1750,.T.);
#1979 = ADVANCED_FACE('',(#1980),#242,.T.);
#1980 = FACE_BOUND('',#1981,.T.);
#1981 = EDGE_LOOP('',(#1982,#1983,#2004,#2005,#2006,#2007,#2008,#2009));
#1982 = ORIENTED_EDGE('',*,*,#1832,.T.);
#1983 = ORIENTED_EDGE('',*,*,#1984,.T.);
#1984 = EDGE_CURVE('',#1804,#1922,#1985,.T.);
#1985 = SURFACE_CURVE('',#1986,(#1990,#1997),.PCURVE_S1.);
#1986 = LINE('',#1987,#1988);
#1987 = CARTESIAN_POINT('',(-167.3455791937,-12.28568831801,
    22.942628019705));
#1988 = VECTOR('',#1989,1.);
#1989 = DIRECTION('',(0.766044443119,-0.642787609687,-8.162675013861E-15
    ));
#1990 = PCURVE('',#242,#1991);
#1991 = DEFINITIONAL_REPRESENTATION('',(#1992),#1996);
#1992 = LINE('',#1993,#1994);
#1993 = CARTESIAN_POINT('',(40.,-4.263256414561E-14));
#1994 = VECTOR('',#1995,1.);
#1995 = DIRECTION('',(-4.108647520384E-31,1.));
#1996 = ( GEOMETRIC_REPRESENTATION_CONTEXT(2) 
PARAMETRIC_REPRESENTATION_CONTEXT() REPRESENTATION_CONTEXT('2D SPACE',''
  ) );
#1997 = PCURVE('',#1820,#1998);
#1998 = DEFINITIONAL_REPRESENTATION('',(#1999),#2003);
#1999 = LINE('',#2000,#2001);
#2000 = CARTESIAN_POINT('',(4.712388980385,-1.409983241274E-14));
#2001 = VECTOR('',#2002,1.);
#2002 = DIRECTION('',(0.,1.));
#2003 = ( GEOMETRIC_REPRESENTATION_CONTEXT(2) 
PARAMETRIC_REPRESENTATION_CONTEXT() REPRESENTATION_CONTEXT('2D SPACE',''
  ) );
#2004 = ORIENTED_EDGE('',*,*,#1921,.T.);
#2005 = ORIENTED_EDGE('',*,*,#1300,.T.);
#2006 = ORIENTED_EDGE('',*,*,#1148,.T.);
#2007 = ORIENTED_EDGE('',*,*,#226,.T.);
#2008 = ORIENTED_EDGE('',*,*,#1275,.F.);
#2009 = ORIENTED_EDGE('',*,*,#1405,.F.);
#2010 = ADVANCED_FACE('',(#2011),#1820,.T.);
#2011 = FACE_BOUND('',#2012,.T.);
#2012 = EDGE_LOOP('',(#2013,#2014,#2015,#2016));
#2013 = ORIENTED_EDGE('',*,*,#1803,.T.);
#2014 = ORIENTED_EDGE('',*,*,#1897,.T.);
#2015 = ORIENTED_EDGE('',*,*,#1944,.F.);
#2016 = ORIENTED_EDGE('',*,*,#1984,.F.);
#2017 = ( GEOMETRIC_REPRESENTATION_CONTEXT(3) 
GLOBAL_UNCERTAINTY_ASSIGNED_CONTEXT((#2021)) 
GLOBAL_UNIT_ASSIGNED_CONTEXT((#2018,#2019,#2020)) REPRESENTATION_CONTEXT
('Context #1','3D Context with UNIT and UNCERTAINTY') );
#2018 = ( LENGTH_UNIT() NAMED_UNIT(*) SI_UNIT(.MILLI.,.METRE.) );
#2019 = ( NAMED_UNIT(*) PLANE_ANGLE_UNIT() SI_UNIT($,.RADIAN.) );
#2020 = ( NAMED_UNIT(*) SI_UNIT($,.STERADIAN.) SOLID_ANGLE_UNIT() );
#2021 = UNCERTAINTY_MEASURE_WITH_UNIT(LENGTH_MEASURE(1.E-07),#2018,
  'distance_accuracy_value','confusion accuracy');
#2022 = PRODUCT_RELATED_PRODUCT_CATEGORY('part',$,(#7));
ENDSEC;
END-ISO-10303-21;
